,effective_capacity_MW_end
30,69.65498425752787
81,99.01643203634919
132,84.67108420245154
183,78.40210522094283
234,99.01643203634919
285,99.01643203634919
336,75.8013429689334
387,87.18880515647561
438,74.88229453285929
489,99.01643203634919
540,93.79888286354738
591,38.52225301889795
642,99.01643203634919
693,99.01643203634919
744,77.67537251215958
795,77.69199921417363
846,99.01643203634919
897,66.2465843238762
948,90.60503281917744
999,65.05190079117926
1050,99.01643203634919
1101,66.36905044653396
1152,96.47346796274375
1203,54.82996721282185
1254,77.44983080218724
1305,99.01643203634919
1356,48.060738991987584
1407,72.67255910126772
1458,78.89012143344601
1509,99.01643203634919
1560,88.66791868862012
1611,39.91109501438739
1662,99.01643203634919
1713,99.01643203634919
1764,44.10736018210833
1815,99.01643203634919
1866,99.01643203634919
1917,99.01643203634919
1968,99.01643203634919
2019,73.80578483571438
2070,61.55340673755336
2121,99.01643203634919
2172,45.72717570597317
2223,99.01643203634919
2274,64.37473259080369
2325,99.01643203634919
2376,94.6707785041985
2427,99.01643203634919
2478,94.77986716030323
2529,59.238635335703044
2580,99.01643203634919
2631,52.61115345604102
2682,90.64133744730626
2733,99.01643203634919
2784,90.8788630406945
2835,99.01643203634919
2886,99.01643203634919
2937,88.28407950799311
2988,99.01643203634919
3039,89.85098511487132
3090,99.01643203634919
3141,99.01643203634919
3192,68.73005758905246
3243,99.01643203634919
3294,89.92677745734849
3345,82.08900890004021
3396,99.01643203634919
3447,99.01643203634919
3498,99.01643203634919
3549,88.85661236523298
3600,99.01643203634919
3651,99.01643203634919
3702,99.01643203634919
3753,99.01643203634919
3804,93.53383917028
3855,99.01643203634919
3906,79.70120014534601
3957,61.96303521454941
4008,46.4505411666465
4059,63.02417865637105
4110,99.01643203634919
4161,86.55706880974772
4212,38.084798426219194
4263,83.59013419347949
4314,57.868090004067746
4365,99.01643203634919
4416,99.01643203634919
4467,88.57786624477987
4518,99.01643203634919
4569,66.80761544516787
4620,99.01643203634919
4671,99.01643203634919
4722,72.36730897186756
4773,99.01643203634919
4824,99.01643203634919
4875,61.521913659912855
4926,99.01643203634919
4977,82.06836104755072
5028,89.24746488200418
5079,57.705002424935195
5130,49.08319319280077
5181,99.01643203634919
5232,99.01643203634919
5283,48.902569649081094
5334,99.01643203634919
5385,99.01643203634919
5436,99.01643203634919
5487,84.72922528014105
5538,40.43604813260794
5589,83.17192537097279
5640,54.96433890675884
5691,99.01643203634919
5742,99.01643203634919
5793,99.01643203634919
5844,99.01643203634919
5895,49.87648615179178
5946,88.56901124967447
5997,93.66687595130563
6048,99.01643203634919
6099,93.47460541555195
6150,99.01643203634919
6201,73.69056855569868
6252,82.13270205562768
6303,76.03589343904979
6354,92.75967897617748
6405,83.86558504548353
6456,81.0130425917935
6507,73.50112781315977
6558,99.01643203634919
6609,69.47781320561275
6660,92.56231814967433
6711,99.01643203634919
6762,99.01643203634919
6813,29.906647616629865
6864,93.05399171196665
6915,42.985613825405444
6966,84.70557580250413
7017,65.91392320560274
7068,61.76421269075176
7119,88.67249866730054
7170,63.73633245567035
7221,99.01643203634919
7272,99.01643203634919
7323,85.19128845074057
7374,99.01643203634919
7425,80.77418615086353
7476,54.413153034058226
7527,41.8678907366164
7578,99.01643203634919
7629,99.01643203634919
7680,74.79900856322587
7731,77.36574648050792
7782,99.01643203634919
7833,99.01643203634919
7884,91.31663602996153
7935,73.08615394371135
7986,49.34185756950948
8037,57.355533664283115
8088,86.60113262764665
8139,75.65359445234826
8190,99.01643203634919
8241,99.01643203634919
8292,46.15904738772137
8343,91.94206315088701
8394,45.48062240829688
8445,99.01643203634919
8496,79.29195907886692
8547,81.41802274751781
8598,88.740694093564
8649,74.4586830124391
8700,76.21559258639456
8751,99.01643203634919
8802,99.01643203634919
8853,79.55590784973676
8904,91.09144990688552
8955,99.01643203634919
9006,87.28182650933627
9057,92.84198468191263
9108,85.70332259514653
9159,84.2064239229539
9210,89.69599835158284
9261,99.01643203634919
9312,63.12343906956428
9363,77.68767174848834
9414,99.01643203634919
9465,72.76231765698934
9516,11.348893703715593
9567,24.395390987881942
9618,94.4261906727909
9669,99.01643203634919
9720,99.01643203634919
9771,82.1972221604919
9822,99.01643203634919
9873,94.49037424567695
9924,78.62546232540316
9975,54.029632071784064
10026,90.50390102318168
10077,41.17831065700413
10128,99.01643203634919
10179,88.58679335212935
10230,99.01643203634919
10281,90.26042294251616
10332,97.1848484852551
10383,98.62620928889743
10434,99.01643203634919
10485,66.67013778931876
10536,53.11233483997202
10587,54.06892418030274
10638,99.01643203634919
10689,79.81356256602608
10740,99.01643203634919
10791,90.8686492799919
10842,99.01643203634919
10893,99.01643203634919
10944,66.72812808340392
10995,96.22418719451855
11046,79.95141836391177
11097,59.71741013997489
11148,46.04222030010033
11199,89.53999870201464
11250,63.36648412780219
11301,97.77961263327721
11352,90.55297745821336
11403,38.19984828842745
11454,99.01643203634919
11505,71.84989638982505
11556,91.47956982110473
11607,99.01643203634919
11658,99.01643203634919
11709,93.93355035135383
11760,65.26826858762506
11811,99.01643203634919
11862,73.75546397513132
11913,99.01643203634919
11964,99.01643203634919
12015,67.31211990844784
12066,83.00077491938471
12117,42.30436589853445
12168,87.00661794237529
12219,99.01643203634919
12270,31.596029117698492
12321,91.49319031661399
12372,88.7612752353058
12423,92.32203500061833
12474,99.01643203634919
12525,69.32510974682684
12576,91.50505694056422
12627,44.2405832143243
12678,99.01643203634919
12729,95.22741845983161
12780,99.01643203634919
12831,95.51690272683047
12882,56.87165835231313
12933,9.457144471974377
12984,86.24755084298297
13035,33.588913182997324
13086,87.63347702363824
13137,99.01643203634919
13188,49.486911646456974
13239,53.40090120181164
13290,69.93919161266176
13341,98.09606198122651
13392,99.01643203634919
13443,70.09857926344624
13494,64.39951758162874
13545,62.349871303625385
13596,99.01643203634919
13647,56.86043120310102
13698,99.01643203634919
13749,93.84465388996345
13800,90.22600356329559
13851,99.01643203634919
13902,99.01643203634919
13953,85.6530027261496
14004,86.62099413502504
14055,91.71164071144524
14106,65.49786724114844
14157,60.453488706131445
14208,62.7927009354103
14259,99.01643203634919
14310,99.01643203634919
14361,84.46099785726231
14412,99.01643203634919
14463,90.71147214985439
14514,52.164761140379625
14565,99.01643203634919
14616,98.62230802351804
14667,91.42168588856084
14718,99.01643203634919
14769,83.94935631244965
14820,77.60429655036594
14871,99.01643203634919
14922,99.01643203634919
14973,93.41269657066898
15024,97.60823401909747
15075,43.666337102578474
15126,99.01643203634919
15177,99.01643203634919
15228,57.89312787702563
15279,99.01643203634919
15330,99.01643203634919
15381,99.01643203634919
15432,99.01643203634919
15483,99.01643203634919
15534,73.98774308491177
15585,99.01643203634919
15636,99.01643203634919
15687,99.01643203634919
15738,99.01643203634919
15789,99.01643203634919
15840,85.70935508805667
15891,93.60554238962195
15942,94.4498159423296
15993,99.01643203634919
16044,95.09280039168236
16095,99.01643203634919
16146,39.55607880022161
16197,94.61821772532527
16248,99.01643203634919
16299,99.01643203634919
16350,93.02559066357878
16401,99.01643203634919
16452,99.01643203634919
16503,99.01643203634919
16554,94.06321244005227
16605,99.01643203634919
16656,80.22088971329225
16707,36.43208011756127
16758,41.281806731222
16809,39.58061424119638
16860,41.969532899597375
16911,79.13451118929358
16962,92.66584742926663
17013,99.01643203634919
17064,83.45738685140458
17115,99.01643203634919
17166,89.46142537199097
17217,99.01643203634919
17268,95.36935875008972
17319,99.01643203634919
17370,49.31229734354473
17421,80.23941524543568
17472,99.01643203634919
17523,36.361934542792795
17574,93.88504006763442
17625,72.77847415004508
17676,46.12224187892344
17727,99.01643203634919
17778,61.69463354373553
17829,99.01643203634919
17880,59.23886518703079
17931,87.9275672059505
17982,99.01643203634919
18033,53.29775559500293
18084,96.7511067338955
18135,80.05817807107704
18186,99.01643203634919
18237,99.01643203634919
18288,63.92870843711072
18339,67.02003699868725
18390,66.97212552899474
18441,77.17717073754385
18492,94.16736476662983
18543,83.98372506168258
18594,99.01643203634919
18645,99.01643203634919
18696,82.20176395068417
18747,96.94219535484348
18798,87.15571390482683
18849,99.01643203634919
18900,76.10297027523326
18951,99.01643203634919
19002,50.77194708561509
19053,77.56203422810822
19104,99.01643203634919
19155,79.85258124026355
19206,99.01643203634919
19257,99.01643203634919
19308,29.27959953933367
19359,37.90292512989694
19410,99.01643203634919
19461,85.63301364250195
19512,92.33109286347299
19563,84.351880720862
19614,56.30429768112201
19665,94.89913163005296
19716,99.01643203634919
19767,97.45564086953867
19818,99.01643203634919
19869,82.2490284180368
19920,99.01643203634919
19971,91.98507100310579
20022,82.47192877585864
20073,90.51066051467329
20124,99.01643203634919
20175,99.01643203634919
20226,90.88306217747132
20277,99.01643203634919
20328,95.88901029930872
20379,43.89252956851695
20430,99.01643203634919
20481,99.01643203634919
20532,47.39299423272907
20583,84.81085186065795
20634,99.01643203634919
20685,83.6263341236323
20736,99.01643203634919
20787,75.62216354599715
20838,40.2874423883756
20889,81.88509846219917
20940,69.67218844972723
20991,99.01643203634919
21042,99.01643203634919
21093,86.05817875286972
21144,99.01643203634919
21195,97.13642274414572
21246,77.59027835539287
21297,80.34570916381026
21348,99.01643203634919
21399,76.11979764354408
21450,95.43502622069288
21501,99.01643203634919
21552,91.52676607248745
21603,99.01643203634919
21654,97.19460597896084
21705,48.40375744956913
21756,99.01643203634919
21807,99.01643203634919
21858,83.89224553813347
21909,99.01643203634919
21960,95.861986822654
22011,30.4715454825448
22062,23.012343191404387
22113,99.01643203634919
22164,96.89640569143069
22215,64.11419544459714
22266,93.85053587319253
22317,32.18312151302708
22368,78.38322212488367
22419,35.545234319607815
22470,99.01643203634919
22521,99.01643203634919
22572,84.82293827951149
22623,71.33660053241843
22674,63.99647024474537
22725,99.01643203634919
22776,66.46470048483347
22827,87.48702707920104
22878,99.01643203634919
22929,99.01643203634919
22980,99.01643203634919
23031,70.18695490125579
23082,85.77071411804587
23133,99.01643203634919
23184,72.04378536101282
23235,99.01643203634919
23286,51.77273962792486
23337,43.26251176219471
23388,84.99414530901333
23439,99.01643203634919
23490,99.01643203634919
23541,63.226305614342465
23592,99.01643203634919
23643,86.75806876864152
23694,99.01643203634919
23745,99.01643203634919
23796,99.01643203634919
23847,56.26937601174463
23898,73.8183279021846
23949,99.01643203634919
24000,99.01643203634919
24051,99.01643203634919
24102,99.01643203634919
24153,99.01643203634919
24204,43.727094458228414
24255,82.74040608689401
24306,99.01643203634919
24357,83.79103483507318
24408,87.95076412790296
24459,76.86492503605044
24510,79.33044995579687
24561,96.18839851371204
24612,49.7508738754864
24663,99.01643203634919
24714,99.01643203634919
24765,99.01643203634919
24816,73.24349355375584
24867,70.89709814423483
24918,65.6719979710354
24969,99.01643203634919
25020,99.01643203634919
25071,80.0534780194956
25122,99.01643203634919
25173,99.01643203634919
25224,99.01643203634919
25275,99.01643203634919
25326,99.01643203634919
25377,85.5025050289994
25428,59.94908352143205
25479,99.01643203634919
25530,78.9120183028946
25581,24.306270974894705
25632,87.01450470648568
25683,99.01643203634919
25734,88.68406756872972
25785,83.27831738508894
25836,83.2133164533813
25887,91.00847973882003
25938,71.77205726802309
25989,46.50574323964767
26040,99.01643203634919
26091,90.87000846947116
26142,99.01643203634919
26193,99.01643203634919
26244,81.88796122108711
26295,99.01643203634919
26346,80.85276860887373
26397,92.96597957512789
26448,99.01643203634919
26499,99.01643203634919
26550,99.01643203634919
26601,99.01643203634919
26652,68.20582585519182
26703,14.64923421361489
26754,61.464585062535654
26805,56.443435957163004
26856,99.01643203634919
26907,71.10786400468352
26958,53.268621993265825
27009,99.01643203634919
27060,73.81304686178296
27111,59.88320987855582
27162,66.68214238084224
27213,99.01643203634919
27264,96.03732399243013
27315,68.66725901281458
27366,36.45382924250079
27417,82.96417270288002
27468,99.01643203634919
27519,88.85438351205501
27570,46.346626285522746
27621,85.09730164957116
27672,42.066408254971996
27723,49.689732896721324
27774,92.30554871892191
27825,99.01643203634919
27876,95.14547556184641
27927,89.90271931558473
27978,35.70851208185677
28029,99.01643203634919
28080,99.01643203634919
28131,97.5043322335986
28182,85.89109912358256
28233,34.75167455048399
28284,89.76319710193278
28335,99.01643203634919
28386,76.18143463383802
28437,99.01643203634919
28488,87.43740933982176
28539,99.01643203634919
28590,99.01643203634919
28641,99.01643203634919
28692,93.60217829573999
28743,80.89009248550764
28794,96.23803605844957
28845,76.18473576981611
28896,99.01643203634919
28947,99.01643203634919
28998,66.70225704503478
29049,99.01643203634919
29100,77.69701793076625
29151,99.01643203634919
29202,99.01643203634919
29253,99.01643203634919
29304,99.01643203634919
29355,99.01643203634919
29406,95.99323138549147
29457,63.618698471178575
29508,62.929910995693504
29559,86.08456343785448
29610,60.28421002159404
29661,63.58131493682514
29712,99.01643203634919
29763,63.22296062195983
29814,60.593338070676445
29865,92.06821861304844
29916,54.18549741901717
29967,88.81480508421647
30018,80.08130468006142
30069,99.01643203634919
30120,99.01643203634919
30171,99.01643203634919
30222,99.01643203634919
30273,91.51914698562825
30324,99.01643203634919
30375,66.04163900257065
30426,99.01643203634919
30477,71.67850388438367
30528,99.01643203634919
30579,95.33340720401098
30630,35.383204844639465
30681,99.01643203634919
30732,75.89606687668687
30783,95.76788074915922
30834,36.47649033070759
30885,94.77051462811524
30936,32.67759352767694
30987,48.863416437904604
31038,86.73949892003307
31089,89.56926834231925
31140,41.06785183863812
31191,58.93931605773147
31242,99.01643203634919
31293,68.68143120174867
31344,99.01643203634919
31395,99.01643203634919
31446,87.90802375625616
31497,94.87630597647896
31548,87.84474038166346
31599,76.50316811914108
31650,90.02659074763079
31701,93.7276479654306
31752,98.04943502419333
31803,95.86386629034831
31854,70.51429668598746
31905,43.86733550951441
31956,74.82555205133848
32007,99.01643203634919
32058,99.01643203634919
32109,99.01643203634919
32160,79.33255097309971
32211,66.25737738834245
32262,83.16589018469293
32313,99.01643203634919
32364,87.55117283672514
32415,55.68632321287826
32466,94.35571089898768
32517,61.68113373705855
32568,99.01643203634919
32619,89.59745583652824
32670,59.60923988961562
32721,49.09673867981257
32772,83.8284064012144
32823,91.1066193657285
32874,99.01643203634919
32925,99.01643203634919
32976,75.36200691223462
33027,89.0661808215422
33078,99.01643203634919
33129,94.06989787019921
33180,75.84040294562769
33231,84.38468259145014
33282,93.54034778769882
33333,76.40759263163083
33384,94.38978922725742
33435,99.01643203634919
33486,99.01643203634919
33537,99.01643203634919
33588,99.01643203634919
33639,32.08719666114066
33690,64.21673515616575
33741,99.01643203634919
33792,30.663343838345714
33843,99.01643203634919
33894,41.69329236530776
33945,99.01643203634919
33996,73.40229642794877
34047,99.01643203634919
34098,85.40487312983295
34149,55.729983602532414
34200,91.69091350098219
34251,93.28560033540218
34302,93.64613030390362
34353,99.01643203634919
34404,53.493061354358474
34455,40.358800605893194
34506,99.01643203634919
34557,99.01643203634919
34608,49.73083014493396
34659,99.01643203634919
34710,70.3120046585557
34761,86.40777683953662
34812,76.04653395782252
34863,46.681158825465324
34914,83.23603393173647
34965,63.584472870040095
35016,99.01643203634919
35067,99.01643203634919
35118,78.42048839774273
35169,72.05730053321456
35220,94.56230541108962
35271,99.01643203634919
35322,99.01643203634919
35373,99.01643203634919
35424,34.17920465298596
35475,87.96138936057474
35526,83.7659597461932
35577,63.0041830691427
35628,99.01643203634919
35679,99.01643203634919
35730,99.01643203634919
35781,90.10840298212865
35832,95.42190924292328
35883,74.51776432515192
35934,24.583183661684224
35985,99.01643203634919
36036,99.01643203634919
36087,99.01643203634919
36138,95.52640480382578
36189,68.3214361365942
36240,48.30140445668716
36291,82.4106465559921
36342,46.42007802018385
36393,70.10128836605219
36444,79.91811185014699
36495,80.43725494349964
36546,74.90794526725318
36597,93.59236838207183
36648,85.81471380446257
36699,99.01643203634919
36750,99.01643203634919
36801,75.02184441550098
36852,93.73494750026659
36903,99.01643203634919
36954,94.30772356705022
37005,99.01643203634919
37056,35.44049733679332
37107,99.01643203634919
37158,89.45195161535835
37209,40.58211978006535
37260,99.01643203634919
37311,28.51933633560581
37362,86.59397327491051
37413,95.17000197883073
37464,99.01643203634919
37515,79.18830809652714
37566,99.01643203634919
37617,96.22005719153864
37668,73.43166614539209
37719,90.56480506575903
37770,60.714941024795465
37821,41.30971924977057
37872,99.01643203634919
37923,80.80949003597455
37974,42.513595001675235
38025,99.01643203634919
38076,99.01643203634919
38127,93.58482575672818
38178,99.01643203634919
38229,93.24612744963173
38280,67.18922933530249
38331,99.01643203634919
38382,75.213381568707
38433,67.87145815314706
38484,89.76822013196131
38535,94.93076349673662
38586,74.42756751425217
38637,32.25602358368889
38688,99.01643203634919
38739,99.01643203634919
38790,95.1327439995821
38841,58.26985851599901
38892,57.042903830249436
38943,71.16955302724128
38994,96.38191917876796
39045,52.518383977362475
39096,87.67470143100769
39147,42.08703824741614
39198,99.01643203634919
39249,99.01643203634919
39300,99.01643203634919
39351,66.50982043355069
39402,33.88611015945943
39453,99.01643203634919
39504,83.23484581299853
39555,99.01643203634919
39606,99.01643203634919
39657,99.01643203634919
39708,94.78475414616395
39759,98.6227242942423
39810,99.01643203634919
39861,77.45090242582562
39912,99.01643203634919
39963,93.04061696147153
40014,99.01643203634919
40065,99.01643203634919
40116,43.826418701169146
40167,99.01643203634919
40218,56.87596577558783
40269,84.34551528890252
40320,93.34082943921973
40371,95.31109571036433
40422,99.01643203634919
40473,99.01643203634919
40524,43.9367847041117
40575,99.01643203634919
40626,76.07770668233312
40677,58.4589747197949
40728,99.01643203634919
40779,36.672041833317145
40830,62.754513252553565
40881,86.52612927713481
40932,99.01643203634919
40983,99.01643203634919
41034,76.43759458935763
41085,77.30439574172634
41136,99.01643203634919
41187,95.6340093263675
41238,81.47303495655382
41289,64.94533917249413
41340,95.86048076660853
41391,99.01643203634919
41442,99.01643203634919
41493,99.01643203634919
41544,99.01643203634919
41595,99.01643203634919
41646,46.1609787129888
41697,99.01643203634919
41748,99.01643203634919
41799,99.01643203634919
41850,99.01643203634919
41901,90.83204097883004
41952,76.41859087226388
42003,82.62485275125034
42054,76.11763330508853
42105,99.01643203634919
42156,99.01643203634919
42207,99.01643203634919
42258,48.855854591908525
42309,49.50100330678176
42360,77.54178034128105
42411,54.0127548997502
42462,99.01643203634919
42513,99.01643203634919
42564,75.51700246680643
42615,47.482260957884804
42666,80.53529720812723
42717,99.01643203634919
42768,80.30250827142021
42819,99.01643203634919
42870,99.01643203634919
42921,40.742990824549786
42972,99.01643203634919
43023,99.01643203634919
43074,55.71978912798872
43125,60.009794157539545
43176,95.69710595870038
43227,99.01643203634919
43278,64.31267739898959
43329,48.367284347480684
43380,94.2542109600244
43431,99.01643203634919
43482,99.01643203634919
43533,99.01643203634919
43584,52.64800031788009
43635,94.18466346811317
43686,99.01643203634919
43737,89.61769545725794
43788,82.67524692363652
43839,75.19507346250944
43890,99.01643203634919
43941,99.01643203634919
43992,99.01643203634919
44043,99.01643203634919
44094,99.01643203634919
44145,88.28069325845152
44196,99.01643203634919
44247,99.01643203634919
44298,77.04482813705417
44349,99.01643203634919
44400,80.90860965253815
44451,88.10884111087734
44502,99.01643203634919
44553,35.967946340282374
44604,87.026902684695
44655,99.01643203634919
44706,93.75179846518476
44757,99.01643203634919
44808,99.01643203634919
44859,99.01643203634919
44910,84.90504091602551
44961,99.01643203634919
45012,99.01643203634919
45063,99.01643203634919
45114,46.17406268312301
45165,38.57230400630953
45216,92.1583196895987
45267,41.62606838984744
45318,99.01643203634919
45369,99.01643203634919
45420,99.01643203634919
45471,99.01643203634919
45522,90.21648039211057
45573,99.01643203634919
45624,86.25915954660168
45675,99.01643203634919
45726,99.01643203634919
45777,66.24270297716161
45828,99.01643203634919
45879,99.01643203634919
45930,57.289540024873226
45981,93.8236903902314
46032,33.92612775653639
46083,80.64442459425652
46134,99.01643203634919
46185,65.82360288111023
46236,99.01643203634919
46287,43.01736138688742
46338,99.01643203634919
46389,99.01643203634919
46440,33.23609868794167
46491,27.333186480440137
46542,38.75657989159379
46593,50.84183462602901
46644,98.6341649213869
46695,75.42331743698283
46746,86.9039815930574
46797,91.46562328472322
46848,83.80963872067377
46899,99.01643203634919
46950,99.01643203634919
47001,73.14652567155666
47052,62.88770696196693
47103,99.01643203634919
47154,89.95254206955191
47205,90.39067005916232
47256,42.119006223552574
47307,95.48120963786546
47358,99.01643203634919
47409,57.832606509109915
47460,99.01643203634919
47511,93.46830201864591
47562,74.1127813000103
47613,93.5445586553462
47664,47.14464254315338
47715,99.01643203634919
47766,99.01643203634919
47817,89.53927387904379
47868,99.01643203634919
47919,99.01643203634919
47970,57.30670740537333
48021,83.16592663195685
48072,85.17795763960669
48123,84.12252644337423
48174,62.85223070478341
48225,99.01643203634919
48276,73.23247096277471
48327,99.01643203634919
48378,70.45632117519791
48429,99.01643203634919
48480,84.6833185819044
48531,88.97139632045675
48582,99.01643203634919
48633,66.27592014308429
48684,85.2790614663912
48735,99.01643203634919
48786,73.07314116412641
48837,54.99751155290709
48888,99.01643203634919
48939,86.49678147198715
48990,99.01643203634919
49041,55.311235110609246
49092,84.28239347962524
49143,90.97090831620858
49194,99.01643203634919
49245,99.01643203634919
49296,99.01643203634919
49347,77.20067734944196
49398,81.37033904983672
49449,81.97961784958193
49500,48.85559720919044
49551,99.01643203634919
49602,99.01643203634919
49653,89.67240261492232
49704,99.01643203634919
49755,52.8659785707068
49806,99.01643203634919
49857,46.077210103227245
49908,99.01643203634919
49959,99.01643203634919
50010,88.79890261332625
50061,97.2001242330362
50112,99.01643203634919
50163,79.49135730436778
50214,52.70074272641676
50265,99.01643203634919
50316,82.79476848833652
50367,99.01643203634919
50418,86.431543303934
50469,99.01643203634919
50520,45.18077414187447
50571,94.44659711374939
50622,74.3636761407186
50673,99.01643203634919
50724,73.37982077951457
50775,83.97679508070975
50826,59.084834032914074
50877,45.97919544798461
50928,81.26302285046349
50979,99.01643203634919
51030,63.96856570509995
51081,86.03975487263843
51132,73.05025551720281
51183,92.44824783441742
51234,99.01643203634919
51285,89.46130056954435
51336,99.01643203634919
51387,65.27000976546383
51438,99.01643203634919
51489,99.01643203634919
51540,99.01643203634919
51591,99.01643203634919
51642,50.94093240513288
51693,94.52370613537246
51744,73.29918436950268
51795,75.32990112109019
51846,92.06146947007348
51897,70.42880021941642
51948,99.01643203634919
51999,95.58236095179242
52050,69.07101675604132
52101,97.34730584849909
52152,71.50290365858415
52203,87.31544661439817
52254,99.01643203634919
52305,59.259367785268026
52356,50.519154942311296
52407,29.121321786646547
52458,39.36648350147356
52509,87.55714483561323
52560,71.06574702664007
52611,60.825101962367675
52662,55.01904437291017
52713,54.96982606070052
52764,78.92955631640069
52815,76.13256292731597
52866,79.49126982178183
52917,48.19328879666762
52968,63.32459429298441
53019,99.01643203634919
53070,44.71870420143137
53121,99.01643203634919
53172,64.95042933113274
53223,94.38074640287391
53274,51.06302745033058
53325,99.01643203634919
53376,99.01643203634919
53427,99.01643203634919
53478,99.01643203634919
53529,95.3864643559608
53580,50.08080879627745
53631,58.692644708356184
53682,99.01643203634919
53733,99.01643203634919
53784,60.214233863605465
53835,99.01643203634919
53886,81.90819623284736
53937,72.29432736511316
53988,54.01769546159674
54039,99.01643203634919
54090,99.01643203634919
54141,91.62793436871699
54192,80.27430252220765
54243,82.3096912604585
54294,63.540368993042904
54345,29.437293113494494
54396,45.05942721058396
54447,99.01643203634919
54498,70.77169177062231
54549,77.41512349512585
54600,84.78053015575364
54651,99.01643203634919
54702,61.55905858430639
54753,94.35787099602976
54804,60.729478444869734
54855,81.84644614901488
54906,99.01643203634919
54957,65.70748894150137
55008,87.83520464679866
55059,99.01643203634919
55110,99.01643203634919
55161,65.75143997368748
55212,99.01643203634919
55263,99.01643203634919
55314,99.01643203634919
55365,41.10596583743915
55416,80.54959577608045
55467,99.01643203634919
55518,99.01643203634919
55569,99.01643203634919
55620,63.656768821033
55671,65.62241027667434
55722,99.01643203634919
55773,99.01643203634919
55824,99.01643203634919
55875,55.16157023411468
55926,75.91841259737849
55977,76.55051476328404
56028,92.9630809400563
56079,96.96525479632209
56130,99.01643203634919
56181,99.01643203634919
56232,99.01643203634919
56283,55.02332804162219
56334,52.226564398712796
56385,76.8913926773701
56436,99.01643203634919
56487,78.46065531667772
56538,94.04259384428858
56589,55.03690626667648
56640,85.19548841522389
56691,89.45943599137041
56742,99.01643203634919
56793,99.01643203634919
56844,68.78970358410464
56895,76.02385055855243
56946,37.39698214638422
56997,87.97557051468686
57048,92.13256604864615
57099,75.46891046851682
57150,99.01643203634919
57201,88.99087319106623
57252,88.056023586266
57303,99.01643203634919
57354,99.01643203634919
57405,80.82967776267098
57456,99.01643203634919
57507,99.01643203634919
57558,70.49813126550382
57609,99.01643203634919
57660,99.01643203634919
57711,76.69654501803375
57762,89.55583971790136
57813,99.01643203634919
57864,79.6201818750434
57915,75.75884032891096
57966,87.74214176765412
58017,95.88752210936067
58068,50.03967806077636
58119,92.54879710766127
58170,99.01643203634919
58221,40.08810759204159
58272,77.21556899653906
58323,99.01643203634919
58374,99.01643203634919
58425,64.12956869270214
58476,46.87928686783523
58527,97.26238633811661
58578,71.134370319781
58629,45.73944869193573
58680,99.01643203634919
58731,94.3287175325477
58782,74.24453074895821
58833,85.14684860757069
58884,84.40791404962864
58935,90.95852281606734
58986,67.75950385508486
59037,91.44673060742348
59088,99.01643203634919
59139,87.85464061585064
59190,99.01643203634919
59241,99.01643203634919
59292,94.34626624283561
59343,99.01643203634919
59394,87.35276857127076
59445,99.01643203634919
59496,92.33620332987367
59547,89.53196413055602
59598,80.770497159774
59649,91.84225014272945
59700,99.01643203634919
59751,61.362723443431825
59802,89.31977103861342
59853,61.056166299715244
59904,88.27496476071111
59955,83.60919825096676
60006,69.95697226102051
60057,99.01643203634919
60108,95.2216899885174
60159,92.60104972152483
60210,90.79437287406815
60261,67.73129854154
60312,99.01643203634919
60363,40.55877559310779
60414,66.51442160184233
60465,93.2673503026504
60516,99.01643203634919
60567,99.01643203634919
60618,99.01643203634919
60669,38.8529036954096
60720,75.32601350450133
60771,93.63828710729497
60822,78.09356845952186
60873,99.01643203634919
60924,32.877259804984504
60975,56.1378275513247
61026,99.01643203634919
61077,48.637972049247026
61128,99.01643203634919
61179,99.01643203634919
61230,91.18192491104574
61281,70.45399488598254
61332,99.01643203634919
61383,81.56655983625367
61434,99.01643203634919
61485,99.01643203634919
61536,80.8356384381011
61587,99.01643203634919
61638,85.39445991038876
61689,74.27562257551936
61740,99.01643203634919
61791,85.16713444364335
61842,99.01643203634919
61893,51.20217945391717
61944,99.01643203634919
61995,59.85372289523315
62046,99.01643203634919
62097,51.69539418606492
62148,99.01643203634919
62199,80.31466040914427
62250,99.01643203634919
62301,91.37362300037937
62352,62.731912222572674
62403,60.93479003402237
62454,58.962870338673085
62505,75.08940897085463
62556,75.93401467607718
62607,70.07876394487364
62658,53.12865129804531
62709,83.9815287906865
62760,89.08240552041829
62811,25.361398462462407
62862,81.96512568849948
62913,99.01643203634919
62964,99.01643203634919
63015,69.88012349525535
63066,95.37646959890833
63117,34.42185653299647
63168,39.6698678696078
63219,99.01643203634919
63270,93.71987228534908
63321,80.78617348900121
63372,57.367392492454464
63423,95.95507626946689
63474,91.71223766221311
63525,99.01643203634919
63576,50.83533841978204
63627,99.01643203634919
63678,69.25683825066059
63729,66.32928745200178
63780,83.03427363313345
63831,90.12607815590805
63882,86.89743077357434
63933,70.32227730232948
63984,99.01643203634919
64035,99.01643203634919
64086,84.62243922610217
64137,71.12357277123752
64188,59.125214066775904
64239,90.08471742228186
64290,46.6050562620363
64341,31.935440512131745
64392,99.01643203634919
64443,99.01643203634919
64494,99.01643203634919
64545,28.4814971516765
64596,99.01643203634919
64647,99.01643203634919
64698,99.01643203634919
64749,82.2932420038467
64800,99.01643203634919
64851,88.76591084504305
64902,89.94958845075571
64953,80.25441076711428
65004,99.01643203634919
65055,71.38638112835051
65106,99.01643203634919
65157,73.36074083271318
65208,60.33517054667803
65259,99.01643203634919
65310,42.59669627600075
65361,72.7578912925675
65412,50.789334236275636
65463,99.01643203634919
65514,88.9795253894635
65565,66.47614520225747
65616,97.69689126980148
65667,45.48883926350776
65718,78.95107747291117
65769,81.32439719672982
65820,64.43788946005093
65871,70.91562954862614
65922,23.9872409015628
65973,94.69017914938078
66024,19.531073906418186
66075,95.42834515188562
66126,99.01643203634919
66177,99.01643203634919
66228,23.9582598977982
66279,99.01643203634919
66330,95.12825558382778
66381,88.2546466129892
66432,91.25572075844215
66483,86.01411755157623
66534,99.01643203634919
66585,99.01643203634919
66636,88.30547879884573
66687,99.01643203634919
66738,86.36150769109163
66789,72.74363113032886
66840,95.379135413284
66891,70.18896754891179
66942,99.01643203634919
66993,82.23706410097122
67044,99.01643203634919
67095,99.01643203634919
67146,32.31973912720678
67197,99.01643203634919
67248,53.663094183537495
67299,87.353175829723
67350,72.98899342797947
67401,99.01643203634919
67452,99.01643203634919
67503,79.83997588198821
67554,95.1114050257142
67605,99.01643203634919
67656,99.01643203634919
67707,63.063399156408956
67758,54.54008478524721
67809,42.73751901833814
67860,92.56780053042547
67911,62.61277485521367
67962,99.01643203634919
68013,95.13392760693571
68064,99.01643203634919
68115,99.01643203634919
68166,24.38021532353647
68217,91.06918902543813
68268,99.01643203634919
68319,99.01643203634919
68370,58.247466813914144
68421,99.01643203634919
68472,60.39422876445507
68523,96.64842868407409
68574,99.01643203634919
68625,99.01643203634919
68676,99.01643203634919
68727,94.25713673153986
68778,97.52794706369446
68829,81.06088914166669
68880,92.5978417527656
68931,99.01643203634919
68982,96.46035285529021
69033,87.58796003039159
69084,69.0199938043778
69135,87.38898870122357
69186,99.01643203634919
69237,93.346104203915
69288,69.97400817196184
69339,87.86358426209097
69390,99.01643203634919
69441,99.01643203634919
69492,83.53048548122602
69543,99.01643203634919
69594,99.01643203634919
69645,99.01643203634919
69696,95.57799863259197
69747,93.85418748286664
69798,99.01643203634919
69849,86.23003558450468
69900,73.04546614427629
69951,55.80123794984847
70002,44.56836437966855
70053,33.662235339325505
70104,99.01643203634919
70155,84.10744476291674
70206,82.94684863605418
70257,60.56084476295802
70308,84.3317416014136
70359,89.32403315594897
70410,99.01643203634919
70461,23.619830037141174
70512,39.805053526376916
70563,99.01643203634919
70614,99.01643203634919
70665,77.24574954328081
70716,37.50164402666153
70767,57.894918610832484
70818,65.69819572988202
70869,38.737011606197804
70920,95.20947069683531
70971,99.01643203634919
71022,99.01643203634919
71073,99.01643203634919
71124,99.01643203634919
71175,99.01643203634919
71226,65.97990950287416
71277,81.66154293912237
71328,92.39068747180164
71379,99.01643203634919
71430,99.01643203634919
71481,56.86552102853814
71532,61.63911824661845
71583,99.01643203634919
71634,61.92430837244341
71685,62.775720762153014
71736,58.086086706773855
71787,64.57647091440568
71838,89.54972334946886
71889,82.339268195125
71940,29.314675034671293
71991,99.01643203634919
72042,52.82217850247386
72093,80.25286062200614
72144,64.59377318338956
72195,85.51005946501536
72246,99.01643203634919
72297,99.01643203634919
72348,21.18215273095738
72399,93.703239711899
72450,99.01643203634919
72501,99.01643203634919
72552,99.01643203634919
72603,83.7413576267645
72654,69.7901901317495
72705,57.05886387906319
72756,64.03913711133517
72807,77.1334583381276
72858,52.57539675704014
72909,99.01643203634919
72960,99.01643203634919
73011,32.993558682647965
73062,97.36258539066276
73113,99.01643203634919
73164,41.27219947487954
73215,99.01643203634919
73266,86.02834902763776
73317,94.71852229644531
73368,76.23632919216979
73419,44.18953556740932
73470,99.01643203634919
73521,99.01643203634919
73572,99.01643203634919
73623,86.76989063715418
73674,80.97457956311625
73725,99.01643203634919
73776,99.01643203634919
73827,93.80079787815
73878,58.99050588469721
73929,36.10307505107333
73980,66.87886045216493
74031,40.08321168804174
74082,99.01643203634919
74133,99.01643203634919
74184,99.01643203634919
74235,99.01643203634919
74286,54.55528283100769
74337,77.1758755025174
74388,84.94472237627308
74439,99.01643203634919
74490,47.774919045414876
74541,81.84575386296021
74592,49.78070136283559
74643,41.52528832161874
74694,87.44519786790416
74745,99.01643203634919
74796,99.01643203634919
74847,99.01643203634919
74898,99.01643203634919
74949,96.61270339709083
75000,77.93480181953976
75051,36.92401073818352
75102,91.16224508794454
75153,52.294563165971205
75204,89.98943152917073
75255,66.2264451515104
75306,99.01643203634919
75357,93.67521277872761
75408,61.250071834393594
75459,99.01643203634919
75510,72.15822138042981
75561,99.01643203634919
75612,83.30208563848055
75663,89.07264185774963
75714,84.89397994877274
75765,99.01643203634919
75816,99.01643203634919
75867,52.413505310973584
75918,65.99420322984895
75969,94.43723535547022
76020,98.07566361461494
76071,99.01643203634919
76122,73.02518376977281
76173,27.751603767502445
76224,96.07021280467853
76275,51.143082781542034
76326,99.01643203634919
76377,99.01643203634919
76428,99.01643203634919
76479,58.844237148154726
76530,88.26072958247603
76581,80.73139724212892
76632,89.99768973255816
76683,86.87495456601253
76734,73.89697930101251
76785,91.98931464831553
76836,99.01643203634919
76887,72.86152136865009
76938,53.06233757825832
76989,77.82275014319816
77040,99.01643203634919
77091,72.96123593956585
77142,83.17034275458397
77193,85.98911761172839
77244,95.82115829803388
77295,95.612373321596
77346,93.56563333074908
77397,83.52328184123951
77448,50.713131450598475
77499,91.70947695417294
77550,61.673239386632254
77601,43.781941437813714
77652,74.86294635189785
77703,70.59780005879134
77754,61.81502651633896
77805,20.549993084739814
77856,94.50758574763232
77907,91.46906484602972
77958,55.59106585550165
78009,72.93551854387431
78060,92.04167717977302
78111,99.01643203634919
78162,86.05656454961937
78213,51.641915809209756
78264,81.68201678206647
78315,99.01643203634919
78366,92.37387068667378
78417,99.01643203634919
78468,70.74011314474059
78519,44.75812923910199
78570,41.43411198204164
78621,99.01643203634919
78672,99.01643203634919
78723,80.9936245383126
78774,77.03981218489712
78825,64.47534064487132
78876,99.01643203634919
78927,69.54232438252399
78978,99.01643203634919
79029,73.31750888152446
79080,99.01643203634919
79131,94.64420003073717
79182,28.640713218353863
79233,99.01643203634919
79284,82.19338359340907
79335,92.8503606575045
79386,99.01643203634919
79437,27.865717236974476
79488,64.32172799964495
79539,37.51062409499216
79590,99.01643203634919
79641,99.01643203634919
79692,36.37072688285418
79743,96.32746700901941
79794,75.55630367006867
79845,56.29152846510099
79896,46.460922848744424
79947,51.56196950951214
79998,52.77050007972422
80049,80.29808974934093
80100,89.01521101956483
80151,99.01643203634919
80202,96.7168091880432
80253,90.02050532574738
80304,98.03767822134994
80355,73.87343188383839
80406,99.01643203634919
80457,99.01643203634919
80508,67.84019640350813
80559,99.01643203634919
80610,88.55782220393048
80661,99.01643203634919
80712,29.376032399856918
80763,89.31588389610889
80814,63.810441742336494
80865,99.01643203634919
80916,99.01643203634919
80967,65.84492599585923
81018,31.079364840385836
81069,99.01643203634919
81120,99.01643203634919
81171,99.01643203634919
81222,30.745463025251244
81273,70.34507532851046
81324,86.02948949556799
81375,80.98926620506433
81426,99.01643203634919
81477,85.58004210040863
81528,99.01643203634919
81579,99.01643203634919
81630,41.81888740390514
81681,99.01643203634919
81732,99.01643203634919
81783,56.754241495477984
81834,74.43215471644923
81885,89.29490464379099
81936,92.01681952290292
81987,99.01643203634919
82038,50.0677947785272
82089,41.38820614969416
82140,89.20426151974362
82191,99.01643203634919
82242,71.71083217527169
82293,74.46270395122781
82344,99.01643203634919
82395,83.2510159651909
82446,85.47867677541038
82497,27.840341073119184
82548,95.81405478049213
82599,66.71257477918427
82650,27.201300461459784
82701,99.01643203634919
82752,93.73948415984077
82803,83.2296558390238
82854,94.21321425153864
82905,99.01643203634919
82956,37.06843197366322
83007,67.6489147874651
83058,99.01643203634919
83109,88.90045245858842
83160,90.41585258653134
83211,99.01643203634919
83262,68.5519847805628
83313,57.97405766508386
83364,66.60688406071907
83415,63.87404438423536
83466,83.10292705035442
83517,99.01643203634919
83568,89.46241571683693
83619,49.61321256453528
83670,52.03990895126261
83721,79.12728952183421
83772,99.01643203634919
83823,84.2343493346756
83874,96.21151293850802
83925,61.266778364856386
83976,88.8679053294148
84027,46.00712646849959
84078,99.01643203634919
84129,96.53584690105835
84180,99.01643203634919
84231,53.986307627176494
84282,77.35524387840277
84333,99.01643203634919
84384,74.89607246295753
84435,99.01643203634919
84486,99.01643203634919
84537,89.88520676042904
84588,50.721635278665545
84639,99.01643203634919
84690,99.01643203634919
84741,50.17781650965298
84792,93.02681233054966
84843,57.5482951552785
84894,90.73316346497853
84945,94.78775092630542
84996,75.36239223725529
85047,99.01643203634919
85098,99.01643203634919
85149,46.17018284073136
85200,78.98751491016486
85251,99.01643203634919
85302,99.01643203634919
85353,99.01643203634919
85404,99.01643203634919
85455,83.39822354018936
85506,94.73747672767881
85557,84.61002384734994
85608,99.01643203634919
85659,87.727408024186
85710,67.75648977774514
85761,82.60234832815301
85812,70.8243293570081
85863,99.01643203634919
85914,99.01643203634919
85965,25.68327006628648
86016,99.01643203634919
86067,99.01643203634919
86118,47.58248416644891
86169,91.4827452801577
86220,99.01643203634919
86271,99.01643203634919
86322,99.01643203634919
86373,38.621655395280094
86424,99.01643203634919
86475,99.01643203634919
86526,63.37838131707654
86577,83.4063629918493
86628,99.01643203634919
86679,47.13875500999805
86730,99.01643203634919
86781,76.12147833382016
86832,93.93582622517016
86883,96.31242375951273
86934,28.53620739448138
86985,99.01643203634919
87036,89.11266931156953
87087,69.44376158128004
87138,99.01643203634919
87189,36.17811746171648
87240,99.01643203634919
87291,90.78748284487143
87342,59.55412828686449
87393,99.01643203634919
87444,99.01643203634919
87495,67.51004552502694
87546,99.01643203634919
87597,99.01643203634919
87648,92.88360274949942
87699,97.00626368288945
87750,80.33345904991478
87801,88.53905549259127
87852,99.01643203634919
87903,99.01643203634919
87954,99.01643203634919
88005,99.01643203634919
88056,91.1922202208396
88107,97.43346923202117
88158,89.13748356600264
88209,99.01643203634919
88260,74.22308704592339
88311,96.97252687066026
88362,99.01643203634919
88413,92.40892192038618
88464,99.01643203634919
88515,81.71703760308685
88566,78.69620791408282
88617,76.05193150632302
88668,45.03772639827482
88719,99.01643203634919
88770,99.01643203634919
88821,99.01643203634919
88872,48.674382595392785
88923,99.01643203634919
88974,97.04960733029722
89025,63.816471091551975
89076,57.514713434671826
89127,99.01643203634919
89178,76.11024425415386
89229,65.63465771702909
89280,99.01643203634919
89331,99.01643203634919
89382,99.01643203634919
89433,99.01643203634919
89484,96.68395471080467
89535,29.166895801383625
89586,84.39514234750338
89637,94.85182111767217
89688,80.42223865245528
89739,89.84132722278245
89790,83.12384903843893
89841,95.68089444488174
89892,93.45647631551347
89943,99.01643203634919
89994,99.01643203634919
90045,47.89029489738797
90096,78.92148294543854
90147,99.01643203634919
90198,99.01643203634919
90249,99.01643203634919
90300,46.80450263676842
90351,99.01643203634919
90402,91.47647948284572
90453,59.62330246480826
90504,56.60701246420465
90555,87.21308544645028
90606,99.01643203634919
90657,65.13192648960235
90708,99.01643203634919
90759,99.01643203634919
90810,54.46437574724733
90861,85.81578799139992
90912,57.71459658880813
90963,67.6126098745984
91014,99.01643203634919
91065,99.01643203634919
91116,87.40375753258992
91167,51.938625363221625
91218,53.6251512528278
91269,41.10331707480707
91320,84.04706198976086
91371,95.05642778456385
91422,88.53352498536441
91473,99.01643203634919
91524,80.98372047835963
91575,94.88204089325826
91626,79.66709132546268
91677,73.8963705948352
91728,85.94777966745724
91779,71.56279557657744
91830,99.01643203634919
91881,79.92644953008292
91932,97.01125453051762
91983,99.01643203634919
92034,92.57918492750947
92085,99.01643203634919
92136,84.54333522657768
92187,82.34131142843464
92238,99.01643203634919
92289,99.01643203634919
92340,99.01643203634919
92391,49.39987932177019
92442,99.01643203634919
92493,92.22126563603568
92544,99.01643203634919
92595,89.22668975184074
92646,99.01643203634919
92697,81.14993648255525
92748,76.23354020653889
92799,81.62516124102218
92850,59.96335868746626
92901,99.01643203634919
92952,78.53942881113375
93003,92.2772384216668
93054,41.30888464824281
93105,71.16320718118128
93156,99.01643203634919
93207,99.01643203634919
93258,81.29294421057698
93309,99.01643203634919
93360,90.55030895923146
93411,48.895718280535554
93462,34.62963348355848
93513,55.566214314129994
93564,92.8355701500452
93615,87.60353355847064
93666,99.01643203634919
93717,91.14797274885426
93768,99.01643203634919
93819,77.45306440054111
93870,69.85058295357456
93921,99.01643203634919
93972,99.01643203634919
94023,99.01643203634919
94074,44.61990137313511
94125,94.92862005157602
94176,99.01643203634919
94227,99.01643203634919
94278,72.95411475505956
94329,99.01643203634919
94380,99.01643203634919
94431,94.60223702020578
94482,99.01643203634919
94533,82.95900356967788
94584,99.01643203634919
94635,99.01643203634919
94686,92.81536738936786
94737,71.80459310435873
94788,30.829154319960097
94839,71.38229853253813
94890,96.82560916606032
94941,48.85721114477457
94992,99.01643203634919
95043,62.52499469921811
95094,47.687791454481214
95145,91.70703059362488
95196,99.01643203634919
95247,95.3128965778383
95298,97.05792557050144
95349,95.66230698440677
95400,99.01643203634919
95451,35.54207736224644
95502,99.01643203634919
95553,72.28443701718246
95604,99.01643203634919
95655,99.01643203634919
95706,90.17877673954501
95757,49.65557430038295
95808,71.22562727916251
95859,99.01643203634919
95910,46.01672765937882
95961,57.17530955026242
96012,64.83467168171619
96063,83.77817542445837
96114,99.01643203634919
96165,96.32633165572055
96216,84.96453613968525
96267,89.16900131734374
96318,99.01643203634919
96369,73.76989635435024
96420,53.616986548979014
96471,51.75508082217199
96522,71.5105933623491
96573,99.01643203634919
96624,71.57298107612901
96675,89.18587088787532
96726,73.88787636292993
96777,34.24860122049633
96828,41.37348287119567
96879,99.01643203634919
96930,69.54936482509956
96981,94.89957463781656
97032,37.07919808941233
97083,70.44126455919844
97134,99.01643203634919
97185,66.04308047430317
97236,39.56464165693091
97287,29.40561088009375
97338,99.01643203634919
97389,99.01643203634919
97440,94.38540098983013
97491,99.01643203634919
97542,79.15156442404266
97593,93.3899011563831
97644,99.01643203634919
97695,83.11824317744583
97746,82.46730254072612
97797,99.01643203634919
97848,83.46392861606127
97899,53.192910373352916
97950,76.90361269610825
98001,94.29293991807324
98052,99.01643203634919
98103,99.01643203634919
98154,68.48036751086225
98205,81.4002357707389
98256,99.01643203634919
98307,42.03457276335181
98358,92.86742201879312
98409,48.483250454445844
98460,98.29570724189973
98511,99.01643203634919
98562,36.760623706906834
98613,62.003231876281646
98664,88.03701242264027
98715,99.01643203634919
98766,99.01643203634919
98817,99.01643203634919
98868,99.01643203634919
98919,99.01643203634919
98970,28.999081351863392
99021,90.97229610949911
99072,99.01643203634919
99123,61.05868213402025
99174,51.25287739205566
99225,99.01643203634919
99276,15.03159461235121
99327,88.44270155804817
99378,68.52063968945578
99429,99.01643203634919
99480,99.01643203634919
99531,85.09461615200914
99582,92.79519923019114
99633,85.11911426526116
99684,99.01643203634919
99735,55.20946268605999
99786,99.01643203634919
99837,92.62779868800821
99888,99.01643203634919
99939,82.78582311822291
99990,31.06017861159221
100041,62.364124322707625
100092,99.01643203634919
100143,99.01643203634919
100194,17.679103338725795
100245,86.05441457858
100296,99.01643203634919
100347,52.671304976908814
100398,81.7002462810641
100449,50.17921489984317
100500,88.41464071096458
100551,99.01643203634919
100602,58.5742252188911
100653,99.01643203634919
100704,99.01643203634919
100755,99.01643203634919
100806,99.01643203634919
100857,78.47688767990465
100908,99.01643203634919
100959,99.01643203634919
101010,62.49737516411107
101061,99.01643203634919
101112,99.01643203634919
101163,99.01643203634919
101214,99.01643203634919
101265,81.34275788020146
101316,32.84468137590583
101367,99.01643203634919
101418,99.01643203634919
101469,99.01643203634919
101520,99.01643203634919
101571,94.07075139555262
101622,54.2053045164665
101673,99.01643203634919
101724,80.98395769340178
101775,86.79687124390115
101826,43.777411561465705
101877,99.01643203634919
101928,99.01643203634919
101979,99.01643203634919
102030,99.01643203634919
102081,99.01643203634919
102132,94.71034708465136
102183,55.41221770867357
102234,99.01643203634919
102285,88.29597805415122
102336,85.03489951000049
102387,85.80971194857545
102438,99.01643203634919
102489,99.01643203634919
102540,99.01643203634919
102591,96.22868771260772
102642,54.020379775991564
102693,89.56483083311024
102744,90.96050330560486
102795,99.01643203634919
102846,99.01643203634919
102897,94.42673405459203
102948,99.01643203634919
102999,92.19465086951834
103050,34.51137416803603
103101,99.01643203634919
103152,97.0413463963983
103203,92.70619155173672
103254,84.0627448051824
103305,94.69347060638822
103356,99.01643203634919
103407,99.01643203634919
103458,99.01643203634919
103509,67.92822670389504
103560,91.7267746058492
103611,99.01643203634919
103662,99.01643203634919
103713,99.01643203634919
103764,99.01643203634919
103815,99.01643203634919
103866,99.01643203634919
103917,99.01643203634919
103968,94.14233580980111
104019,84.85214972047592
104070,99.01643203634919
104121,88.98814278336235
104172,89.76304675991662
104223,99.01643203634919
104274,66.00734636874905
104325,68.02809293274643
104376,85.86096691758493
104427,95.46792094238148
104478,58.96361259372371
104529,73.70509277406946
104580,91.07221220452523
104631,79.78166667754662
104682,99.01643203634919
104733,99.01643203634919
104784,85.3678732008424
104835,85.16950849332397
104886,38.98818584448124
104937,99.01643203634919
104988,99.01643203634919
105039,99.01643203634919
105090,99.01643203634919
105141,99.01643203634919
105192,99.01643203634919
105243,99.01643203634919
105294,99.01643203634919
105345,99.01643203634919
105396,89.53476798075862
105447,99.01643203634919
105498,94.61476286035564
105549,91.75595048948604
105600,70.86828833230295
105651,39.6182206062756
105702,56.72356264368936
105753,95.15551115089652
105804,94.4045351549674
105855,99.01643203634919
105906,99.01643203634919
105957,90.11870402290447
106008,38.926137645125024
106059,88.61087941675534
106110,99.01643203634919
106161,99.01643203634919
106212,75.83489304735926
106263,51.91164666066653
106314,99.01643203634919
106365,45.53763184423343
106416,99.01643203634919
106467,99.01643203634919
106518,63.20578475166463
106569,99.01643203634919
106620,85.13902922630693
106671,89.83361549243912
106722,84.69848969301091
106773,99.01643203634919
106824,99.01643203634919
106875,99.01643203634919
106926,89.65117713546879
106977,99.01643203634919
107028,84.41520722696387
107079,54.70950225805508
107130,89.24915598034696
107181,99.01643203634919
107232,99.01643203634919
107283,34.126526240458794
107334,99.01643203634919
107385,99.01643203634919
107436,83.70124785948518
107487,76.87012300333487
107538,85.0262542871725
107589,91.27290580617174
107640,99.01643203634919
107691,60.98415020786347
107742,76.05365948941854
107793,99.01643203634919
107844,50.03999647787072
107895,65.2076888168697
107946,99.01643203634919
107997,99.01643203634919
108048,88.01280732542622
108099,99.01643203634919
108150,99.01643203634919
108201,87.86243768725105
108252,99.01643203634919
108303,95.63715232565146
108354,99.01643203634919
108405,70.59302764010157
108456,69.55679401152688
108507,79.3209533274734
108558,54.61998711430302
108609,99.01643203634919
108660,91.23356643374801
108711,94.38016581467718
108762,99.01643203634919
108813,29.397474991823454
108864,63.36305935973699
108915,99.01643203634919
108966,89.66235515414424
109017,99.01643203634919
109068,99.01643203634919
109119,68.25387863743224
109170,73.84784170553158
109221,88.18239130849842
109272,71.60391255087784
109323,62.45887716102395
109374,95.17865358633318
109425,97.92260073021444
109476,33.49374368513919
109527,63.11956173236081
109578,99.01643203634919
109629,70.49023499869487
109680,91.44357313545163
109731,91.51579679433647
109782,99.01643203634919
109833,99.01643203634919
109884,99.01643203634919
109935,99.01643203634919
109986,31.44763652633075
110037,38.24271946400857
110088,47.49930021191316
110139,93.90315782528596
110190,79.48614832199108
110241,80.19567810367997
110292,99.01643203634919
110343,99.01643203634919
110394,99.01643203634919
110445,89.3632785643893
110496,47.172531617089454
110547,86.93119472052761
110598,87.62727048771124
110649,95.16815600358012
110700,97.15661748505246
110751,92.24888545788674
110802,95.02696499009213
110853,82.71386190371656
110904,48.16179267727233
110955,41.28511933348402
111006,99.01643203634919
111057,90.5846606419958
111108,75.27732071097381
111159,85.10523921036705
111210,93.53060996188101
111261,83.89443397789675
111312,82.379156943008
111363,55.63386312095986
111414,99.01643203634919
111465,79.06872418640376
111516,39.97583635533882
111567,94.79289391106471
111618,91.13525399744167
111669,74.65205912710799
111720,87.68813495630252
111771,99.01643203634919
111822,67.97735898536068
111873,98.21820876009406
111924,90.95655600679667
111975,81.41896094616342
112026,82.35561463287867
112077,82.12451409603088
112128,60.85200204182356
112179,50.375103439871054
112230,93.85471339861323
112281,93.22691695278516
112332,86.28205963583775
112383,96.1438871726805
112434,80.05796456624819
112485,28.78326785347149
112536,59.243931007544646
112587,81.7791281492988
112638,99.01643203634919
112689,99.01643203634919
112740,36.744334618253305
112791,75.96930128957973
112842,99.01643203634919
112893,90.32725318231465
112944,88.9227623871635
112995,99.01643203634919
113046,99.01643203634919
113097,93.15172280274544
113148,99.01643203634919
113199,99.01643203634919
113250,51.06140267795387
113301,63.70916910324987
113352,99.01643203634919
113403,99.01643203634919
113454,95.17790019110537
113505,38.36633818752098
113556,97.32985005529741
113607,70.96591946825001
113658,99.01643203634919
113709,92.74942213825243
113760,87.27195035388108
113811,99.01643203634919
113862,63.08345818042883
113913,99.01643203634919
113964,46.01506033658013
114015,88.29477291394491
114066,99.01643203634919
114117,90.8802932281427
114168,45.79543469304741
114219,97.74700505505656
114270,99.01643203634919
114321,57.44583460244399
114372,94.30551997948496
114423,99.01643203634919
114474,78.8217559389478
114525,99.01643203634919
114576,99.01643203634919
114627,99.01643203634919
114678,45.351291756029276
114729,97.2089684764157
114780,80.42668903072266
114831,41.92767666712788
114882,99.01643203634919
114933,99.01643203634919
114984,99.01643203634919
115035,87.1216733133018
115086,99.01643203634919
115137,79.28393000734638
115188,76.79996859642478
115239,55.30393181713081
115290,90.38864977276742
115341,69.5019606713425
115392,99.01643203634919
115443,99.01643203634919
115494,99.01643203634919
115545,60.228114030879325
115596,99.01643203634919
115647,84.60898493889398
115698,99.01643203634919
115749,92.2398898271557
115800,82.58821895120164
115851,99.01643203634919
115902,47.57722768812785
115953,72.25083394817307
116004,99.01643203634919
116055,99.01643203634919
116106,61.93038533550307
116157,84.38481234927254
116208,99.01643203634919
116259,99.01643203634919
116310,99.01643203634919
116361,82.55922823057007
116412,99.01643203634919
116463,91.7918845245212
116514,92.61171727730527
116565,99.01643203634919
116616,88.05964785311585
116667,84.66877526077276
116718,87.2724236198681
116769,99.01643203634919
116820,94.80709309508855
116871,99.01643203634919
116922,83.12531752020678
116973,90.83330799162188
117024,94.94093829480185
117075,99.01643203634919
117126,78.77981721211574
117177,99.01643203634919
117228,79.45053166213147
117279,43.00100526866482
117330,91.55817185585242
117381,43.24548499738111
117432,82.15758415185842
117483,83.1020305130851
117534,49.40118520911122
117585,99.01643203634919
117636,99.01643203634919
117687,63.35085414336837
117738,26.8736665744811
117789,65.8011169856002
117840,92.53070714249476
117891,81.85940585972335
117942,96.28606696306876
117993,99.01643203634919
118044,99.01643203634919
118095,56.95592480900974
118146,99.01643203634919
118197,72.2571726402611
118248,72.42194144448823
118299,12.23841276221515
118350,87.2205645903749
118401,95.67698057404786
118452,96.29269518729907
118503,99.01643203634919
118554,91.14665635558501
118605,88.51867583370674
118656,99.01643203634919
118707,53.814800646630125
118758,76.24247711879282
118809,99.01643203634919
118860,49.553219784993836
118911,50.90182608682745
118962,68.88931364409062
119013,99.01643203634919
119064,81.63658247296324
119115,84.74371375756155
119166,99.01643203634919
119217,84.85462642747332
119268,55.09616107070922
119319,78.52897961657047
119370,52.81115850103106
119421,94.64439610639685
119472,98.51237114346974
119523,80.56780331126528
119574,47.427961746499
119625,99.01643203634919
119676,99.01643203634919
119727,99.01643203634919
119778,91.94386670680693
119829,99.01643203634919
119880,71.84732808415703
119931,53.60196641192714
119982,95.10362297310255
120033,99.01643203634919
120084,99.01643203634919
120135,91.43593902445257
120186,99.01643203634919
120237,26.456380526129603
120288,99.01643203634919
120339,94.28787717808768
120390,68.51341087570663
120441,89.54082361819928
120492,82.00849801608194
120543,99.01643203634919
120594,99.01643203634919
120645,99.01643203634919
120696,99.01643203634919
120747,77.87116557132762
120798,99.01643203634919
120849,89.4997499360376
120900,39.42930322880539
120951,67.03129142308046
121002,71.19588052216132
121053,99.01643203634919
121104,82.0702882178503
121155,80.62675540316135
121206,99.01643203634919
121257,99.01643203634919
121308,63.04927121920595
121359,85.35417348600798
121410,11.693986766984377
121461,99.01643203634919
121512,95.07162102609891
121563,58.6056784447312
121614,68.96894901733353
121665,99.01643203634919
121716,53.95102385607155
121767,62.62549476285091
121818,58.73374666085971
121869,99.01643203634919
121920,76.40550549109805
121971,99.01643203634919
122022,83.66243925919787
122073,72.05087777858178
122124,99.01643203634919
122175,91.8271966051922
122226,79.26621111357784
122277,99.01643203634919
122328,66.17956609677088
122379,99.01643203634919
122430,99.01643203634919
122481,99.01643203634919
122532,99.01643203634919
122583,73.01391808011883
122634,99.01643203634919
122685,99.01643203634919
122736,99.01643203634919
122787,46.95684858298732
122838,73.98781788132018
122889,81.89921927195138
122940,95.07295628805042
122991,85.85286661279338
123042,99.01643203634919
123093,55.669824080534234
123144,69.2649352328559
123195,73.57240766909828
123246,65.87813159283043
123297,67.911746847844
123348,66.78932933901909
123399,90.17102252971637
123450,99.01643203634919
123501,52.6364521318783
123552,99.01643203634919
123603,99.01643203634919
123654,84.16401506765656
123705,99.01643203634919
123756,76.70849656501743
123807,99.01643203634919
123858,71.4439984542757
123909,51.217612734607115
123960,99.01643203634919
124011,75.6321760634982
124062,91.22367878892233
124113,99.01643203634919
124164,99.01643203634919
124215,44.73045937882539
124266,99.01643203634919
124317,99.01643203634919
124368,65.7234997817605
124419,77.6583780796581
124470,53.4017456669558
124521,99.01643203634919
124572,93.8237963244251
124623,62.190512001655804
124674,39.65028960325645
124725,96.93420487841044
124776,75.95201640517044
124827,93.87853253527078
124878,66.68379912402837
124929,88.45957250012597
124980,99.01643203634919
125031,60.60426205573843
125082,99.01643203634919
125133,28.23681697454209
125184,99.01643203634919
125235,99.01643203634919
125286,93.8188769528576
125337,95.71244563653039
125388,91.87594083527699
125439,83.56642709338789
125490,90.42214585613654
125541,84.75772299402381
125592,87.80764317029869
125643,80.23011451945953
125694,99.01643203634919
125745,90.05695787492222
125796,88.38688319178213
125847,81.02898375630423
125898,98.35920849812905
125949,81.20237001077919
126000,70.47303888608418
126051,80.97029132864218
126102,99.01643203634919
126153,56.26932128524758
126204,95.4282349684159
126255,79.76284602805363
126306,85.58523419463053
126357,54.63443031718275
126408,99.01643203634919
126459,52.294202495212545
126510,91.73716860058816
126561,90.09693886198232
126612,60.91568721515958
126663,99.01643203634919
126714,55.433966617596994
126765,99.01643203634919
126816,82.86472384813707
126867,41.153934478323436
126918,60.64300472030193
126969,84.57701705346723
127020,99.01643203634919
127071,54.6730894997077
127122,90.71476815414381
127173,55.307997303528865
127224,99.01643203634919
127275,93.48481556328404
127326,96.2464515761314
127377,42.42256197418433
127428,99.01643203634919
127479,48.976737009044335
127530,99.01643203634919
127581,77.41090393367234
127632,48.9314252545505
127683,87.53087673790553
127734,99.01643203634919
127785,26.501981492985333
127836,92.70388967766222
127887,99.01643203634919
127938,99.01643203634919
127989,99.01643203634919
128040,89.42763043730754
128091,60.35745055672077
128142,92.98551021257387
128193,83.93414012461426
128244,99.01643203634919
128295,99.01643203634919
128346,88.99468941720181
128397,99.01643203634919
128448,99.01643203634919
128499,61.044787016955624
128550,99.01643203634919
128601,99.01643203634919
128652,17.279576494799468
128703,88.64884744152492
128754,99.01643203634919
128805,75.05713076757117
128856,26.15291853005061
128907,99.01643203634919
128958,77.51069020601835
129009,99.01643203634919
129060,81.7033767832111
129111,99.01643203634919
129162,99.01643203634919
129213,72.2120264328215
129264,91.65830260684837
129315,91.37575330520843
129366,69.05796879618046
129417,95.00550462553974
129468,99.01643203634919
129519,57.477071753401006
129570,88.0981124957682
129621,72.46575909135122
129672,99.01643203634919
129723,99.01643203634919
129774,99.01643203634919
129825,58.24540648453651
129876,72.58494451572662
129927,57.25203387573959
129978,88.19549176229974
130029,95.12748400086285
130080,80.48467767535806
130131,80.9122004973548
130182,99.01643203634919
130233,99.01643203634919
130284,69.35297485366439
130335,68.91485538120806
130386,60.24180609418561
130437,84.82189784202204
130488,99.01643203634919
130539,99.01643203634919
130590,99.01643203634919
130641,61.722592719145965
130692,60.67926045149128
130743,81.16071019167207
130794,99.01643203634919
130845,83.42078589180562
130896,95.1973795193898
130947,89.44466781685335
130998,81.19326335363556
131049,99.01643203634919
131100,64.02686072819519
131151,74.36566849434308
131202,68.9298491010386
131253,36.45321035607699
131304,44.53646124643887
131355,94.92260093601904
131406,70.0996736324343
131457,99.01643203634919
131508,99.01643203634919
131559,99.01643203634919
131610,99.01643203634919
131661,99.01643203634919
131712,68.75856723357899
131763,65.8566218811662
131814,99.01643203634919
131865,94.86714811294318
131916,58.870371501551894
131967,99.01643203634919
132018,99.01643203634919
132069,99.01643203634919
132120,91.47318921719821
132171,99.01643203634919
132222,99.01643203634919
132273,53.485415900361836
132324,24.322235858721132
132375,99.01643203634919
132426,99.01643203634919
132477,82.1176900672028
132528,81.11103276230959
132579,64.22297492369445
132630,52.24055672189375
132681,99.01643203634919
132732,99.01643203634919
132783,99.01643203634919
132834,86.07474038070859
132885,93.69505787425204
132936,99.01643203634919
132987,83.81860357385372
133038,99.01643203634919
133089,99.01643203634919
133140,99.01643203634919
133191,94.05983160931117
133242,42.73117921928801
133293,99.01643203634919
133344,99.01643203634919
133395,58.225689652234095
133446,99.01643203634919
133497,44.202260048827156
133548,99.01643203634919
133599,64.15904148082944
133650,52.38531586572255
133701,26.51909322712612
133752,68.38433179242529
133803,99.01643203634919
133854,99.01643203634919
133905,85.76439686834394
133956,99.01643203634919
134007,99.01643203634919
134058,66.10142106382987
134109,99.01643203634919
134160,99.01643203634919
134211,84.42908640052815
134262,43.74696010513972
134313,99.01643203634919
134364,93.46596883138439
134415,99.01643203634919
134466,72.84954314871614
134517,97.86586830938724
134568,38.181768865451126
134619,77.76669189752059
134670,83.15993154736016
134721,84.24431260187085
134772,99.01643203634919
134823,92.5972779210015
134874,54.707127956503655
134925,81.42895125706696
134976,99.01643203634919
135027,97.96265622836803
135078,43.08510653690276
135129,77.85143752505338
135180,55.319860123083906
135231,46.797272800582064
135282,97.06488468741279
135333,80.3997917549832
135384,96.12565087911331
135435,99.01643203634919
135486,99.01643203634919
135537,99.01643203634919
135588,47.1246733839102
135639,41.235068871690395
135690,95.47562960733218
135741,85.87159056048895
135792,67.7688898100863
135843,85.02679576352749
135894,85.79720192284697
135945,43.41255021117835
135996,46.41007016035883
136047,76.64655967223318
136098,41.501867802573614
136149,99.01643203634919
136200,96.67135617077292
136251,99.01643203634919
136302,75.7340260593712
136353,99.01643203634919
136404,96.11223062709625
136455,59.48219380621304
136506,72.16442457753152
136557,97.17466384887791
136608,99.01643203634919
136659,69.81708239473637
136710,30.62708127882358
136761,99.01643203634919
136812,99.01643203634919
136863,99.01643203634919
136914,60.70788909639615
136965,99.01643203634919
137016,94.4527643357944
137067,69.50722218030259
137118,99.01643203634919
137169,99.01643203634919
137220,55.746139869177355
137271,31.780572296729755
137322,76.3286948697838
137373,55.51808694800089
137424,51.802455762158885
137475,99.01643203634919
137526,96.4308145205737
137577,99.01643203634919
137628,67.01925115696827
137679,63.65639349227516
137730,89.80681548230662
137781,90.17332498402081
137832,93.11959042231025
137883,85.39783218654216
137934,82.87545230194576
137985,85.85137125905035
138036,46.6370802915197
138087,99.01643203634919
138138,99.01643203634919
138189,67.1453629927758
138240,33.484602061439446
138291,99.01643203634919
138342,99.01643203634919
138393,81.25781720897928
138444,90.22824628337649
138495,92.65185180592275
138546,99.01643203634919
138597,82.60698824527857
138648,50.719586892597746
138699,88.32526331171978
138750,99.01643203634919
138801,83.11107450818648
138852,99.01643203634919
138903,97.26957736381216
138954,49.18495433176915
139005,45.10310202514741
139056,99.01643203634919
139107,76.51022466489806
139158,99.01643203634919
139209,87.39035142304512
139260,99.01643203634919
139311,94.0601833002561
139362,62.62155464921153
139413,56.19082597202814
139464,34.439136488020836
139515,99.01643203634919
139566,80.91653573107506
139617,88.70481643371349
139668,99.01643203634919
139719,73.27505018935814
139770,80.49727766919452
139821,99.01643203634919
139872,99.01643203634919
139923,99.01643203634919
139974,47.45230404853455
140025,81.35097361135843
140076,96.5012882507466
140127,90.77758161639835
140178,96.47613156985295
140229,68.97670791225451
140280,99.01643203634919
140331,54.77238399539595
140382,99.01643203634919
140433,96.24072606974975
140484,89.44073857803079
140535,99.01643203634919
140586,68.93384248589828
140637,99.01643203634919
140688,63.43742550688656
140739,82.71371377143151
140790,84.45756028261012
140841,41.568519200615754
140892,9.742305056154578
140943,94.8719265115028
140994,43.008130497487244
141045,99.01643203634919
141096,99.01643203634919
141147,99.01643203634919
141198,99.01643203634919
141249,45.48381849229119
141300,37.983093107120055
141351,75.0048558049234
141402,97.8262197603322
141453,99.01643203634919
141504,69.54482476660475
141555,49.30710809328705
141606,84.76529476046923
141657,99.01643203634919
141708,92.61079271397725
141759,99.01643203634919
141810,99.01643203634919
141861,99.01643203634919
141912,99.01643203634919
141963,99.01643203634919
142014,99.01643203634919
142065,99.01643203634919
142116,32.01057563688406
142167,52.276536225100955
142218,86.07475013137243
142269,94.626116221692
142320,97.83824045547712
142371,87.57423276920892
142422,84.46406270666668
142473,69.14698685525043
142524,18.2216506325404
142575,51.14721759817363
142626,72.97482560878417
142677,85.30156520577074
142728,99.01643203634919
142779,99.01643203634919
142830,99.01643203634919
142881,56.744987840301576
142932,99.01643203634919
142983,99.01643203634919
143034,99.01643203634919
143085,90.54799727051089
143136,68.74453238967898
143187,99.01643203634919
143238,61.695747816658
143289,99.01643203634919
143340,99.01643203634919
143391,87.24290337471206
143442,71.62464860003577
143493,86.14951429667
143544,91.71276066906825
143595,91.52092698600026
143646,99.01643203634919
143697,82.77609395369657
143748,99.01643203634919
143799,82.65524758519754
143850,99.01643203634919
143901,72.10267068737072
143952,73.94499766232859
144003,99.01643203634919
144054,56.869474127357435
144105,99.01643203634919
144156,64.32863574185944
144207,42.704071642968955
144258,80.19643996330097
144309,49.92256568696116
144360,99.01643203634919
144411,79.12809227997258
144462,54.557829528138555
144513,89.5549688619394
144564,73.21669706688613
144615,97.81382633399886
144666,99.01643203634919
144717,84.85646155006094
144768,99.01643203634919
144819,47.66760872111835
144870,99.01643203634919
144921,99.01643203634919
144972,87.57999704681515
145023,58.260481407150706
145074,79.05271858148694
145125,99.01643203634919
145176,94.90883937617744
145227,99.01643203634919
145278,93.53588820207669
145329,94.12655587249212
145380,99.01643203634919
145431,84.00595912841074
145482,94.24329536886252
145533,99.01643203634919
145584,50.16931830581857
145635,99.01643203634919
145686,99.01643203634919
145737,77.50574021758646
145788,89.59216558123077
145839,82.94791202927661
145890,99.01643203634919
145941,38.17561667727477
145992,99.01643203634919
146043,80.38064759012725
146094,99.01643203634919
146145,92.86817366711686
146196,99.01643203634919
146247,95.65634285537794
146298,60.508520153901
146349,99.01643203634919
146400,99.01643203634919
146451,99.01643203634919
146502,48.3160882281346
146553,88.13267838351642
146604,99.01643203634919
146655,95.11412450649654
146706,68.55463005696349
146757,94.41489309407308
146808,54.16240777176362
146859,33.73280370439286
146910,99.01643203634919
146961,55.78629840272854
147012,99.01643203634919
147063,99.01643203634919
147114,89.29655754662568
147165,15.206513449483932
147216,61.73943294053443
147267,85.61897267026957
147318,71.30699012395068
147369,99.01643203634919
147420,99.01643203634919
147471,99.01643203634919
147522,90.60661218889646
147573,89.86391404358235
147624,72.03162393600958
147675,69.01617328707289
147726,84.70485887090848
147777,99.01643203634919
147828,99.01643203634919
147879,99.01643203634919
147930,68.9830978004231
147981,99.01643203634919
148032,99.01643203634919
148083,60.198915763390865
148134,71.56941273760927
148185,99.01643203634919
148236,99.01643203634919
148287,95.42687134321058
148338,82.69940184337925
148389,52.164401503607046
148440,99.01643203634919
148491,43.1297669469738
148542,99.01643203634919
148593,99.01643203634919
148644,68.5093372883103
148695,73.14096200950385
148746,99.01643203634919
148797,91.13310512478772
148848,84.6033680805067
148899,99.01643203634919
148950,99.01643203634919
149001,91.15307726468588
149052,99.01643203634919
149103,85.85918642065104
149154,96.50712529018283
149205,92.61552257442864
149256,31.636793908250866
149307,44.74758327473302
149358,99.01643203634919
149409,99.01643203634919
149460,59.119420369976474
149511,85.97099364028698
149562,99.01643203634919
149613,90.82408067216745
149664,99.01643203634919
149715,75.38003131648742
149766,99.01643203634919
149817,90.22259995158119
149868,42.73311892367029
149919,85.93598665016742
149970,74.48085262880022
150021,88.22069914126
150072,99.01643203634919
150123,99.01643203634919
150174,99.01643203634919
150225,63.34023907282499
150276,52.72088392375692
150327,80.5404754921188
150378,83.1312094890176
150429,63.317252214192536
150480,72.69333680931813
150531,67.79473354909322
150582,60.819128500189926
150633,76.0636204806994
150684,94.92360299969113
150735,99.01643203634919
150786,99.01643203634919
150837,99.01643203634919
150888,99.01643203634919
150939,94.99598066940806
150990,99.01643203634919
151041,42.73465504580336
151092,44.45491574956712
151143,99.01643203634919
151194,99.01643203634919
151245,32.358864929647396
151296,38.740011801496266
151347,71.5257965135721
151398,82.18557618555873
151449,85.39437137002126
151500,99.01643203634919
151551,99.01643203634919
151602,60.8017096305608
151653,96.64961785297037
151704,60.58709736269901
151755,99.01643203634919
151806,99.01643203634919
151857,99.01643203634919
151908,83.86826211236612
151959,82.29676370267076
152010,68.68192026524855
152061,80.90678314243931
152112,95.29099512650771
152163,86.30498606607127
152214,61.77508185957988
152265,39.2877216962486
152316,20.43494060991252
152367,82.14940898821193
152418,83.16994953520297
152469,88.44008337729255
152520,99.01643203634919
152571,99.01643203634919
152622,69.30048671837021
152673,99.01643203634919
152724,68.73021695158201
152775,99.01643203634919
152826,39.419008764421214
152877,99.01643203634919
152928,99.01643203634919
152979,94.0123864997782
153030,99.01643203634919
153081,75.82447443362777
153132,85.21321862182495
153183,99.01643203634919
153234,99.01643203634919
153285,99.01643203634919
153336,99.01643203634919
153387,99.01643203634919
153438,99.01643203634919
153489,83.90936444373047
153540,99.01643203634919
153591,94.98971748834502
153642,99.01643203634919
153693,99.01643203634919
153744,84.26087687626719
153795,99.01643203634919
153846,85.97572815656852
153897,45.920874175988935
153948,90.63605902050101
153999,36.46599471575335
154050,72.25705729116487
154101,96.74027613913444
154152,53.859806376206976
154203,69.93799775633553
154254,50.5756247377792
154305,93.38685880277835
154356,87.89111957326118
154407,77.15046882717317
154458,63.384101102058125
154509,99.01643203634919
154560,99.01643203634919
154611,99.01643203634919
154662,99.01643203634919
154713,99.01643203634919
154764,93.60955437415319
154815,50.6775954970821
154866,99.01643203634919
154917,82.71234263656311
154968,87.80161404325646
155019,77.676232762932
155070,62.26498575746457
155121,27.479768143346377
155172,68.79265551009047
155223,51.218368825291094
155274,82.51823014604615
155325,99.01643203634919
155376,99.01643203634919
155427,99.01643203634919
155478,34.647464160667504
155529,99.01643203634919
155580,99.01643203634919
155631,92.20640656455146
155682,92.54408856423262
155733,83.04902506524846
155784,85.78631726560046
155835,53.62756241802133
155886,70.89197205278514
155937,54.496894235722294
155988,85.50059762196874
156039,77.08907613248346
156090,84.0974232034606
156141,22.85694098285952
156192,99.01643203634919
156243,90.35339191421913
156294,42.19637543600797
156345,67.54903466047595
156396,96.39620580012566
156447,99.01643203634919
156498,95.19373455373398
156549,73.04227163105132
156600,43.41195941974489
156651,81.21596328982555
156702,40.55245889703422
156753,99.01643203634919
156804,99.01643203634919
156855,93.99755683927468
156906,92.96452720496067
156957,75.29188047743165
157008,80.87206386840718
157059,99.01643203634919
157110,98.19517577712328
157161,99.01643203634919
157212,94.24901542148802
157263,99.01643203634919
157314,50.850937577007855
157365,55.110987541928935
157416,45.04207255638408
157467,86.86777881379153
157518,93.03363165538683
157569,99.01643203634919
157620,84.25176059200386
157671,75.15279593572774
157722,68.4521702643212
157773,70.31699003870429
157824,99.01643203634919
157875,67.4668949369983
157926,99.01643203634919
157977,55.87694681685998
158028,51.41019366107896
158079,64.13917684689162
158130,94.20965111078809
158181,88.2485310783517
158232,71.3394069921088
158283,99.01643203634919
158334,78.2013920692776
158385,95.69264354772261
158436,43.52376575295963
158487,89.03307904367348
158538,99.01643203634919
158589,96.70874092045874
158640,51.86507350223266
158691,83.37230538592529
158742,62.55825624954893
158793,83.09194566401456
158844,94.47287142122171
158895,78.7108179105224
158946,99.01643203634919
158997,90.46667563669419
159048,99.01643203634919
159099,99.01643203634919
159150,99.01643203634919
159201,85.55347075706389
159252,99.01643203634919
159303,70.97119684280993
159354,99.01643203634919
159405,99.01643203634919
159456,95.52722704627043
159507,95.61158675279968
159558,67.18319701570019
159609,81.35248936284138
159660,56.956896535811204
159711,99.01643203634919
159762,97.29081357332655
159813,94.54477552382846
159864,88.63483124552144
159915,99.01643203634919
159966,47.99922751547418
160017,41.869847037649066
160068,99.01643203634919
160119,27.956899527794324
160170,87.75674002334716
160221,99.01643203634919
160272,82.1225984145178
160323,78.0651467181678
160374,99.01643203634919
160425,97.09995216140267
160476,99.01643203634919
160527,86.87667809996488
160578,81.00461919205314
160629,55.54657297897176
160680,99.01643203634919
160731,85.2640983970999
160782,99.01643203634919
160833,86.81623495551817
160884,99.01643203634919
160935,86.45325392667682
160986,99.01643203634919
161037,99.01643203634919
161088,91.36399143490512
161139,48.71749038356632
161190,60.87004252178135
161241,51.477764431132556
161292,99.01643203634919
161343,83.60214798902143
161394,99.01643203634919
161445,70.01201939136611
161496,78.42784181396932
161547,44.4426891324132
161598,37.43959574699429
161649,82.27479656614226
161700,74.5146683745978
161751,99.01643203634919
161802,13.539354197251471
161853,60.54520175104417
161904,41.404463026825184
161955,99.01643203634919
162006,99.01643203634919
162057,90.53946024978126
162108,99.01643203634919
162159,89.84001119824708
162210,99.01643203634919
162261,68.76917399990185
162312,32.48089223164757
162363,99.01643203634919
162414,99.01643203634919
162465,65.33895134002043
162516,99.01643203634919
162567,99.01643203634919
162618,99.01643203634919
162669,99.01643203634919
162720,92.13145522541075
162771,95.39136521704395
162822,99.01643203634919
162873,99.01643203634919
162924,83.38237734182606
162975,99.01643203634919
163026,72.488829486828
163077,89.32730823599519
163128,99.01643203634919
163179,55.93013097424199
163230,50.456517176854476
163281,99.01643203634919
163332,95.4925196000941
163383,49.25650903443817
163434,66.9965779854398
163485,69.53824791992857
163536,70.68683164937849
163587,65.71924883335747
163638,99.01643203634919
163689,99.01643203634919
163740,97.30065435053807
163791,99.01643203634919
163842,82.98591964486785
163893,33.43592857163263
163944,85.46668111548215
163995,49.43725115228114
164046,99.01643203634919
164097,94.5911480234298
164148,99.01643203634919
164199,61.10035070113018
164250,27.643806867143947
164301,95.57501833278423
164352,93.43964592973664
164403,99.01643203634919
164454,78.66571219115309
164505,99.01643203634919
164556,77.05717823115619
164607,99.01643203634919
164658,89.60624337265921
164709,37.55345911242341
164760,90.7868718033435
164811,84.73911399175749
164862,85.11746382150301
164913,99.01643203634919
164964,84.0792768409352
165015,89.08293258664237
165066,76.95120596646791
165117,99.01643203634919
165168,99.01643203634919
165219,42.67187233193618
165270,99.01643203634919
165321,53.02649929481153
165372,37.007655743900166
165423,75.55875673365313
165474,61.25449956081033
165525,99.01643203634919
165576,26.92435482596089
165627,90.02490054934749
165678,99.01643203634919
165729,45.03126607490145
165780,99.01643203634919
165831,72.60909129251804
165882,78.1344185874158
165933,65.09531530641716
165984,87.28792435300544
166035,79.3477093188461
166086,42.15985968601065
166137,53.60008246858688
166188,99.01643203634919
166239,66.98222624732327
166290,99.01643203634919
166341,67.58385779591003
166392,99.01643203634919
166443,96.95666108440558
166494,27.548847591036637
166545,70.48728303251801
166596,99.01643203634919
166647,81.99957822644667
166698,99.01643203634919
166749,96.84363914298329
166800,99.01643203634919
166851,99.01643203634919
166902,99.01643203634919
166953,74.9754882265707
167004,33.57343611277891
167055,91.7282909502932
167106,45.368101487046225
167157,51.81189131084104
167208,99.01643203634919
167259,50.02610508576497
167310,50.85744144142534
167361,76.40456565670283
167412,85.40970961522753
167463,90.75080030143893
167514,71.97719574760258
167565,61.26137644813531
167616,49.355668428477365
167667,63.79206853237162
167718,61.589680461740166
167769,99.01643203634919
167820,87.10799588020329
167871,95.8762613740408
167922,90.08764141345418
167973,63.90469733437297
168024,81.80609569124266
168075,54.252488465143756
168126,39.00883218024146
168177,91.0986535615794
168228,99.01643203634919
168279,38.39852826942693
168330,59.06550638360326
168381,90.33054471714323
168432,99.01643203634919
168483,65.14641420897149
168534,95.89677021471738
168585,95.2179406133344
168636,84.1601614361305
168687,74.92608344412112
168738,97.48864602563982
168789,99.01643203634919
168840,71.56427300164786
168891,54.139025281958716
168942,71.25877490494004
168993,57.27603672687403
169044,36.3192046630444
169095,88.65192112096246
169146,51.49763680811964
169197,65.4352550840315
169248,99.01643203634919
169299,99.01643203634919
169350,83.07733462857212
169401,67.44447458776767
169452,99.01643203634919
169503,94.29745890366945
169554,99.01643203634919
169605,58.341126737936115
169656,99.01643203634919
169707,88.85045420391762
169758,93.4375022566563
169809,50.35564034079515
169860,87.8960859022564
169911,98.55591432796928
169962,65.3898535939983
170013,58.931926000181015
170064,85.71032433592995
170115,96.72562911193593
170166,38.65567764867303
170217,99.01643203634919
170268,42.58062821672311
170319,99.01643203634919
170370,38.74054605509514
170421,99.01643203634919
170472,53.959736385596614
170523,45.03695080756629
170574,99.01643203634919
170625,52.46216346821053
170676,99.01643203634919
170727,91.59902173789042
170778,93.14515517209723
170829,99.01643203634919
170880,99.01643203634919
170931,99.01643203634919
170982,80.58906619860635
171033,50.826689315721374
171084,73.51505651959808
171135,96.67264465995757
171186,69.40491232176619
171237,99.01643203634919
171288,85.43228800177057
171339,89.61253987977753
171390,53.99338015403071
171441,99.01643203634919
171492,99.01643203634919
171543,82.60322389314926
171594,89.10722541966189
171645,99.01643203634919
171696,80.67262259185713
171747,99.01643203634919
171798,99.01643203634919
171849,80.65256044822705
171900,47.72566388891429
171951,46.022177450225065
172002,78.44994777211859
172053,97.44270283329489
172104,82.40329930897192
172155,35.421742165321106
172206,96.51105706968656
172257,82.11590500487108
172308,74.01203065110616
172359,92.56925562721513
172410,83.48862671443518
172461,95.5450832742515
172512,79.07955620347923
172563,87.2222286943906
172614,99.01643203634919
172665,99.01643203634919
172716,99.01643203634919
172767,71.03750994988086
172818,83.07415467447238
172869,99.01643203634919
172920,83.25505962156653
172971,99.01643203634919
173022,99.01643203634919
173073,69.34303609103856
173124,99.01643203634919
173175,99.01643203634919
173226,99.01643203634919
173277,99.01643203634919
173328,87.44947295237912
173379,72.17485000904477
173430,96.9790142475587
173481,99.01643203634919
173532,99.01643203634919
173583,66.19355104833791
173634,64.87568025719474
173685,99.01643203634919
173736,92.80929456572478
173787,99.01643203634919
173838,79.32954268433411
173889,43.046637108984115
173940,99.01643203634919
173991,99.01643203634919
174042,99.01643203634919
174093,91.49936048016296
174144,99.01643203634919
174195,99.01643203634919
174246,99.01643203634919
174297,95.73627127356431
174348,95.58572696032532
174399,77.998200648845
174450,84.51770051476775
174501,25.834990638397286
174552,74.96631723993428
174603,99.01643203634919
174654,99.01643203634919
174705,99.01643203634919
174756,89.4188827976082
174807,99.01643203634919
174858,99.01643203634919
174909,99.01643203634919
174960,92.99458704647063
175011,90.01869346423736
175062,99.01643203634919
175113,99.01643203634919
175164,93.87870052557955
175215,85.8341714596834
175266,71.41322173311679
175317,48.55561987703064
175368,86.8686221842675
175419,86.7439701820708
175470,94.6081619123149
175521,84.87760515955334
175572,64.02294111855925
175623,99.01643203634919
175674,99.01643203634919
175725,99.01643203634919
175776,99.01643203634919
175827,99.01643203634919
175878,59.6447363057281
175929,99.01643203634919
175980,90.60877538183172
176031,99.01643203634919
176082,99.01643203634919
176133,76.94097607716868
176184,42.74688849996103
176235,86.73654712929861
176286,80.97520983600633
176337,56.81026301270329
176388,99.01643203634919
176439,37.82497458278606
176490,81.82559882577411
176541,99.01643203634919
176592,61.95888129048137
176643,81.17454959769938
176694,94.43455557141121
176745,99.01643203634919
176796,54.33112668048655
176847,89.19783983547741
176898,37.51236696585336
176949,62.23175994905386
177000,59.819967858148374
177051,99.01643203634919
177102,97.45447816959307
177153,66.46057956098257
177204,99.01643203634919
177255,79.1899779701329
177306,94.3045164982631
177357,99.01643203634919
177408,90.21459517019002
177459,99.01643203634919
177510,92.16505393271437
177561,99.01643203634919
177612,80.18334671735902
177663,92.28264932258577
177714,99.01643203634919
177765,40.77853053907657
177816,99.01643203634919
177867,75.96162282857463
177918,99.01643203634919
177969,97.07361098445332
178020,94.58301587488745
178071,50.442581903097754
178122,99.01643203634919
178173,99.01643203634919
178224,68.54144772175245
178275,99.01643203634919
178326,26.562485906363772
178377,79.31576756546953
178428,99.01643203634919
178479,92.15248622887016
178530,99.01643203634919
178581,69.55688141749576
178632,95.27778444788433
178683,99.01643203634919
178734,99.01643203634919
178785,99.01643203634919
178836,74.27395884209827
178887,99.01643203634919
178938,77.93039336094701
178989,42.73467217188731
179040,60.422103635140935
179091,99.01643203634919
179142,23.810568992739935
179193,99.01643203634919
179244,99.01643203634919
179295,24.618691470621393
179346,62.76656821848034
179397,99.01643203634919
179448,91.86342355351144
179499,42.18518173232309
179550,99.01643203634919
179601,80.29700599516003
179652,63.51687165442237
179703,75.35443061734819
179754,55.41686118291916
179805,91.78956179297893
179856,70.17347865657199
179907,69.0754088773987
179958,99.01643203634919
180009,99.01643203634919
180060,99.01643203634919
180111,99.01643203634919
180162,99.01643203634919
180213,68.06980299689067
180264,61.19229529208811
180315,99.01643203634919
180366,99.01643203634919
180417,95.4484826063217
180468,92.97048460458831
180519,81.53995287964779
180570,94.14498613296517
180621,99.01643203634919
180672,48.956608970677024
180723,99.01643203634919
180774,44.34022265392731
180825,64.21937072113138
180876,89.63034205431478
180927,99.01643203634919
180978,93.41043446521672
181029,99.01643203634919
181080,76.8217782748063
181131,99.01643203634919
181182,99.01643203634919
181233,74.42315641559007
181284,99.01643203634919
181335,79.35308138978101
181386,99.01643203634919
181437,52.894276680047646
181488,86.45245966954832
181539,92.34858628896502
181590,69.09375661406213
181641,82.06979418003736
181692,95.45694856348003
181743,83.6690476799227
181794,82.39544690654076
181845,83.31667282870674
181896,51.20691208039945
181947,87.9923492259454
181998,99.01643203634919
182049,99.01643203634919
182100,64.13189083590628
182151,85.25023882815879
182202,99.01643203634919
182253,99.01643203634919
182304,88.87526008337387
182355,86.52266648203576
182406,46.057843897136
182457,46.1795183588109
182508,56.02062386719625
182559,99.01643203634919
182610,48.54245253228594
182661,50.508345036918726
182712,99.01643203634919
182763,42.647276071729145
182814,93.02165712535599
182865,99.01643203634919
182916,99.01643203634919
182967,73.60283994485593
183018,92.35763062884472
183069,99.01643203634919
183120,99.01643203634919
183171,84.10042028069256
183222,85.99012438260512
183273,68.82352381418373
183324,77.79851676935053
183375,99.01643203634919
183426,69.74984159436605
183477,99.01643203634919
183528,93.59864482660987
183579,58.012001988365036
183630,99.01643203634919
183681,79.80073953679198
183732,32.570016811190506
183783,64.57101552499864
183834,68.77126227361727
183885,86.22239743944148
183936,96.39932469740597
183987,99.01643203634919
184038,99.01643203634919
184089,84.56603438877306
184140,49.1815677763146
184191,91.97253723797903
184242,99.01643203634919
184293,81.62350054492865
184344,72.4182550181691
184395,63.9274543128273
184446,99.01643203634919
184497,87.87568549352584
184548,50.43078036743763
184599,99.01643203634919
184650,99.01643203634919
184701,59.304346010013795
184752,82.09724810286751
184803,58.49231976460061
184854,99.01643203634919
184905,54.487792447358764
184956,30.057308788691817
185007,79.52693422019665
185058,78.9500407587701
185109,65.27746731751685
185160,99.01643203634919
185211,79.05172614011573
185262,69.53122907126739
185313,99.01643203634919
185364,76.14801469931545
185415,99.01643203634919
185466,99.01643203634919
185517,88.48096965330146
185568,65.8197553013073
185619,49.31529919011569
185670,70.23356484937501
185721,75.64311665999301
185772,95.18377320684317
185823,99.01643203634919
185874,29.47902696578749
185925,99.01643203634919
185976,87.85723489705758
186027,99.01643203634919
186078,99.01643203634919
186129,99.01643203634919
186180,75.40995009745195
186231,94.75246300615186
186282,44.13893180202344
186333,93.47212549987171
186384,99.01643203634919
186435,82.82048751344887
186486,63.91806262240909
186537,29.220744225401237
186588,99.01643203634919
186639,71.18940135330467
186690,52.71022604594122
186741,99.01643203634919
186792,99.01643203634919
186843,94.334317416892
186894,60.1760670635046
186945,75.99758295252445
186996,91.3166282622789
187047,99.01643203634919
187098,81.28726953628225
187149,78.86875085417164
187200,67.67280212757112
187251,78.28534610904727
187302,91.80226034183548
187353,99.01643203634919
187404,64.86169342309756
187455,68.11414761487916
187506,96.9676516284377
187557,99.01643203634919
187608,99.01643203634919
187659,40.978396896160255
187710,76.0480960410104
187761,99.01643203634919
187812,50.36600494697667
187863,91.81467376277145
187914,63.579804469857386
187965,99.01643203634919
188016,99.01643203634919
188067,99.01643203634919
188118,77.31747183055181
188169,99.01643203634919
188220,99.01643203634919
188271,52.89074819636857
188322,99.01643203634919
188373,99.01643203634919
188424,93.79684087485154
188475,47.56370367621873
188526,99.01643203634919
188577,71.85995472161697
188628,79.29477714349888
188679,57.805974476534985
188730,99.01643203634919
188781,80.40647412894866
188832,77.89888297411139
188883,99.01643203634919
188934,99.01643203634919
188985,82.05462896877518
189036,83.73985585325345
189087,85.55125225578203
189138,71.06136589071802
189189,99.01643203634919
189240,95.79057359090682
189291,99.01643203634919
189342,99.01643203634919
189393,99.01643203634919
189444,99.01643203634919
189495,97.97827123730363
189546,33.672716231534295
189597,81.35944635416402
189648,92.02508102562689
189699,99.01643203634919
189750,85.36538466470834
189801,87.00546585723184
189852,96.2610864848633
189903,47.62257750444813
189954,91.47670745824142
190005,99.01643203634919
190056,94.31829164677974
190107,85.37559640946826
190158,99.01643203634919
190209,94.85768674320117
190260,86.95662958334249
190311,99.01643203634919
190362,80.2688248242776
190413,83.89795467286133
190464,85.7326404222441
190515,99.01643203634919
190566,84.93584533013133
190617,99.01643203634919
190668,99.01643203634919
190719,99.01643203634919
190770,74.61231287049476
190821,97.30687028086857
190872,99.01643203634919
190923,99.01643203634919
190974,84.73187586190058
191025,96.20654405885995
191076,90.93115112231624
191127,99.01643203634919
191178,99.01643203634919
191229,99.01643203634919
191280,99.01643203634919
191331,99.01643203634919
191382,99.01643203634919
191433,56.9868547894088
191484,85.69679861584916
191535,90.14828940933353
191586,93.6023626063833
191637,60.55487496696916
191688,85.85924221431408
191739,79.16312267701282
191790,61.33193324516096
191841,80.82939317365765
191892,99.01643203634919
191943,93.34908679063874
191994,75.12150064130564
192045,76.54424011635678
192096,99.01643203634919
192147,99.01643203634919
192198,62.69178401061708
192249,84.3248721897192
192300,99.01643203634919
192351,99.01643203634919
192402,89.2872180320935
192453,89.89438810605208
192504,99.01643203634919
192555,99.01643203634919
192606,99.01643203634919
192657,99.01643203634919
192708,98.08252911133998
192759,99.01643203634919
192810,28.473632450663075
192861,93.18224361740631
192912,84.39827521208464
192963,99.01643203634919
193014,47.20213826277129
193065,99.01643203634919
193116,56.28463592649259
193167,79.84806216383714
193218,74.8558540585416
193269,44.85627240985332
193320,99.01643203634919
193371,79.74580106318658
193422,99.01643203634919
193473,68.78100678086184
193524,99.01643203634919
193575,3.3691811956808397
193626,84.35894038526251
193677,99.01643203634919
193728,59.024454828319385
193779,36.47963455708398
193830,88.07279075947895
193881,95.5593771791101
193932,99.01643203634919
193983,99.01643203634919
194034,99.01643203634919
194085,38.2750378864545
194136,39.79302260630244
194187,95.60678377972467
194238,99.01643203634919
194289,94.26055770496451
194340,99.01643203634919
194391,89.63295357289606
194442,99.01643203634919
194493,60.39650198653424
194544,99.01643203634919
194595,99.01643203634919
194646,99.01643203634919
194697,99.01643203634919
194748,99.01643203634919
194799,47.38116987760371
194850,28.77145201380934
194901,50.8090544503248
194952,99.01643203634919
195003,51.637021642246864
195054,96.64503446885574
195105,99.01643203634919
195156,65.64115536965352
195207,37.810839726801106
195258,99.01643203634919
195309,99.01643203634919
195360,99.01643203634919
195411,82.45486889076705
195462,99.01643203634919
195513,99.01643203634919
195564,99.01643203634919
195615,97.0900286622696
195666,99.01643203634919
195717,99.01643203634919
195768,78.28924721073629
195819,48.7274736225254
195870,94.11542028162795
195921,99.01643203634919
195972,35.67179894087329
196023,44.026894361328516
196074,99.01643203634919
196125,80.27266107142604
196176,71.39883383694777
196227,99.01643203634919
196278,69.95379267643652
196329,99.01643203634919
196380,73.03992559426231
196431,50.60450449067763
196482,95.2153391983241
196533,99.01643203634919
196584,91.23855400221237
196635,75.01297319376005
196686,58.30960401077521
196737,99.01643203634919
196788,99.01643203634919
196839,65.42747461252985
196890,88.23947961041965
196941,99.01643203634919
196992,79.37162517778071
197043,99.01643203634919
197094,99.01643203634919
197145,69.57063183374561
197196,67.06560347113698
197247,75.86723187138718
197298,85.65601948703956
197349,99.01643203634919
197400,88.35709438794548
197451,73.48910897723923
197502,78.43479137445496
197553,85.56089311432665
197604,99.01643203634919
197655,82.92789834582945
197706,73.24470366401557
197757,99.01643203634919
197808,99.01643203634919
197859,99.01643203634919
197910,99.01643203634919
197961,99.01643203634919
198012,34.59841168842879
198063,94.89341438383096
198114,78.25579395620676
198165,99.01643203634919
198216,99.01643203634919
198267,80.25025993559842
198318,66.63180940673543
198369,99.01643203634919
198420,74.91305400394025
198471,86.46749830114231
198522,81.71955915955634
198573,47.01985253980606
198624,84.3480571349443
198675,72.4478398657681
198726,99.01643203634919
198777,81.88694944647085
198828,94.79197901634494
198879,93.43354532499401
198930,85.87584604158378
198981,65.59293132390492
199032,99.01643203634919
199083,83.10143436327405
199134,67.17642409634652
199185,99.01643203634919
199236,90.02658272859667
199287,64.14377708166333
199338,99.01643203634919
199389,93.81591349919654
199440,46.220974540216204
199491,83.70881037309147
199542,99.01643203634919
199593,99.01643203634919
199644,77.23110692848564
199695,99.01643203634919
199746,99.01643203634919
199797,99.01643203634919
199848,99.01643203634919
199899,77.91131049673726
199950,91.85391448698934
200001,99.01643203634919
200052,68.70598902873988
200103,54.81142950941478
200154,99.01643203634919
200205,54.072902393904236
200256,99.01643203634919
200307,32.2430416955523
200358,55.3113443831327
200409,87.14861625223847
200460,99.01643203634919
200511,99.01643203634919
200562,90.50440690638152
200613,49.49719776585288
200664,99.01643203634919
200715,66.48986402698361
200766,99.01643203634919
200817,66.00500636998697
200868,76.0347484657475
200919,99.01643203634919
200970,53.93704267323457
201021,99.01643203634919
201072,71.69026219866414
201123,99.01643203634919
201174,71.36494537117547
201225,67.59204193577571
201276,99.01643203634919
201327,75.76524477506828
201378,57.923100852692606
201429,61.054282655758286
201480,73.49147901902285
201531,99.01643203634919
201582,74.62388554312042
201633,87.11024506870321
201684,99.01643203634919
201735,93.87521285765294
201786,78.07064427637874
201837,99.01643203634919
201888,81.49071638359852
201939,72.44909491410806
201990,61.87370884046804
202041,99.01643203634919
202092,83.25502168007334
202143,99.01643203634919
202194,96.34156861791492
202245,80.8079267162984
202296,78.66322187733786
202347,89.44049262019806
202398,99.01643203634919
202449,76.3764649036251
202500,16.889484632195106
202551,85.57186254412946
202602,32.206707245685394
202653,53.29247802162548
202704,99.01643203634919
202755,99.01643203634919
202806,99.01643203634919
202857,82.6523551364576
202908,82.784814311864
202959,99.01643203634919
203010,63.81509050528643
203061,99.01643203634919
203112,67.13842604196535
203163,99.01643203634919
203214,48.21656238830685
203265,68.36159606491752
203316,94.61152800898208
203367,59.29955948960638
203418,47.83424075160488
203469,99.01643203634919
203520,99.01643203634919
203571,99.01643203634919
203622,95.17209601590122
203673,99.01643203634919
203724,90.65390537168045
203775,99.01643203634919
203826,96.25725257370921
203877,48.72344453915615
203928,78.49819190079731
203979,99.01643203634919
204030,99.01643203634919
204081,99.01643203634919
204132,96.97980477848807
204183,85.50224252018418
204234,78.26387888428525
204285,99.01643203634919
204336,99.01643203634919
204387,57.22311221223596
204438,31.74776749108691
204489,45.59994003487604
204540,99.01643203634919
204591,40.07359334992169
204642,89.80821207437458
204693,80.37880058528975
204744,81.55018561716685
204795,96.68217846294156
204846,53.959678349204985
204897,67.02756880811987
204948,92.24015576680024
204999,99.01643203634919
205050,88.93691457490287
205101,99.01643203634919
205152,89.97663573648973
205203,99.01643203634919
205254,99.01643203634919
205305,94.38048822357072
205356,74.0883828835972
205407,99.01643203634919
205458,99.01643203634919
205509,54.891663784999864
205560,99.01643203634919
205611,81.76179302798919
205662,49.85136812727094
205713,78.5124889569306
205764,81.90140413446993
205815,86.36776960604834
205866,69.06781624672934
205917,28.3859617455131
205968,80.49939864423658
206019,59.22602224599585
206070,41.5494998565031
206121,64.9938930521995
206172,99.01643203634919
206223,48.587155671733385
206274,99.01643203634919
206325,42.37506146802469
206376,39.999070476305796
206427,99.01643203634919
206478,30.5745405435624
206529,53.94177434473107
206580,53.94864611251189
206631,80.4097462597517
206682,59.59422555623987
206733,99.01643203634919
206784,99.01643203634919
206835,94.11719244823925
206886,61.23201451646041
206937,99.01643203634919
206988,63.32727794034348
207039,88.81595047347638
207090,61.15126683531374
207141,76.66752681899334
207192,97.45361358202048
207243,99.01643203634919
207294,93.83236135749426
207345,99.01643203634919
207396,72.69899292632684
207447,85.9991066623478
207498,99.01643203634919
207549,85.16577237496517
207600,95.49296436955287
207651,91.4708289296464
207702,89.90630547510072
207753,79.59707906657638
207804,80.04416699232218
207855,45.95316456735239
207906,97.2236359745701
207957,77.41256553000727
208008,55.89285965493859
208059,48.976387867189594
208110,99.01643203634919
208161,31.164462973595047
208212,95.19432064955835
208263,78.02230786705617
208314,67.42802945338774
208365,66.26480781235611
208416,45.27486128657994
208467,96.3729687140764
208518,42.81885724502804
208569,99.01643203634919
208620,66.26460993445676
208671,67.56893701309986
208722,61.941228619820635
208773,97.05454191611426
208824,50.41074409027517
208875,99.01643203634919
208926,83.58877132430348
208977,99.01643203634919
209028,88.45427333144805
209079,99.01643203634919
209130,74.53785042942319
209181,81.82411036333067
209232,99.01643203634919
209283,99.01643203634919
209334,61.59309476628036
209385,82.74701934610633
209436,73.72597792159846
209487,83.6917137275198
209538,88.56602731324845
209589,54.27034114517208
209640,78.60150516005568
209691,99.01643203634919
209742,76.50153134015287
209793,78.2320229716617
209844,99.01643203634919
209895,90.18830526554821
209946,91.60107613001875
209997,68.42089936251784
210048,55.53695258960684
210099,99.01643203634919
210150,99.01643203634919
210201,51.07583940825632
210252,99.01643203634919
210303,99.01643203634919
210354,91.32008328636753
210405,96.69653107171273
210456,43.883175093721704
210507,99.01643203634919
210558,92.36362870983639
210609,99.01643203634919
210660,59.259580691714696
210711,99.01643203634919
210762,98.43804732604778
210813,97.03926995769369
210864,82.29932290111184
210915,99.01643203634919
210966,99.01643203634919
211017,72.03097089446904
211068,86.79643052231839
211119,99.01643203634919
211170,63.46014534715604
211221,99.01643203634919
211272,99.01643203634919
211323,99.01643203634919
211374,99.01643203634919
211425,99.01643203634919
211476,94.50007619806387
211527,99.01643203634919
211578,93.74484975001278
211629,30.196677800032266
211680,94.58999501087526
211731,73.94062528405411
211782,99.01643203634919
211833,99.01643203634919
211884,99.01643203634919
211935,89.60093959244301
211986,99.01643203634919
212037,71.13639718238252
212088,73.39657903598628
212139,99.01643203634919
212190,99.01643203634919
212241,43.39435141662474
212292,99.01643203634919
212343,89.36882597653204
212394,65.58415798907333
212445,99.01643203634919
212496,99.01643203634919
212547,99.01643203634919
212598,84.93926421831081
212649,24.484581148058886
212700,99.01643203634919
212751,90.89126860011125
212802,99.01643203634919
212853,97.58161121399236
212904,99.01643203634919
212955,52.35687090782222
213006,99.01643203634919
213057,82.618367727036
213108,64.7248701408808
213159,64.6792898504036
213210,89.68126241928863
213261,99.01643203634919
213312,83.48884858948821
213363,99.01643203634919
213414,99.01643203634919
213465,87.4369082474034
213516,47.23651063036869
213567,87.41000747614547
213618,99.01643203634919
213669,80.9831995299305
213720,99.01643203634919
213771,99.01643203634919
213822,99.01643203634919
213873,95.68242605723668
213924,99.01643203634919
213975,99.01643203634919
214026,80.35759489364675
214077,99.01643203634919
214128,99.01643203634919
214179,99.01643203634919
214230,85.28114421586116
214281,99.01643203634919
214332,41.12529227632857
214383,61.721017445065016
214434,99.01643203634919
214485,87.53361143483004
214536,85.0766859613719
214587,99.01643203634919
214638,90.82036463512081
214689,52.00517550921131
214740,99.01643203634919
214791,99.01643203634919
214842,80.95273871127206
214893,99.01643203634919
214944,95.45962904239633
214995,99.01643203634919
215046,82.18714824617243
215097,76.22709946334905
215148,72.04285056926167
215199,86.88136052243107
215250,83.36660334339524
215301,59.74794095421597
215352,59.736824369620486
215403,99.01643203634919
215454,99.01643203634919
215505,99.01643203634919
215556,82.40725846919807
215607,99.01643203634919
215658,47.146324859599765
215709,74.99789263870612
215760,99.01643203634919
215811,99.01643203634919
215862,82.82040360123362
215913,70.55314868406205
215964,99.01643203634919
216015,71.51940015256744
216066,95.675670597952
216117,81.20785350242878
216168,74.82416891073497
216219,82.28239829389561
216270,99.01643203634919
216321,64.6104214211483
216372,69.07936825398424
216423,99.01643203634919
216474,99.01643203634919
216525,85.06873588624948
216576,99.01643203634919
216627,99.01643203634919
216678,99.01643203634919
216729,99.01643203634919
216780,77.21781762253123
216831,66.12571817066151
216882,99.01643203634919
216933,39.97738608697771
216984,84.12005381635474
217035,88.21908955094871
217086,99.01643203634919
217137,99.01643203634919
217188,46.45494058602922
217239,67.99715233342017
217290,41.06113124084979
217341,78.35805296992653
217392,72.84630835832925
217443,62.65886138670401
217494,89.40954530130001
217545,85.97270775160406
217596,84.92724535550299
217647,63.1299016985887
217698,99.01643203634919
217749,95.08802632086962
217800,97.20126151307004
217851,45.172551317620574
217902,99.01643203634919
217953,99.01643203634919
218004,99.01643203634919
218055,75.0708627356464
218106,74.23997284058046
218157,35.202500526531594
218208,88.60022533396689
218259,72.2945887491526
218310,90.32536520269917
218361,83.24607979898043
218412,54.08407515246305
218463,99.01643203634919
218514,95.91516820092464
218565,71.86153436252825
218616,27.514213958741223
218667,95.11834103390069
218718,74.84678003518121
218769,39.138566085179576
218820,29.07345805107756
218871,91.55950544684121
218922,48.70485325314234
218973,89.66163957547076
219024,87.85166721347551
219075,99.01643203634919
219126,62.07480799169573
219177,45.06370634898805
219228,99.01643203634919
219279,79.95100566626381
219330,88.62378667227215
219381,95.92443685996534
219432,99.01643203634919
219483,99.01643203634919
219534,91.92311224930637
219585,99.01643203634919
219636,86.35730016030755
219687,63.05262735763711
219738,99.01643203634919
219789,99.01643203634919
219840,74.04434151686746
219891,99.01643203634919
219942,99.01643203634919
219993,99.01643203634919
220044,99.01643203634919
220095,66.1234244531222
220146,67.57313974225045
220197,84.71662681814084
220248,72.35705014715674
220299,39.996380460637106
220350,99.01643203634919
220401,99.01643203634919
220452,99.01643203634919
220503,99.01643203634919
220554,81.27096748245867
220605,63.844080905395835
220656,64.44117873508004
220707,65.20045047227887
220758,87.06612444024631
220809,99.01643203634919
220860,93.90399114320779
220911,99.01643203634919
220962,80.27551968998165
221013,99.01643203634919
221064,68.2472859163806
221115,99.01643203634919
221166,92.26365905751126
221217,81.98703813390625
221268,94.24094768451575
221319,99.01643203634919
221370,78.8292635965837
221421,71.31601734786231
221472,77.38999072537524
221523,99.01643203634919
221574,65.19198066193312
221625,99.01643203634919
221676,94.4743306543303
221727,73.23595285793579
221778,50.421889110126635
221829,99.01643203634919
221880,61.3991842547849
221931,94.98256768289048
221982,66.95748655990883
222033,95.2267073808298
222084,83.13658413482922
222135,63.68627826341381
222186,99.01643203634919
222237,99.01643203634919
222288,95.74205730062273
222339,99.01643203634919
222390,55.823985663219716
222441,38.637582705854136
222492,85.52270155533009
222543,87.09060390168257
222594,99.01643203634919
222645,71.10184560822319
222696,82.34502115078219
222747,80.1437126036855
222798,99.01643203634919
222849,99.01643203634919
222900,45.33275367740424
222951,99.01643203634919
223002,99.01643203634919
223053,92.68419792921632
223104,99.01643203634919
223155,81.97580136024239
223206,75.65669156684812
223257,99.01643203634919
223308,65.0390796206511
223359,93.98461952631666
223410,73.96554377527694
223461,99.01643203634919
223512,99.01643203634919
223563,99.01643203634919
223614,99.01643203634919
223665,81.52396405215941
223716,99.01643203634919
223767,44.65381042020122
223818,96.34056830209612
223869,99.01643203634919
223920,34.69148603729421
223971,81.5580563486665
224022,75.12907307722692
224073,99.01643203634919
224124,86.00668680609022
224175,98.50467354165797
224226,99.01643203634919
224277,99.01643203634919
224328,99.01643203634919
224379,94.890668442767
224430,99.01643203634919
224481,28.25346600538842
224532,99.01643203634919
224583,88.51934371072338
224634,87.7148752277852
224685,95.13830720475482
224736,67.46890115654156
224787,24.852249145186278
224838,82.48331590377539
224889,41.649314390891135
224940,81.15870011628041
224991,55.911356074808005
225042,17.553137340608284
225093,65.599738823726
225144,41.294459715105
225195,76.0748756839922
225246,99.01643203634919
225297,99.01643203634919
225348,83.92118956631603
225399,96.90248589756023
225450,99.01643203634919
225501,99.01643203634919
225552,99.01643203634919
225603,59.691023563632776
225654,53.20397452316165
225705,90.0669866625487
225756,82.45456921729148
225807,39.60008722371718
225858,63.59789878011777
225909,99.01643203634919
225960,69.6268794687283
226011,24.5392866526348
226062,49.537016470043135
226113,40.86571052431601
226164,99.01643203634919
226215,67.88250783622705
226266,82.802974303466
226317,50.07885816544619
226368,99.01643203634919
226419,52.569506015837725
226470,83.12649238538893
226521,88.12133006380998
226572,91.31821080154029
226623,41.98908984408976
226674,94.22465653970912
226725,75.5193830661811
226776,99.01643203634919
226827,95.58755323076153
226878,88.53099193158117
226929,49.583912494267764
226980,60.756428207637875
227031,99.01643203634919
227082,83.05761650577159
227133,99.01643203634919
227184,99.01643203634919
227235,71.24064417495717
227286,50.78775774340955
227337,71.00313858543066
227388,99.01643203634919
227439,75.59551605238876
227490,90.28721962804616
227541,99.01643203634919
227592,99.01643203634919
227643,99.01643203634919
227694,99.01643203634919
227745,70.60046240519823
227796,99.01643203634919
227847,42.95664768691579
227898,99.01643203634919
227949,99.01643203634919
228000,59.513595536003606
228051,99.01643203634919
228102,85.08348643808066
228153,52.43171357056441
228204,99.01643203634919
228255,76.86401863111531
228306,75.1958441514267
228357,95.50461139549813
228408,99.01643203634919
228459,94.86640656105129
228510,99.01643203634919
228561,96.48203537544187
228612,46.818498010368586
228663,81.8913336990817
228714,99.01643203634919
228765,69.74958604790628
228816,99.01643203634919
228867,39.273665582735596
228918,76.40837539293041
228969,99.01643203634919
229020,13.07165369085062
229071,58.5001917862087
229122,70.2029024625435
229173,50.6884530072844
229224,30.8052701223367
229275,99.01643203634919
229326,76.22151496828239
229377,45.74090351544104
229428,99.01643203634919
229479,90.73097727205884
229530,99.01643203634919
229581,61.51999139250707
229632,99.01643203634919
229683,99.01643203634919
229734,53.628463903588305
229785,34.63530783106571
229836,99.01643203634919
229887,96.1164804730341
229938,84.91234530225927
229989,99.01643203634919
230040,65.75148828374202
230091,23.520401468706954
230142,86.81492819931862
230193,99.01643203634919
230244,71.8980928699936
230295,99.01643203634919
230346,57.71210913757626
230397,95.74936632051431
230448,99.01643203634919
230499,79.69776088887818
230550,69.16286120911366
230601,92.17956853593957
230652,99.01643203634919
230703,99.01643203634919
230754,99.01643203634919
230805,89.4404159168569
230856,91.46809318345593
230907,99.01643203634919
230958,71.30870403416777
231009,73.24235880767701
231060,99.01643203634919
231111,88.33459700278874
231162,95.4795349188408
231213,66.6506639008173
231264,99.01643203634919
231315,80.15112510040011
231366,88.05349565615157
231417,49.239289172155644
231468,99.01643203634919
231519,72.77879448827214
231570,85.1944146909779
231621,78.668426529134
231672,99.01643203634919
231723,99.01643203634919
231774,88.21720971104602
231825,99.01643203634919
231876,99.01643203634919
231927,88.36594701230283
231978,99.01643203634919
232029,97.12901865040509
232080,99.01643203634919
232131,69.21846216726965
232182,99.01643203634919
232233,99.01643203634919
232284,95.41228321140238
232335,83.94933609151423
232386,99.01643203634919
232437,99.01643203634919
232488,32.12113545190636
232539,99.01643203634919
232590,99.01643203634919
232641,97.25172583644846
232692,82.23586822290879
232743,99.01643203634919
232794,95.06572311020648
232845,99.01643203634919
232896,61.20458845997115
232947,36.255144264954325
232998,99.01643203634919
233049,99.01643203634919
233100,99.01643203634919
233151,71.78151954982194
233202,99.01643203634919
233253,34.82550573467054
233304,99.01643203634919
233355,68.27783970853079
233406,99.01643203634919
233457,99.01643203634919
233508,59.02973796513338
233559,72.87324965224946
233610,99.01643203634919
233661,99.01643203634919
233712,95.47423335550764
233763,94.72228237998162
233814,43.87437915355029
233865,87.73775880288522
233916,20.270639710209913
233967,64.90237223199999
234018,99.01643203634919
234069,77.59832919971538
234120,99.01643203634919
234171,98.44442942993689
234222,76.46550154765558
234273,99.01643203634919
234324,85.97185432227583
234375,87.96609885486683
234426,99.01643203634919
234477,39.61624559536339
234528,93.61428769839281
234579,99.01643203634919
234630,99.01643203634919
234681,69.7386801407814
234732,79.89312051770055
234783,96.59129154219856
234834,50.41638031176333
234885,99.01643203634919
234936,94.51792410688503
234987,99.01643203634919
235038,97.49822338015389
235089,63.047917128305365
235140,94.22388256711392
235191,99.01643203634919
235242,99.01643203634919
235293,93.70521088544525
235344,99.01643203634919
235395,93.38477775461195
235446,99.01643203634919
235497,99.01643203634919
235548,90.34675868609523
235599,35.44997327889013
235650,99.01643203634919
235701,81.6971698644341
235752,99.01643203634919
235803,93.92650605025607
235854,88.12948202528044
235905,81.58676840874838
235956,86.83830587863831
236007,95.75542768717601
236058,99.01643203634919
236109,97.65020314045864
236160,82.40043443539577
236211,99.01643203634919
236262,94.22516549604637
236313,99.01643203634919
236364,72.68413163176834
236415,83.67134903092447
236466,99.01643203634919
236517,62.11378587827756
236568,90.45550729866848
236619,82.34591636821912
236670,99.01643203634919
236721,99.01643203634919
236772,38.97272209900898
236823,79.47848983014632
236874,19.913592705438564
236925,91.070630864081
236976,99.01643203634919
237027,67.40708323612944
237078,80.86811561229774
237129,92.22954661238107
237180,99.01643203634919
237231,99.01643203634919
237282,81.08338355672183
237333,99.01643203634919
237384,99.01643203634919
237435,66.11385883049545
237486,71.02035815796194
237537,74.34427595590759
237588,43.824221046951365
237639,66.51967993316215
237690,78.77663783261795
237741,93.61890609805991
237792,52.44569450375013
237843,51.55001489798296
237894,99.01643203634919
237945,99.01643203634919
237996,99.01643203634919
238047,99.01643203634919
238098,99.01643203634919
238149,21.93150700158137
238200,29.021646369657727
238251,99.01643203634919
238302,89.43688332752798
238353,88.52054012567959
238404,74.13561293407645
238455,87.45056388730524
238506,84.40204006938764
238557,99.01643203634919
238608,60.73875475098707
238659,99.01643203634919
238710,99.01643203634919
238761,99.01643203634919
238812,84.84590574729314
238863,99.01643203634919
238914,99.01643203634919
238965,66.78869228240751
239016,96.21075149643272
239067,94.86668685626147
239118,50.72287954997881
239169,54.663992409698935
239220,99.01643203634919
239271,89.14612985004943
239322,99.01643203634919
239373,90.69183963982256
239424,30.043791985094828
239475,99.01643203634919
239526,91.54403963495304
239577,92.7410971595449
239628,51.33450271045763
239679,80.79897842858979
239730,79.5124935147671
239781,70.47512186353262
239832,44.207379459823414
239883,67.25352959673559
239934,99.01643203634919
239985,99.01643203634919
240036,90.63636145218972
240087,76.05836216504929
240138,41.61713269945995
240189,83.35393519841139
240240,99.01643203634919
240291,99.01643203634919
240342,63.34896214322944
240393,47.53370908005737
240444,99.01643203634919
240495,73.81115249588342
240546,99.01643203634919
240597,64.37727770659116
240648,68.4667519022372
240699,49.58331356179797
240750,99.01643203634919
240801,99.01643203634919
240852,51.34104738944119
240903,57.35864747028513
240954,61.63546994175104
241005,61.96093973853099
241056,99.01643203634919
241107,82.40693712287081
241158,99.01643203634919
241209,99.01643203634919
241260,75.62437181530046
241311,99.01643203634919
241362,99.01643203634919
241413,92.03253787920744
241464,58.0059271768521
241515,79.75846565447505
241566,44.14676851543553
241617,40.69792459294978
241668,99.01643203634919
241719,92.60145323552736
241770,62.99828740222104
241821,77.58497933970747
241872,99.01643203634919
241923,99.01643203634919
241974,99.01643203634919
242025,84.6974544065805
242076,87.99348457162698
242127,99.01643203634919
242178,99.01643203634919
242229,99.01643203634919
242280,99.01643203634919
242331,99.01643203634919
242382,73.22886439674909
242433,99.01643203634919
242484,88.51064957151387
242535,88.1178662049673
242586,99.01643203634919
242637,85.2518293621801
242688,99.01643203634919
242739,96.12968966433323
242790,40.87320467852861
242841,29.253124366537115
242892,99.01643203634919
242943,99.01643203634919
242994,74.77826755022771
243045,94.82561248497396
243096,82.81862655302872
243147,97.75983762764422
243198,99.01643203634919
243249,99.01643203634919
243300,80.19328168821106
243351,99.01643203634919
243402,48.099635168929254
243453,65.34118641669558
243504,99.01643203634919
243555,99.01643203634919
243606,99.01643203634919
243657,94.46334586556618
243708,99.01643203634919
243759,54.81093937517916
243810,99.01643203634919
243861,52.12391235089662
243912,69.91837718791834
243963,85.95842825538462
244014,78.68425875166555
244065,67.4098594779908
244116,99.01643203634919
244167,99.01643203634919
244218,99.01643203634919
244269,81.20967674566215
244320,99.01643203634919
244371,99.01643203634919
244422,93.45661033890276
244473,78.00339647759293
244524,99.01643203634919
244575,57.0876645288811
244626,99.01643203634919
244677,73.35926594481569
244728,99.01643203634919
244779,64.99876045134704
244830,53.34609595422187
244881,88.30238563083812
244932,99.01643203634919
244983,94.59001197019452
245034,99.01643203634919
245085,71.33284007074487
245136,99.01643203634919
245187,86.66605946690362
245238,54.046661130633254
245289,34.03260820144371
245340,93.20989946116231
245391,53.06637578047847
245442,95.17042106977928
245493,99.01643203634919
245544,87.79741059601595
245595,97.53273885858269
245646,99.01643203634919
245697,99.01643203634919
245748,99.01643203634919
245799,70.71842677577182
245850,71.34385958409351
245901,79.9641268506114
245952,96.18524363480462
246003,99.01643203634919
246054,99.01643203634919
246105,99.01643203634919
246156,83.6914324060736
246207,85.5439687067404
246258,59.913911636123
246309,33.01886510051196
246360,92.31671358129823
246411,90.0475395751906
246462,99.01643203634919
246513,83.03493202913889
246564,49.58134261362918
246615,99.01643203634919
246666,99.01643203634919
246717,99.01643203634919
246768,91.64253806460299
246819,84.6353559563958
246870,94.7878839264203
246921,99.01643203634919
246972,79.60809249460799
247023,99.01643203634919
247074,99.01643203634919
247125,58.21109594361717
247176,41.80974438084269
247227,99.01643203634919
247278,99.01643203634919
247329,69.079532711923
247380,64.71685299801582
247431,66.28289247307765
247482,91.84674940289842
247533,56.4400919814925
247584,88.29859435922161
247635,99.01643203634919
247686,77.90382934053923
247737,54.32054538070271
247788,60.970075129904245
247839,40.566014716246016
247890,88.9327315007531
247941,97.0241473500506
247992,34.80283182484348
248043,99.01643203634919
248094,99.01643203634919
248145,60.626593653332556
248196,99.01643203634919
248247,78.08100450549101
248298,55.64278013271411
248349,92.47425430092575
248400,53.675416264907255
248451,64.89581639856041
248502,40.934512322734044
248553,65.66435346456282
248604,92.73319591779685
248655,89.0976474565264
248706,99.01643203634919
248757,99.01643203634919
248808,99.01643203634919
248859,99.01643203634919
248910,81.00189098858549
248961,64.10936594793313
249012,48.29952254253586
249063,75.99012939886492
249114,60.5978592155749
249165,92.53407176014896
249216,61.12796790776798
249267,99.01643203634919
249318,92.64381693519175
249369,96.03385042118795
249420,71.28519066800362
249471,96.96596491839043
249522,71.5070404241809
249573,99.01643203634919
249624,33.7578654005487
249675,83.33585736834286
249726,78.77826325415528
249777,99.01643203634919
249828,99.01643203634919
249879,99.01643203634919
249930,78.6130751305525
249981,40.081101963646496
250032,99.01643203634919
250083,99.01643203634919
250134,75.58622999710408
250185,99.01643203634919
250236,61.59063386980671
250287,57.55638064302786
250338,99.01643203634919
250389,99.01643203634919
250440,29.657291565555173
250491,63.90537149101328
250542,82.38942908290976
250593,99.01643203634919
250644,91.11049055713876
250695,57.2977338678488
250746,99.01643203634919
250797,99.01643203634919
250848,99.01643203634919
250899,69.81616502622639
250950,81.18440405280772
251001,36.126830179957224
251052,62.137065925119806
251103,57.671354880623134
251154,76.94287769398372
251205,96.59353079944864
251256,99.01643203634919
251307,60.74095054458284
251358,99.01643203634919
251409,99.01643203634919
251460,99.01643203634919
251511,93.23515922902811
251562,80.99785102075118
251613,99.01643203634919
251664,54.918746546867226
251715,89.52774934717445
251766,94.42433813012319
251817,99.01643203634919
251868,78.66874348777037
251919,88.60460662114338
251970,72.44512234145742
252021,32.37219842586898
252072,99.01643203634919
252123,99.01643203634919
252174,99.01643203634919
252225,90.25579878126689
252276,99.01643203634919
252327,44.36420692355913
252378,32.35127246101239
252429,99.01643203634919
252480,69.88458799506404
252531,99.01643203634919
252582,99.01643203634919
252633,99.01643203634919
252684,81.54775348849708
252735,99.01643203634919
252786,99.01643203634919
252837,65.61577767849754
252888,99.01643203634919
252939,52.84348041615791
252990,57.58866433040723
253041,70.96747237771821
253092,99.01643203634919
253143,99.01643203634919
253194,46.849656234355805
253245,99.01643203634919
253296,20.860160369136036
253347,66.83132305436017
253398,30.95319173633688
253449,99.01643203634919
253500,89.66886446041882
253551,70.74307155067797
253602,85.62728627605063
253653,99.01643203634919
253704,99.01643203634919
253755,42.179429811122226
253806,99.01643203634919
253857,45.36386400435394
253908,99.01643203634919
253959,89.42531369314146
254010,99.01643203634919
254061,67.21232896190644
254112,99.01643203634919
254163,93.18454717189549
254214,99.01643203634919
254265,47.36579951214126
254316,99.01643203634919
254367,99.01643203634919
254418,85.34818773053624
254469,99.01643203634919
254520,65.47441683357013
254571,99.01643203634919
254622,56.990000438739706
254673,79.05756622735144
254724,65.72371304946884
254775,82.1938255235439
254826,99.01643203634919
254877,53.87016060361226
254928,76.17874798307469
254979,48.639971518710006
255030,89.98508894784979
255081,99.01643203634919
255132,99.01643203634919
255183,44.6220261684286
255234,46.58641768832325
255285,94.69362231641475
255336,69.14500693633705
255387,99.01643203634919
255438,65.39652890432433
255489,67.73357868546452
255540,70.44727119840198
255591,55.89622365996707
255642,94.39652646062112
255693,99.01643203634919
255744,81.83539609705741
255795,21.626177285504415
255846,87.54608118895388
255897,73.3491011553697
255948,99.01643203634919
255999,99.01643203634919
256050,99.01643203634919
256101,99.01643203634919
256152,99.01643203634919
256203,88.2980324280642
256254,87.9304577981593
256305,71.74094150756648
256356,41.08529378225807
256407,99.01643203634919
256458,99.01643203634919
256509,88.61233977147629
256560,99.01643203634919
256611,74.21303600038223
256662,93.55807102884322
256713,99.01643203634919
256764,46.306324715419564
256815,93.5075762323215
256866,29.263158430245518
256917,95.73940025364723
256968,56.01507409393393
257019,77.00214145022859
257070,99.01643203634919
257121,83.42260464151178
257172,99.01643203634919
257223,80.76258229672017
257274,99.01643203634919
257325,95.52763253310596
257376,74.17244902108332
257427,84.33456691512792
257478,91.07464544621881
257529,81.60153678851925
257580,85.62258963983791
257631,99.01643203634919
257682,61.575188223850866
257733,71.77586202324393
257784,54.80288565360765
257835,94.92771470729929
257886,88.38803125123074
257937,99.01643203634919
257988,87.70404653113287
258039,99.01643203634919
258090,33.192557467599144
258141,99.01643203634919
258192,99.01643203634919
258243,99.01643203634919
258294,99.01643203634919
258345,99.01643203634919
258396,85.39102314857371
258447,52.995247140842025
258498,99.01643203634919
258549,99.01643203634919
258600,99.01643203634919
258651,65.59195456039238
258702,99.01643203634919
258753,99.01643203634919
258804,67.39952819532235
258855,86.654642363057
258906,82.44518654766175
258957,59.13490959834698
259008,61.771466459781124
259059,99.01643203634919
259110,44.757315533349356
259161,80.37252951488256
259212,93.72086377873705
259263,52.264138546899225
259314,56.77982985542974
259365,41.394406073331325
259416,99.01643203634919
259467,68.97653946471249
259518,73.32112214439285
259569,99.01643203634919
259620,95.78667472888004
259671,87.41920559830933
259722,99.01643203634919
259773,59.46109531595941
259824,94.30749978500386
259875,99.01643203634919
259926,31.08159819536267
259977,99.01643203634919
260028,99.01643203634919
260079,88.90134177541348
260130,99.01643203634919
260181,99.01643203634919
260232,72.45911743480535
260283,93.99313734569327
260334,60.35877863080746
260385,74.09929083035414
260436,59.964999597219446
260487,92.57147847807178
260538,89.56902281949955
260589,99.01643203634919
260640,94.74538136683518
260691,99.01643203634919
260742,75.1356781860924
260793,76.37819943756375
260844,99.01643203634919
260895,83.21944540570597
260946,54.68540361499038
260997,94.67337320252835
261048,99.01643203634919
261099,99.01643203634919
261150,61.85756911198076
261201,94.06080441406847
261252,99.01643203634919
261303,80.80229628937113
261354,99.01643203634919
261405,99.01643203634919
261456,99.01643203634919
261507,95.75644102861175
261558,93.83198906085616
261609,35.326886069569774
261660,81.58025939179412
261711,94.88805673484995
261762,99.01643203634919
261813,86.78804918505888
261864,82.55931469503878
261915,42.9669431860692
261966,91.78666327152054
262017,77.89102359469975
262068,96.46297218261475
262119,99.01643203634919
262170,99.01643203634919
262221,73.22549857352706
262272,54.25634168162727
262323,99.01643203634919
262374,76.36015820865295
262425,79.55534868394798
262476,79.55779814252672
262527,47.83750069740355
262578,42.67487072808562
262629,54.44672182636588
262680,34.94055359887811
262731,95.42998497188194
262782,60.46917408864719
262833,64.27660507020833
262884,46.1183112541238
262935,99.01643203634919
262986,99.01643203634919
263037,67.81781004152514
263088,95.15688804496092
263139,45.275431363440916
263190,99.01643203634919
263241,99.01643203634919
263292,69.40260373462465
263343,60.63178340864654
263394,99.01643203634919
263445,80.22091144742137
263496,25.99265693523876
263547,99.01643203634919
263598,63.325069513049
263649,30.060073801392285
263700,99.01643203634919
263751,93.3610820703116
263802,88.63634248731722
263853,60.77841807622733
263904,92.692236798298
263955,85.72434737914261
264006,99.01643203634919
264057,99.01643203634919
264108,43.528331507420624
264159,99.01643203634919
264210,81.23539875600386
264261,84.72839809966041
264312,99.01643203634919
264363,61.09954939756182
264414,67.25277054797033
264465,76.81687068525311
264516,71.79664170127917
264567,61.527874075640106
264618,99.01643203634919
264669,61.364216536596764
264720,95.30357695728397
264771,56.12152493603283
264822,99.01643203634919
264873,79.68018162520868
264924,71.85483409855556
264975,99.01643203634919
265026,99.01643203634919
265077,45.518039140988115
265128,85.80363639712623
265179,97.26864542424887
265230,63.1509113159793
265281,93.10252433234486
265332,82.38403251454965
265383,57.46448550384282
265434,99.01643203634919
265485,99.01643203634919
265536,82.64003429867105
265587,80.98714594241781
265638,81.67866729568027
265689,99.01643203634919
265740,96.09680188925088
265791,93.06754931668672
265842,99.01643203634919
265893,99.01643203634919
265944,92.75605495091868
265995,99.01643203634919
266046,66.96860541005222
266097,99.01643203634919
266148,99.01643203634919
266199,99.01643203634919
266250,81.63454963247503
266301,99.01643203634919
266352,38.87265428975275
266403,99.01643203634919
266454,69.6152412542465
266505,80.31788532981334
266556,90.9471792741433
266607,90.58453693006645
266658,99.01643203634919
266709,91.27224408825944
266760,99.01643203634919
266811,59.64600512736705
266862,85.93630209789558
266913,77.93320220544032
266964,64.74895672070096
267015,71.96747067802242
267066,99.01643203634919
267117,96.03195667375046
267168,85.29865107969644
267219,51.25741988478047
267270,95.36652674946222
267321,88.86570339450358
267372,99.01643203634919
267423,46.07509200833759
267474,99.01643203634919
267525,99.01643203634919
267576,99.01643203634919
267627,80.12630360822988
267678,99.01643203634919
267729,99.01643203634919
267780,99.01643203634919
267831,95.27071376590652
267882,75.33843455628578
267933,73.57087258436864
267984,50.441837604657216
268035,77.52787429438884
268086,54.3711486494968
268137,99.01643203634919
268188,49.906879760201775
268239,99.01643203634919
268290,99.01643203634919
268341,73.7451914034893
268392,42.275329508381034
268443,35.107946745359996
268494,67.32023992073249
268545,99.01643203634919
268596,99.01643203634919
268647,95.15420749289655
268698,87.15675719135287
268749,99.01643203634919
268800,83.99790744619864
268851,99.01643203634919
268902,99.01643203634919
268953,85.05584759023412
269004,99.01643203634919
269055,99.01643203634919
269106,99.01643203634919
269157,99.01643203634919
269208,99.01643203634919
269259,93.4530983118045
269310,68.76731010292083
269361,88.82538890838944
269412,73.00878741109354
269463,93.21714841754005
269514,99.01643203634919
269565,99.01643203634919
269616,99.01643203634919
269667,99.01643203634919
269718,99.01643203634919
269769,99.01643203634919
269820,84.71352346791323
269871,56.909227364301785
269922,74.37942740121727
269973,99.01643203634919
270024,99.01643203634919
270075,66.20399624318567
270126,94.23992331487356
270177,99.01643203634919
270228,99.01643203634919
270279,99.01643203634919
270330,99.01643203634919
270381,35.35840646144191
270432,99.01643203634919
270483,99.01643203634919
270534,99.01643203634919
270585,83.46105880293516
270636,53.309701789708605
270687,99.01643203634919
270738,53.972439701185976
270789,85.77062915928934
270840,90.31061859510949
270891,99.01643203634919
270942,99.01643203634919
270993,63.231693151535964
271044,34.550253627271665
271095,57.97721374796074
271146,99.01643203634919
271197,99.01643203634919
271248,99.01643203634919
271299,91.77490079849548
271350,66.10148991783294
271401,99.01643203634919
271452,84.68775041224737
271503,61.06738889205609
271554,33.285981134861125
271605,99.01643203634919
271656,99.01643203634919
271707,76.33493757873131
271758,79.92088460598067
271809,93.57205269114421
271860,74.78932897098163
271911,22.519899361651042
271962,66.42697782095486
272013,91.92376988536118
272064,99.01643203634919
272115,99.01643203634919
272166,99.01643203634919
272217,99.01643203634919
272268,32.18000734739052
272319,94.7971564883654
272370,52.04538759277373
272421,99.01643203634919
272472,22.75095793769367
272523,94.36905708629405
272574,52.171485536682304
272625,99.01643203634919
272676,74.86658219682117
272727,76.3263660438568
272778,99.01643203634919
272829,91.10057686266744
272880,93.17808477796976
272931,85.18900354781056
272982,92.79262545418909
273033,99.01643203634919
273084,54.37584028538103
273135,93.33279777092986
273186,93.79702585093284
273237,99.01643203634919
273288,72.940328414703
273339,97.05566701607222
273390,99.01643203634919
273441,99.01643203634919
273492,58.7652311248231
273543,98.25854405107684
273594,51.16619044979448
273645,99.01643203634919
273696,65.57506624559534
273747,86.86769380908932
273798,91.72887697960128
273849,51.01879682690838
273900,99.01643203634919
273951,84.75474612249918
274002,62.978030552406814
274053,61.10273239841952
274104,94.12669062093181
274155,66.04212347501276
274206,92.22234858877121
274257,99.01643203634919
274308,48.041754281512446
274359,90.01195282409525
274410,72.34397339597571
274461,61.666391013968024
274512,91.70089435892112
274563,99.01643203634919
274614,56.95172441654786
274665,99.01643203634919
274716,96.19684618576038
274767,99.01643203634919
274818,42.667108946903
274869,82.87425819430543
274920,94.44646073126847
274971,99.01643203634919
275022,99.01643203634919
275073,89.89907652073119
275124,60.37011866420788
275175,99.01643203634919
275226,86.94341629315694
275277,99.01643203634919
275328,81.29409373022821
275379,88.46131069750967
275430,99.01643203634919
275481,99.01643203634919
275532,99.01643203634919
275583,99.01643203634919
275634,60.56135712843292
275685,41.852860209141966
275736,71.37289635832434
275787,81.1936183043157
275838,99.01643203634919
275889,55.99371329268075
275940,94.9279964163618
275991,80.74662671246051
276042,37.84591297007792
276093,84.57533043261857
276144,58.602763663181214
276195,99.01643203634919
276246,99.01643203634919
276297,52.78788459499537
276348,88.60950968283043
276399,43.28844187354929
276450,63.11806797828178
276501,99.01643203634919
276552,90.82404024931606
276603,67.52293428174524
276654,56.85034368863262
276705,97.47029353178824
276756,99.01643203634919
276807,99.01643203634919
276858,99.01643203634919
276909,99.01643203634919
276960,72.86462913616111
277011,99.01643203634919
277062,92.73781225501844
277113,99.01643203634919
277164,13.17079617892996
277215,72.24203197826776
277266,90.62430290078626
277317,11.347770748938373
277368,95.19427992989169
277419,42.88863983749351
277470,44.36066690730766
277521,99.01643203634919
277572,91.74207907401555
277623,88.45105458259692
277674,99.01643203634919
277725,99.01643203634919
277776,99.01643203634919
277827,99.01643203634919
277878,84.62019453003211
277929,76.84758087224436
277980,66.30590885249725
278031,60.18219754010534
278082,87.4430399490525
278133,92.16433956276295
278184,99.01643203634919
278235,36.679852147238805
278286,43.99509589540085
278337,99.01643203634919
278388,99.01643203634919
278439,99.01643203634919
278490,71.37301439551266
278541,30.478868392022896
278592,79.79029723483868
278643,80.65827349585787
278694,99.01643203634919
278745,50.38216975318852
278796,99.01643203634919
278847,96.03773957809129
278898,95.42456819180653
278949,99.01643203634919
279000,83.16209096081717
279051,99.01643203634919
279102,99.01643203634919
279153,95.9303517080375
279204,99.01643203634919
279255,59.43006924586142
279306,99.01643203634919
279357,99.01643203634919
279408,37.976693425187946
279459,55.25250063879312
279510,39.542545590770644
279561,99.01643203634919
279612,84.444085739414
279663,95.12926719537796
279714,89.18302049256549
279765,88.7971749427742
279816,99.01643203634919
279867,44.25494209487301
279918,89.71428278170755
279969,84.40918414990387
280020,81.77618353099744
280071,91.55389507205145
280122,99.01643203634919
280173,99.01643203634919
280224,61.04282134821015
280275,92.2120523934921
280326,99.01643203634919
280377,73.2510353944884
280428,99.01643203634919
280479,76.7548905477081
280530,99.01643203634919
280581,99.01643203634919
280632,33.92114813513834
280683,64.09631728565829
280734,88.8972576381508
280785,73.7581293348035
280836,99.01643203634919
280887,99.01643203634919
280938,44.31008342504097
280989,82.51774571951516
281040,86.75642222536271
281091,99.01643203634919
281142,99.01643203634919
281193,84.41155437163627
281244,57.11571641431496
281295,99.01643203634919
281346,71.45746321509999
281397,97.73448083793764
281448,80.34688144513602
281499,99.01643203634919
281550,99.01643203634919
281601,99.01643203634919
281652,77.3741663637847
281703,59.196046345524785
281754,99.01643203634919
281805,66.05358535870158
281856,87.78424817168259
281907,62.47329870447454
281958,78.62511582733767
282009,75.40965047266478
282060,81.86026747676242
282111,99.01643203634919
282162,81.29788417771005
282213,99.01643203634919
282264,55.84174473933299
282315,49.598437365791135
282366,99.01643203634919
282417,97.72827396081699
282468,63.90615110949725
282519,81.63156835374954
282570,99.01643203634919
282621,99.01643203634919
282672,99.01643203634919
282723,65.68640578567872
282774,66.88412481439231
282825,22.80387755135987
282876,92.53609096615507
282927,99.01643203634919
282978,55.34596681969356
283029,72.22945708430697
283080,80.77347994684268
283131,77.85135006926738
283182,95.4855982633524
283233,99.01643203634919
283284,90.3382903699772
283335,65.63475300856217
283386,74.74729816325915
283437,99.01643203634919
283488,93.60542636810771
283539,62.82298369221493
283590,99.01643203634919
283641,85.40413062239439
283692,99.01643203634919
283743,95.65784943913296
283794,42.72490559674372
283845,99.01643203634919
283896,99.01643203634919
283947,83.65902085958649
283998,99.01643203634919
284049,44.19093414295115
284100,34.377032357966215
284151,93.80985238653807
284202,93.30017798980833
284253,62.63383798699499
284304,99.01643203634919
284355,72.6054641730848
284406,99.01643203634919
284457,76.64518096224889
284508,48.69323163453817
284559,68.34916847871597
284610,84.5769853553781
284661,99.01643203634919
284712,99.01643203634919
284763,99.01643203634919
284814,60.984081535739676
284865,24.25701157877076
284916,99.01643203634919
284967,99.01643203634919
285018,67.97901898423174
285069,99.01643203634919
285120,42.25628838941535
285171,92.32189695118768
285222,92.5076030594806
285273,83.9343309258008
285324,88.48828633375257
285375,73.22605808749223
285426,99.01643203634919
285477,86.09630104478208
285528,99.01643203634919
285579,99.01643203634919
285630,36.99553259445841
285681,85.01729929312357
285732,59.35562520108888
285783,99.01643203634919
285834,91.71663334548357
285885,99.01643203634919
285936,40.724555926497324
285987,99.01643203634919
286038,99.01643203634919
286089,94.59944393509046
286140,82.84004003675683
286191,99.01643203634919
286242,80.01215019315686
286293,99.01643203634919
286344,99.01643203634919
286395,74.60531113430845
286446,99.01643203634919
286497,99.01643203634919
286548,99.01643203634919
286599,99.01643203634919
286650,86.011268998768
286701,72.89946423952658
286752,99.01643203634919
286803,99.01643203634919
286854,86.62795470660889
286905,99.01643203634919
286956,61.116853872693234
287007,95.85925723200356
287058,72.80260557725188
287109,99.01643203634919
287160,66.69177232935537
287211,80.03320013713207
287262,83.61325669170488
287313,99.01643203634919
287364,99.01643203634919
287415,66.06196138173355
287466,99.01643203634919
287517,99.01643203634919
287568,99.01643203634919
287619,72.8507949424592
287670,43.532065143878405
287721,99.01643203634919
287772,45.370964256161244
287823,96.64423884409707
287874,97.19511448561859
287925,95.26367341750097
287976,93.0043922757315
288027,79.76451789825954
288078,74.86440130979129
288129,99.01643203634919
288180,79.19593785221444
288231,81.73772374737483
288282,96.60385420391275
288333,86.65211150247232
288384,49.76308477928773
288435,99.01643203634919
288486,30.677273787040914
288537,53.61954440114726
288588,99.01643203634919
288639,99.01643203634919
288690,99.01643203634919
288741,95.65732573431157
288792,92.22700813195284
288843,99.01643203634919
288894,59.8907258605774
288945,82.94059922729157
288996,99.01643203634919
289047,93.50402737845931
289098,79.89935314466817
289149,99.01643203634919
289200,99.01643203634919
289251,99.01643203634919
289302,99.01643203634919
289353,99.01643203634919
289404,54.43766009724749
289455,75.63809336581096
289506,99.01643203634919
289557,55.77654194753493
289608,77.26651397947785
289659,99.01643203634919
289710,99.01643203634919
289761,89.77060952377246
289812,67.97035519872226
289863,55.8914137285544
289914,31.122391966669213
289965,99.01643203634919
290016,80.30492277844596
290067,87.12878434502369
290118,70.37225285546178
290169,99.01643203634919
290220,99.01643203634919
290271,31.773317466439774
290322,99.01643203634919
290373,23.68308138354304
290424,79.40771943573912
290475,99.01643203634919
290526,88.54529726560204
290577,99.01643203634919
290628,84.44887910535114
290679,86.69012795075749
290730,45.95036912112468
290781,67.3083845858418
290832,29.146724296276663
290883,99.01643203634919
290934,89.74175893382562
290985,93.53913658896737
291036,69.04092428990073
291087,94.83446821126233
291138,99.01643203634919
291189,31.21035057210404
291240,44.50672935537603
291291,78.34332543209743
291342,47.90746209673135
291393,87.11367195710716
291444,99.01643203634919
291495,84.07983641066872
291546,68.3721220621992
291597,37.80556493507845
291648,99.01643203634919
291699,67.55040192500644
291750,99.01643203634919
291801,99.01643203634919
291852,77.77227770481811
291903,99.01643203634919
291954,78.60039432841121
292005,99.01643203634919
292056,99.01643203634919
292107,79.83181538493744
292158,48.145290603864254
292209,98.02641090969757
292260,99.01643203634919
292311,99.01643203634919
292362,89.07716862551199
292413,48.29450826254875
292464,62.67162902901506
292515,64.96522376569877
292566,92.77164674999912
292617,99.01643203634919
292668,88.82036016045973
292719,56.83068906532962
292770,48.543814192896654
292821,80.35407661179836
292872,99.01643203634919
292923,88.21255727413606
292974,26.739065519070337
293025,42.11364496039695
293076,77.30866476633807
293127,79.700376522946
293178,99.01643203634919
293229,99.01643203634919
293280,99.01643203634919
293331,70.9155880380801
293382,99.01643203634919
293433,99.01643203634919
293484,89.50311037105051
293535,99.01643203634919
293586,91.52556458623006
293637,82.13244169812498
293688,17.18441625699234
293739,64.22017121021732
293790,98.46353793291559
293841,99.01643203634919
293892,99.01643203634919
293943,99.01643203634919
293994,64.58482080318224
294045,49.88018071181751
294096,99.01643203634919
294147,99.01643203634919
294198,99.01643203634919
294249,99.01643203634919
294300,88.3452404130902
294351,62.43292807536329
294402,99.01643203634919
294453,80.69860890686373
294504,62.88496912951773
294555,56.05335475307396
294606,91.58890685840845
294657,33.40533444845604
294708,99.01643203634919
294759,91.00988038259082
294810,93.82088609932626
294861,91.79693361327196
294912,79.29292211328475
294963,84.03068800907877
295014,78.77125342256194
295065,92.0546833763476
295116,99.01643203634919
295167,96.3235927036099
295218,95.41863014278576
295269,99.01643203634919
295320,95.74049984155982
295371,27.61570856406634
295422,45.17903334045367
295473,43.83588119447096
295524,73.78909005378512
295575,99.01643203634919
295626,99.01643203634919
295677,93.62615260515797
295728,19.672147322208076
295779,74.32881188349157
295830,69.58467858264065
295881,83.11164249120861
295932,24.769253553796965
295983,57.23270710688063
296034,99.01643203634919
296085,99.01643203634919
296136,53.09049700953646
296187,99.01643203634919
296238,90.43896203987188
296289,99.01643203634919
296340,81.83801710405957
296391,75.35552465203862
296442,99.01643203634919
296493,50.16870139776852
296544,96.61836523195949
296595,93.682799059417
296646,99.01643203634919
296697,99.01643203634919
296748,99.01643203634919
296799,99.01643203634919
296850,73.54913651649215
296901,99.01643203634919
296952,63.61331621512118
297003,59.906084658930666
297054,96.7088587865369
297105,99.01643203634919
297156,99.01643203634919
297207,99.01643203634919
297258,70.47294113342288
297309,74.69005290141382
297360,69.52801025010456
297411,74.48535456335006
297462,90.36921940847719
297513,97.76806158436314
297564,78.09266350580377
297615,99.01643203634919
297666,99.01643203634919
297717,99.01643203634919
297768,57.273504093299344
297819,85.96257247708667
297870,56.40781585193613
297921,99.01643203634919
297972,93.6407400805501
298023,82.46527823292247
298074,37.01883636118355
298125,86.58583771468757
298176,95.95699064910643
298227,98.91947766699964
298278,56.96979661696098
298329,99.01643203634919
298380,99.01643203634919
298431,91.93421337777568
298482,99.01643203634919
298533,95.96216764410075
298584,99.01643203634919
298635,86.11668167427618
298686,92.73081150703905
298737,44.456046061358386
298788,37.398486008573336
298839,92.37153931928474
298890,78.50296859399737
298941,75.27925183731034
298992,99.01643203634919
299043,99.01643203634919
299094,93.97742593388308
299145,99.01643203634919
299196,40.25182901967793
299247,79.1107431062751
299298,92.5192594395529
299349,70.04592157848613
299400,78.1597284991105
299451,99.01643203634919
299502,92.08592122099735
299553,85.22640078196416
299604,89.02042825296415
299655,83.27449672549265
299706,79.19899388258675
299757,94.04865783922168
299808,99.01643203634919
299859,93.39017758564995
299910,99.01643203634919
299961,99.01643203634919
300012,45.49343549106556
300063,93.70258304008051
300114,59.56781883093028
300165,53.42636330540879
300216,99.01643203634919
300267,94.98093562213162
300318,41.909293708408505
300369,87.67240625410444
300420,89.6687913043049
300471,96.05452083323084
300522,73.48802675711724
300573,77.68040358688823
300624,99.01643203634919
300675,78.34373528255969
300726,98.02656177424818
300777,83.66091871144378
300828,78.35967652401379
300879,99.01643203634919
300930,96.5670096515338
300981,88.7310985874115
301032,94.9696477909086
301083,48.334262844756
301134,99.01643203634919
301185,42.58251804288412
301236,88.27702115076062
301287,54.55575445065108
301338,43.24852457432976
301389,99.01643203634919
301440,99.01643203634919
301491,77.35498687532504
301542,99.01643203634919
301593,90.16211125374878
301644,99.01643203634919
301695,83.3746781536247
301746,99.01643203634919
301797,99.01643203634919
301848,99.01643203634919
301899,99.01643203634919
301950,99.01643203634919
302001,99.01643203634919
302052,99.01643203634919
302103,81.6787569513587
302154,95.71998563830846
302205,92.14959386767082
302256,52.7064072315834
302307,74.74515682381976
302358,46.43178800650614
302409,89.77420803617426
302460,94.18821845379645
302511,76.87708704231262
302562,84.25932042249349
302613,71.08411076199815
302664,67.85316065607051
302715,41.67260817024074
302766,38.933172088810615
302817,99.01643203634919
302868,74.3102950861201
302919,42.773834555970936
302970,39.46292702025957
303021,71.58610106914912
303072,78.92045739605001
303123,94.70289287313642
303174,99.01643203634919
303225,76.26091622478808
303276,55.8453368929038
303327,99.01643203634919
303378,99.01643203634919
303429,66.18116361341092
303480,99.01643203634919
303531,74.80275234926931
303582,56.4716488799321
303633,72.92956309003802
303684,99.01643203634919
303735,99.01643203634919
303786,29.331323691299875
303837,91.06705507853829
303888,99.01643203634919
303939,99.01643203634919
303990,93.05760655692701
304041,34.38999735167587
304092,99.01643203634919
304143,67.9824559251414
304194,99.01643203634919
304245,99.01643203634919
304296,90.92426322483206
304347,54.04944771261084
304398,59.31827895959213
304449,79.99814917744673
304500,99.01643203634919
304551,99.01643203634919
304602,99.01643203634919
304653,99.01643203634919
304704,76.08161205515533
304755,49.11917937889528
304806,55.83094213002568
304857,85.07193324695608
304908,88.52924399132716
304959,78.5929579268202
305010,67.11887952614418
305061,44.479860397598635
305112,63.045011043458175
305163,99.01643203634919
305214,99.01643203634919
305265,99.01643203634919
305316,35.327745942549
305367,86.5258761182798
305418,99.01643203634919
305469,90.14254074119683
305520,42.33009786408177
305571,94.37177063187075
305622,99.01643203634919
305673,99.01643203634919
305724,43.57221787312062
305775,40.666651098212434
305826,99.01643203634919
305877,83.30411847079819
305928,75.75950092051713
305979,67.71869552764873
306030,99.01643203634919
306081,99.01643203634919
306132,99.01643203634919
306183,99.01643203634919
306234,85.9854431336248
306285,99.01643203634919
306336,83.77698838172667
306387,99.01643203634919
306438,52.555650160777525
306489,72.89009524510237
306540,79.25418502361332
306591,79.82995525255456
306642,83.54333757944177
306693,77.76698618801375
306744,99.01643203634919
306795,99.01643203634919
306846,99.01643203634919
306897,65.1984565232416
306948,69.0760188631196
306999,99.01643203634919
307050,80.22121704222329
307101,99.01643203634919
307152,99.01643203634919
307203,81.37416608793228
307254,47.47357505187217
307305,93.18074359956132
307356,62.84605552277596
307407,99.01643203634919
307458,77.0888119378672
307509,99.01643203634919
307560,29.31831649895074
307611,99.01643203634919
307662,45.94835627368876
307713,39.34547811932423
307764,88.05354791517608
307815,91.04014001971426
307866,90.77552792612218
307917,99.01643203634919
307968,95.6931905719946
308019,92.44158698379738
308070,64.59075796823292
308121,99.01643203634919
308172,99.01643203634919
308223,99.01643203634919
308274,73.56026688418665
308325,92.67947080112579
308376,61.35609891771507
308427,99.01643203634919
308478,99.01643203634919
308529,36.453221455985805
308580,86.4779235874987
308631,83.59512592462075
308682,53.64285406408196
308733,85.02450894178887
308784,99.01643203634919
308835,65.86297164447168
308886,95.9470433615055
308937,51.94997140102714
308988,99.01643203634919
309039,99.01643203634919
309090,87.79001928478255
309141,74.55811445828977
309192,52.469241760415485
309243,99.01643203634919
309294,77.5955197347999
309345,71.20748017839836
309396,47.049036079480516
309447,75.39530880214019
309498,77.66780482180235
309549,73.38884523876025
309600,89.56456647166708
309651,99.01643203634919
309702,74.84937249367408
309753,99.01643203634919
309804,88.64321157382321
309855,71.5086914783183
309906,99.01643203634919
309957,99.01643203634919
310008,96.75679828177032
310059,86.39155409787723
310110,95.73137666464564
310161,82.81755811988789
310212,87.00545531565207
310263,29.126126127792972
310314,73.38921951653681
310365,50.50900250336186
310416,52.62897529280527
310467,99.01643203634919
310518,77.65033510167991
310569,64.59998925235789
310620,79.51620126731831
310671,79.56311788254361
310722,96.26476989938367
310773,37.703016108567454
310824,99.01643203634919
310875,99.01643203634919
310926,99.01643203634919
310977,99.01643203634919
311028,99.01643203634919
311079,86.02083864104047
311130,85.74960507164316
311181,84.12438683269905
311232,99.01643203634919
311283,95.25734911066532
311334,93.95430913896315
311385,71.46261421492808
311436,49.17602628006731
311487,48.803701187085736
311538,66.50558293527918
311589,84.60347592222452
311640,59.247449045786965
311691,85.67523940911215
311742,86.17127227464316
311793,92.97677426835101
311844,89.31820829138323
311895,99.01643203634919
311946,64.73334622220798
311997,99.01643203634919
312048,85.14952411497264
312099,63.41938854997152
312150,95.9427148623463
312201,86.64881324145148
312252,99.01643203634919
312303,59.18407562308297
312354,86.9356795153327
312405,83.58231542449742
312456,62.22323058368401
312507,99.01643203634919
312558,99.01643203634919
312609,99.01643203634919
312660,91.07754685934617
312711,85.48801214594367
312762,96.43250074898128
312813,99.01643203634919
312864,99.01643203634919
312915,65.34571108441683
312966,79.28594658028747
313017,99.01643203634919
313068,95.16655440627527
313119,53.57496518917596
313170,84.13343224966815
313221,99.01643203634919
313272,23.606395380282986
313323,87.76545812090514
313374,68.40754750475516
313425,99.01643203634919
313476,41.302754749174454
313527,75.50146931960703
313578,99.01643203634919
313629,49.1665583950553
313680,78.23980922255764
313731,97.22502019833082
313782,93.22281079980846
313833,64.27691454235284
313884,94.51142688753285
313935,99.01643203634919
313986,89.10193344618288
314037,91.60343603956576
314088,99.01643203634919
314139,99.01643203634919
314190,99.01643203634919
314241,64.4877684988809
314292,62.429984173767075
314343,99.01643203634919
314394,25.95294999016543
314445,83.09277521685982
314496,57.82367641658753
314547,99.01643203634919
314598,30.135286883892103
314649,99.01643203634919
314700,99.01643203634919
314751,99.01643203634919
314802,91.64249322659552
314853,99.01643203634919
314904,52.66356326971659
314955,92.62303589333212
315006,85.43980775053343
315057,80.19790856934374
315108,99.01643203634919
315159,99.01643203634919
315210,81.54865589468065
315261,99.01643203634919
315312,88.4422856686733
315363,99.01643203634919
315414,86.49307784746078
315465,99.01643203634919
315516,68.32044728209117
315567,99.01643203634919
315618,99.01643203634919
315669,90.52861650684935
315720,29.88254884620733
315771,25.838391528943664
315822,91.27633870484819
315873,94.88540781047668
315924,82.76048835395649
315975,65.1474642558484
316026,84.32443886589016
316077,99.01643203634919
316128,99.01643203634919
316179,99.01643203634919
316230,99.01643203634919
316281,97.29040267115748
316332,37.53070856089356
316383,79.4871742549055
316434,94.98091266070635
316485,99.01643203634919
316536,68.0962787357278
316587,71.76483485893381
316638,99.01643203634919
316689,99.01643203634919
316740,98.00809224658187
316791,99.01643203634919
316842,99.01643203634919
316893,99.01643203634919
316944,99.01643203634919
316995,95.24045934354953
317046,99.01643203634919
317097,99.01643203634919
317148,52.16415417555508
317199,99.01643203634919
317250,95.58920037929661
317301,99.01643203634919
317352,99.01643203634919
317403,79.9885101617202
317454,99.01643203634919
317505,99.01643203634919
317556,81.85834339540266
317607,99.01643203634919
317658,33.65757450763344
317709,53.32601712147602
317760,99.01643203634919
317811,99.01643203634919
317862,73.73663279041043
317913,90.53061753776072
317964,26.2193256754393
318015,66.7439285332529
318066,87.24241627108066
318117,93.67842603771109
318168,91.52198078635014
318219,99.01643203634919
318270,98.56662819336299
318321,48.75138666039931
318372,99.01643203634919
318423,99.01643203634919
318474,43.52238941936235
318525,99.01643203634919
318576,99.01643203634919
318627,99.01643203634919
318678,92.4544627210332
318729,99.01643203634919
318780,99.01643203634919
318831,60.630907911966986
318882,59.085997756790114
318933,99.01643203634919
318984,81.41999768118507
319035,19.546307620303395
319086,50.11020583232562
319137,99.01643203634919
319188,57.79185397570814
319239,75.36928611568827
319290,99.01643203634919
319341,91.66058642172179
319392,99.01643203634919
319443,65.96619101769593
319494,43.803556731732925
319545,99.01643203634919
319596,88.25507666367879
319647,69.3068277683954
319698,91.11555709790687
319749,71.68860231133228
319800,99.01643203634919
319851,68.91298869513584
319902,90.21636564052169
319953,99.01643203634919
320004,78.65433441309706
320055,93.1692922769564
320106,99.01643203634919
320157,99.01643203634919
320208,90.34278596356306
320259,95.21928793245159
320310,99.01643203634919
320361,51.606662334869455
320412,85.00057836123133
320463,99.01643203634919
320514,71.0498412066424
320565,99.01643203634919
320616,57.66617412086775
320667,62.28328119671458
320718,71.14847769486975
320769,99.01643203634919
320820,58.91785193531625
320871,99.01643203634919
320922,99.01643203634919
320973,36.61781843993122
321024,99.01643203634919
321075,99.01643203634919
321126,73.84331570810951
321177,99.01643203634919
321228,82.5162152161423
321279,61.628629769237754
321330,67.2212525994924
321381,27.83944327003522
321432,99.01643203634919
321483,54.07523777387299
321534,90.19217171609482
321585,99.01643203634919
321636,82.7146642191597
321687,99.01643203634919
321738,99.01643203634919
321789,99.01643203634919
321840,99.01643203634919
321891,94.17809248452053
321942,48.989000020657066
321993,94.58403301123552
322044,91.38140158837948
322095,99.01643203634919
322146,92.92410938581774
322197,40.08851240706024
322248,71.84387991682331
322299,43.57958179240688
322350,91.69073794944022
322401,81.73656995715005
322452,99.01643203634919
322503,93.88351484404735
322554,74.62638067935542
322605,99.01643203634919
322656,99.01643203634919
322707,51.6391249060417
322758,99.01643203634919
322809,55.079137407443056
322860,99.01643203634919
322911,56.9738984614436
322962,78.55770259607996
323013,48.67182017875075
323064,93.87420902764647
323115,48.51246001960476
323166,99.01643203634919
323217,68.69241627899605
323268,99.01643203634919
323319,72.62925969209843
323370,99.01643203634919
323421,82.24788334848614
323472,78.84854153293057
323523,90.9286171258363
323574,83.13153000720267
323625,99.01643203634919
323676,86.39973892895088
323727,95.37501047095303
323778,88.70054541488821
323829,55.394670817444556
323880,77.83652684979957
323931,87.33111003025364
323982,95.59541495423603
324033,99.01643203634919
324084,99.01643203634919
324135,93.18146284696817
324186,99.01643203634919
324237,78.60001019060746
324288,79.8335713556909
324339,52.929787740483484
324390,56.91069901968204
324441,87.62743572721773
324492,99.01643203634919
324543,66.11117573820451
324594,99.01643203634919
324645,86.64471635313983
324696,99.01643203634919
324747,71.31927816419478
324798,99.01643203634919
324849,99.01643203634919
324900,86.67405618162145
324951,61.871841144026696
325002,38.86950893470948
325053,34.7380206605168
325104,74.10170995895955
325155,95.71344371188923
325206,86.32716200046345
325257,57.8807290189789
325308,99.01643203634919
325359,93.96160442471903
325410,46.96576611539537
325461,46.695366869848066
325512,63.17647445411971
325563,99.01643203634919
325614,99.01643203634919
325665,99.01643203634919
325716,72.58174722818501
325767,62.407422346058155
325818,51.61558272620511
325869,99.01643203634919
325920,99.01643203634919
325971,88.42285967515276
326022,45.13521674699096
326073,92.64574731679176
326124,55.77052634352472
326175,74.57155525781722
326226,97.79709507850102
326277,99.01643203634919
326328,99.01643203634919
326379,99.01643203634919
326430,71.07945301321799
326481,58.1084144683915
326532,82.8489082960026
326583,60.96402903082681
326634,63.77947562871813
326685,99.01643203634919
326736,80.33493205721491
326787,67.39331462746294
326838,79.37274913937271
326889,92.79825720608217
326940,99.01643203634919
326991,86.41632932335918
327042,89.70662086469075
327093,94.28482149597596
327144,78.62357518626197
327195,88.20895109353818
327246,99.01643203634919
327297,99.01643203634919
327348,45.09436944382946
327399,76.15946475156792
327450,93.2707070105591
327501,77.04435562891226
327552,99.01643203634919
327603,79.52387098858318
327654,84.61651449442407
327705,99.01643203634919
327756,99.01643203634919
327807,57.18485151276246
327858,51.13312424871833
327909,53.274273800157175
327960,79.97285666350734
328011,95.157140678487
328062,88.01645369764587
328113,26.3115543530101
328164,87.72026803421214
328215,77.48254010385513
328266,76.67848235904653
328317,66.84928939553366
328368,81.08863071592269
328419,94.05971555032698
328470,12.07865117982613
328521,99.01643203634919
328572,43.06693586189938
328623,93.11518092568568
328674,27.851394831851394
328725,60.07393290718832
328776,99.01643203634919
328827,79.72633364836818
328878,91.65297301489112
328929,94.14249267304133
328980,99.01643203634919
329031,99.01643203634919
329082,98.22000138371179
329133,99.01643203634919
329184,99.01643203634919
329235,78.71131556782814
329286,99.01643203634919
329337,83.96856646529658
329388,99.01643203634919
329439,58.3673521345936
329490,82.98570956169378
329541,93.8690014960158
329592,69.1944949579587
329643,99.01643203634919
329694,44.04630168240033
329745,90.19106401900787
329796,99.01643203634919
329847,54.03529262085705
329898,92.41292443829762
329949,99.01643203634919
330000,81.2634809280778
330051,99.01643203634919
330102,99.01643203634919
330153,57.50314564477466
330204,99.01643203634919
330255,72.39666684118957
330306,30.97288353383261
330357,44.62617620513451
330408,72.27751912147124
330459,99.01643203634919
330510,99.01643203634919
330561,99.01643203634919
330612,99.01643203634919
330663,58.626697051659484
330714,72.35800964135848
330765,85.64043526051968
330816,99.01643203634919
330867,92.58807339453716
330918,64.1111336597958
330969,80.71464311130708
331020,67.44885124397557
331071,67.7721155561748
331122,99.01643203634919
331173,93.7362474335725
331224,99.01643203634919
331275,99.01643203634919
331326,99.01643203634919
331377,97.30063220953636
331428,32.26551139723977
331479,99.01643203634919
331530,99.01643203634919
331581,56.586053268347094
331632,99.01643203634919
331683,53.47576849768566
331734,91.38856243863687
331785,89.37665751256827
331836,88.01617793432469
331887,79.13719991120979
331938,86.5087183229492
331989,80.45883604439682
332040,95.61823473197335
332091,19.766689408633088
332142,69.62531384529322
332193,64.56758448265003
332244,67.60114564559159
332295,99.01643203634919
332346,90.1658539435406
332397,91.95910272833864
332448,99.01643203634919
332499,95.46268713878924
332550,38.98029586118551
332601,91.16884770881543
332652,41.64834808923848
332703,99.01643203634919
332754,99.01643203634919
332805,93.46294667001727
332856,36.68295280848451
332907,79.33390429721409
332958,69.15078530729038
333009,99.01643203634919
333060,99.01643203634919
333111,90.05953126837865
333162,79.74914033303394
333213,99.01643203634919
333264,55.967242328169846
333315,99.01643203634919
333366,63.15312086757294
333417,99.01643203634919
333468,46.49638330203316
333519,99.01643203634919
333570,79.40854147975986
333621,55.648426759886966
333672,89.34807857724263
333723,80.89634982205686
333774,78.79701556708763
333825,99.01643203634919
333876,99.01643203634919
333927,53.25990090697243
333978,54.01040797267051
334029,25.467295070896007
334080,97.43927760739193
334131,80.79983513059365
334182,97.47737175515428
334233,92.36945473767354
334284,99.01643203634919
334335,95.71305861875321
334386,99.01643203634919
334437,99.01643203634919
334488,61.59269012656701
334539,94.79698424005507
334590,79.04720632907743
334641,55.382301310273206
334692,99.01643203634919
334743,88.69593549052702
334794,99.01643203634919
334845,60.4842539176287
334896,99.01643203634919
334947,83.346826433354
334998,99.01643203634919
335049,48.423537803451
335100,99.01643203634919
335151,57.88936497747141
335202,99.01643203634919
335253,99.01643203634919
335304,30.177875860412502
335355,99.01643203634919
335406,99.01643203634919
335457,99.01643203634919
335508,91.32360155116453
335559,90.74968454856011
335610,99.01643203634919
335661,99.01643203634919
335712,91.29423817438024
335763,76.68603188499459
335814,43.13455568664796
335865,80.73837338180259
335916,64.96502228349148
335967,99.01643203634919
336018,89.15709124260668
336069,39.22203409541161
336120,86.27205281029661
336171,99.01643203634919
336222,71.07941300888821
336273,48.71811896117844
336324,99.01643203634919
336375,99.01643203634919
336426,72.29888817557465
336477,99.01643203634919
336528,88.22087293648835
336579,99.01643203634919
336630,99.01643203634919
336681,86.8101571650629
336732,99.01643203634919
336783,99.01643203634919
336834,65.73604894790726
336885,94.15266327410049
336936,99.01643203634919
336987,15.52605704060774
337038,53.275329494751546
337089,99.01643203634919
337140,73.28240709394885
337191,61.433610171318605
337242,86.55744930054377
337293,72.82450356902717
337344,99.01643203634919
337395,99.01643203634919
337446,99.01643203634919
337497,70.93722929541653
337548,99.01643203634919
337599,91.31384093305199
337650,96.11491676530387
337701,83.8200207115835
337752,55.196441394083095
337803,58.634074284245564
337854,85.83902826067126
337905,99.01643203634919
337956,48.74663544165
338007,56.29089324595535
338058,99.01643203634919
338109,70.83672525589546
338160,60.834037203334695
338211,35.79865436078713
338262,99.01643203634919
338313,56.9224447821881
338364,77.52487651183986
338415,82.35468866589112
338466,99.01643203634919
338517,99.01643203634919
338568,99.01643203634919
338619,99.01643203634919
338670,59.92550842965728
338721,93.7673976735227
338772,99.01643203634919
338823,90.000873662801
338874,97.44455397084806
338925,99.01643203634919
338976,99.01643203634919
339027,90.69414810019148
339078,99.01643203634919
339129,99.01643203634919
339180,34.304837279241035
339231,99.01643203634919
339282,99.01643203634919
339333,64.27452823867553
339384,47.23970828285729
339435,79.27718914475071
339486,94.92057881505305
339537,99.01643203634919
339588,53.65797498049911
339639,84.46307468826222
339690,76.61319338400698
339741,95.61741730080662
339792,83.9862994994343
339843,64.39418688558858
339894,99.01643203634919
339945,99.01643203634919
339996,99.01643203634919
340047,69.6665202699634
340098,99.01643203634919
340149,99.01643203634919
340200,48.32273754960787
340251,96.30054712023896
340302,61.50552596123038
340353,87.39318892466291
340404,48.963098925005944
340455,82.80270212757142
340506,63.419883685325274
340557,99.01643203634919
340608,69.12023451539112
340659,99.01643203634919
340710,30.95455353798822
340761,99.01643203634919
340812,11.08357358343218
340863,73.42755226180482
340914,63.202238957604976
340965,99.01643203634919
341016,63.05831252934582
341067,94.0785385833284
341118,99.01643203634919
341169,71.11780003827629
341220,87.7413328766851
341271,92.20941501632443
341322,76.2842654121473
341373,40.56610269891131
341424,99.01643203634919
341475,99.01643203634919
341526,81.77632474336153
341577,99.01643203634919
341628,82.06207972429935
341679,72.53524909704213
341730,95.73035585195994
341781,48.70270559543963
341832,94.44762976363575
341883,99.01643203634919
341934,99.01643203634919
341985,96.44175164987274
342036,85.2243933517159
342087,67.91953991351089
342138,99.01643203634919
342189,99.01643203634919
342240,88.1454896624893
342291,99.01643203634919
342342,68.25399798826324
342393,89.65351827918309
342444,57.717156553216974
342495,90.44251130368487
342546,84.31104903355322
342597,80.31941342370712
342648,99.01643203634919
342699,99.01643203634919
342750,99.01643203634919
342801,79.9978200040638
342852,95.18533775234648
342903,62.27881219016835
342954,84.77572414271147
343005,57.49873754688943
343056,82.0710536415674
343107,99.01643203634919
343158,99.01643203634919
343209,91.70995785142978
343260,88.35436289074357
343311,88.90327680649759
343362,99.01643203634919
343413,62.02650072901521
343464,99.01643203634919
343515,88.39081858432252
343566,70.17298094602006
343617,96.9443523715591
343668,68.94391109280828
343719,94.052303686704
343770,86.66587471131616
343821,94.49076848833738
343872,99.01643203634919
343923,99.01643203634919
343974,99.01643203634919
344025,99.01643203634919
344076,99.01643203634919
344127,99.01643203634919
344178,99.01643203634919
344229,58.44662904694439
344280,68.64507950012633
344331,90.38333574494791
344382,39.39141706586538
344433,79.83129850245525
344484,63.2220697621953
344535,79.05292158301445
344586,81.72121824168019
344637,99.01643203634919
344688,84.67842493044373
344739,59.15450542644055
344790,80.22203022198804
344841,99.01643203634919
344892,85.47732745146882
344943,73.37320453495562
344994,99.01643203634919
345045,84.82867636652418
345096,84.12795868774934
345147,99.01643203634919
345198,66.84988103241817
345249,89.52969342895128
345300,60.718826606135906
345351,99.01643203634919
345402,76.37962461178203
345453,92.65307433870557
345504,99.01643203634919
345555,89.77127236929792
345606,99.01643203634919
345657,99.01643203634919
345708,70.41262476103216
345759,99.01643203634919
345810,83.48795733348982
345861,42.31098224710312
345912,99.01643203634919
345963,99.01643203634919
346014,84.3190719324241
346065,99.01643203634919
346116,33.86153998916572
346167,99.01643203634919
346218,99.01643203634919
346269,54.48811324504508
346320,59.235879759610185
346371,99.01643203634919
346422,54.65560665480282
346473,99.01643203634919
346524,88.60794319895128
346575,99.01643203634919
346626,99.01643203634919
346677,95.99882016142122
346728,48.253001502500446
346779,70.28214566792485
346830,87.7269716138604
346881,84.1001032078769
346932,88.23988447999149
346983,99.01643203634919
347034,92.47224553715404
347085,69.0621905169142
347136,99.01643203634919
347187,99.01643203634919
347238,99.01643203634919
347289,99.01643203634919
347340,99.01643203634919
347391,99.01643203634919
347442,99.01643203634919
347493,99.01643203634919
347544,99.01643203634919
347595,41.68746663130572
347646,99.01643203634919
347697,74.68313836329993
347748,59.62112908425699
347799,89.6145355023266
347850,99.01643203634919
347901,64.85629214949142
347952,26.163423897288904
348003,91.43134033377096
348054,81.0447008609513
348105,99.01643203634919
348156,80.12757505952332
348207,84.16912498393275
348258,36.68422859131842
348309,99.01643203634919
348360,51.27674427602394
348411,80.7571449660883
348462,65.85875309736375
348513,76.26137673111666
348564,92.86127694363532
348615,96.77423381582933
348666,80.80151033390361
348717,81.26867990095069
348768,99.01643203634919
348819,56.72395619268069
348870,51.449220342996135
348921,59.592874723301804
348972,99.01643203634919
349023,97.73615293357378
349074,93.26018046896827
349125,38.68841798918211
349176,99.01643203634919
349227,62.533699934748476
349278,90.97490591278516
349329,84.94489771699479
349380,87.20872268317167
349431,96.1627005760073
349482,99.01643203634919
349533,23.963886136100765
349584,37.06209031698862
349635,99.01643203634919
349686,99.01643203634919
349737,37.98430928116132
349788,50.05840730222998
349839,58.50298815523766
349890,73.83313821189776
349941,99.01643203634919
349992,51.54735754023177
350043,99.01643203634919
350094,50.90416558140694
350145,99.01643203634919
350196,55.775515497939665
350247,79.13003407133513
350298,74.16107591869505
350349,99.01643203634919
350400,99.01643203634919
350451,99.01643203634919
350502,79.2205011752125
350553,99.01643203634919
350604,80.12051724129896
350655,99.01643203634919
350706,59.330878759253814
350757,60.56431262235822
350808,55.09212510540948
350859,99.01643203634919
350910,94.78527533195029
350961,99.01643203634919
351012,99.01643203634919
351063,99.01643203634919
351114,76.24682193210836
351165,87.23564701163646
351216,82.07758248498587
351267,54.67809969246039
351318,73.37959781385052
351369,78.80237769632372
351420,99.01643203634919
351471,99.01643203634919
351522,94.9156133981487
351573,99.01643203634919
351624,59.829186906136805
351675,99.01643203634919
351726,62.12161372622746
351777,72.08476215530932
351828,85.06150648819636
351879,76.1684699585452
351930,86.324937821733
351981,69.5892020539482
352032,95.86738855797016
352083,67.96911550902804
352134,99.01643203634919
352185,99.01643203634919
352236,99.01643203634919
352287,78.14417498286703
352338,84.33684003854195
352389,99.01643203634919
352440,88.07023074416972
352491,99.01643203634919
352542,68.86066109846766
352593,86.75768097090116
352644,99.01643203634919
352695,89.56621573362753
352746,58.051773180328105
352797,99.01643203634919
352848,99.01643203634919
352899,58.73423974345165
352950,99.01643203634919
353001,85.03535154170349
353052,64.01335363245023
353103,82.1748539262501
353154,94.92173935311112
353205,99.01643203634919
353256,87.69298428440194
353307,59.9704375136985
353358,67.61505850602055
353409,99.01643203634919
353460,92.30323110231298
353511,27.685284185974922
353562,99.01643203634919
353613,87.41417030813507
353664,99.01643203634919
353715,62.95694419524707
353766,82.28473155491383
353817,99.01643203634919
353868,79.19531731335194
353919,78.51700471926274
353970,22.621624210135774
354021,76.74536834090044
354072,56.817415549551434
354123,99.01643203634919
354174,99.01643203634919
354225,99.01643203634919
354276,99.01643203634919
354327,57.95260040373932
354378,99.01643203634919
354429,61.00069130626209
354480,99.01643203634919
354531,79.00662058419995
354582,84.02497897167159
354633,53.61471463308211
354684,99.01643203634919
354735,93.58208854713075
354786,69.98778854682809
354837,62.19998497775851
354888,33.80739886206943
354939,99.01643203634919
354990,44.20119393624162
355041,99.01643203634919
355092,76.3716039779921
355143,87.1881858538954
355194,99.01643203634919
355245,39.01850729145108
355296,86.39751087694647
355347,99.01643203634919
355398,79.19856585265451
355449,99.01643203634919
355500,81.45372981144362
355551,66.80212659370771
355602,87.56525482565061
355653,99.01643203634919
355704,99.01643203634919
355755,74.8584821735822
355806,41.45362164756062
355857,99.01643203634919
355908,99.01643203634919
355959,71.29890125637357
356010,99.01643203634919
356061,99.01643203634919
356112,99.01643203634919
356163,86.80958358633919
356214,68.12972423716359
356265,55.354846772959036
356316,90.22511306034794
356367,88.74042385021109
356418,96.14982712492275
356469,99.01643203634919
356520,99.01643203634919
356571,87.5444698417383
356622,99.01643203634919
356673,89.11088066063442
356724,99.01643203634919
356775,84.99707484329106
356826,73.72280272108861
356877,65.97929078906373
356928,91.61741792198715
356979,67.06926592364745
357030,84.1174080364862
357081,99.01643203634919
357132,84.72569961189811
357183,99.01643203634919
357234,96.97034891325546
357285,92.50260341192639
357336,96.80546380951202
357387,82.03125654555126
357438,99.01643203634919
357489,99.01643203634919
357540,99.01643203634919
357591,99.01643203634919
357642,99.01643203634919
357693,99.01643203634919
357744,99.01643203634919
357795,99.01643203634919
357846,99.01643203634919
357897,73.02148292654813
357948,99.01643203634919
357999,83.37229806189154
358050,99.01643203634919
358101,82.42040679745433
358152,93.77869067502736
358203,99.01643203634919
358254,99.01643203634919
358305,89.21306219167202
358356,99.01643203634919
358407,78.73852654131696
358458,99.01643203634919
358509,64.44979160981185
358560,99.01643203634919
358611,99.01643203634919
358662,99.01643203634919
358713,81.04910039006496
358764,83.69011010944149
358815,99.01643203634919
358866,76.35874980075621
358917,81.16601275559758
358968,44.8582575389155
359019,37.21113620663292
359070,99.01643203634919
359121,87.27363009164291
359172,39.34446963257793
359223,99.01643203634919
359274,99.01643203634919
359325,73.57704278051727
359376,61.09784945449797
359427,73.63229353887098
359478,99.01643203634919
359529,99.01643203634919
359580,72.78002060114002
359631,87.73486484442623
359682,92.30900341937082
359733,65.32650319448003
359784,99.01643203634919
359835,99.01643203634919
359886,99.01643203634919
359937,62.33889897175097
359988,99.01643203634919
360039,99.01643203634919
360090,64.17323498083891
360141,44.21777425855046
360192,87.79975432348384
360243,83.80632189669696
360294,57.85458783097745
360345,99.01643203634919
360396,90.27003879458759
360447,52.87870722275204
360498,80.7557782264743
360549,90.83897237935774
360600,88.0397020622658
360651,99.01643203634919
360702,86.57333858119092
360753,99.01643203634919
360804,86.11082674741753
360855,99.01643203634919
360906,61.17934464714613
360957,59.30661571052333
361008,28.796054486392084
361059,85.38438806068764
361110,99.01643203634919
361161,75.9685722723288
361212,86.98100275672901
361263,99.01643203634919
361314,90.03808089607574
361365,99.01643203634919
361416,99.01643203634919
361467,90.21278008547982
361518,92.51262779077587
361569,99.01643203634919
361620,75.5369331974538
361671,58.09095845566304
361722,79.97313073838444
361773,99.01643203634919
361824,97.12661952277374
361875,99.01643203634919
361926,93.73576299766012
361977,69.67231224212786
362028,99.01643203634919
362079,86.37936863587493
362130,87.1423770192642
362181,99.01643203634919
362232,26.539739849939878
362283,52.183850141115315
362334,99.01643203634919
362385,86.929878799311
362436,84.4521716384112
362487,56.46823301423089
362538,99.01643203634919
362589,97.9376636980571
362640,93.23706803218582
362691,54.807173703246754
362742,90.7429045288274
362793,99.01643203634919
362844,88.16731798090798
362895,88.65030049102722
362946,99.01643203634919
362997,99.01643203634919
363048,57.496574341464665
363099,85.05210295117773
363150,99.01643203634919
363201,99.01643203634919
363252,61.59189790736687
363303,75.07137886862937
363354,99.01643203634919
363405,99.01643203634919
363456,88.7845365641255
363507,99.01643203634919
363558,99.01643203634919
363609,93.07362792562279
363660,78.09273959239898
363711,77.84502557957394
363762,56.37651834774599
363813,49.199579018212965
363864,73.16534385694837
363915,99.01643203634919
363966,83.93946722187945
364017,57.0367609371507
364068,36.81714430927402
364119,99.01643203634919
364170,78.93954854882791
364221,99.01643203634919
364272,99.01643203634919
364323,92.83827683134852
364374,44.97748954953643
364425,99.01643203634919
364476,99.01643203634919
364527,46.96505622405188
364578,84.73687526396634
364629,35.722440702327425
364680,70.78553117641972
364731,99.01643203634919
364782,68.69149458212516
364833,68.33707972451508
364884,53.81702485348246
364935,99.01643203634919
364986,95.36311147061683
365037,99.01643203634919
365088,59.724010064754985
365139,91.70091869572377
365190,91.80312877008268
365241,66.04649441360989
365292,99.01643203634919
365343,99.01643203634919
365394,99.01643203634919
365445,92.11334627702668
365496,87.95616777528929
365547,89.152846590085
365598,99.01643203634919
365649,99.01643203634919
365700,97.200274377983
365751,76.16571114368378
365802,99.01643203634919
365853,86.80926092866943
365904,84.75218492861787
365955,75.21887778454672
366006,99.01643203634919
366057,99.01643203634919
366108,99.01643203634919
366159,8.47628696682464
366210,99.01643203634919
366261,88.69356420512977
366312,99.01643203634919
366363,99.01643203634919
366414,72.83288297835242
366465,99.01643203634919
366516,99.01643203634919
366567,64.93892278237959
366618,99.01643203634919
366669,99.01643203634919
366720,99.01643203634919
366771,84.75621350268018
366822,87.82560337849327
366873,80.0785109346473
366924,29.336442591236718
366975,99.01643203634919
367026,99.01643203634919
367077,55.020321920083795
367128,99.01643203634919
367179,44.565352986480995
367230,69.65398249919413
367281,77.90625267995568
367332,67.37076866724493
367383,66.67269787379955
367434,71.431474853153
367485,50.923019535654944
367536,90.27993236359265
367587,94.9076019431644
367638,94.10120145680615
367689,71.92808422173279
367740,99.01643203634919
367791,99.01643203634919
367842,80.16680995428061
367893,47.82718335640867
367944,97.03749317578266
367995,99.01643203634919
368046,79.14421778993423
368097,54.83464580695994
368148,99.01643203634919
368199,99.01643203634919
368250,66.72661035393548
368301,99.01643203634919
368352,76.95690559062513
368403,99.01643203634919
368454,99.01643203634919
368505,99.01643203634919
368556,62.36700918675631
368607,99.01643203634919
368658,90.94310832107274
368709,41.62154667086705
368760,99.01643203634919
368811,55.47345333294684
368862,54.650314493933124
368913,99.01643203634919
368964,73.49564802395479
369015,99.01643203634919
369066,83.48586954343088
369117,90.0454952290269
369168,41.737428357378235
369219,99.01643203634919
369270,99.01643203634919
369321,99.01643203634919
369372,99.01643203634919
369423,87.07129964566523
369474,67.03706729198593
369525,99.01643203634919
369576,84.02536714813658
369627,77.38349415122174
369678,86.0651982683947
369729,97.69468111756659
369780,99.01643203634919
369831,51.620964923044056
369882,99.01643203634919
369933,97.71203100871416
369984,97.47885471306243
370035,83.51519126186692
370086,74.68770237879524
370137,99.01643203634919
370188,99.01643203634919
370239,81.6858324857727
370290,80.60109741028657
370341,83.98159096365237
370392,96.75302818642766
370443,39.80333830717169
370494,99.01643203634919
370545,58.03545511479301
370596,99.01643203634919
370647,99.01643203634919
370698,99.01643203634919
370749,99.01643203634919
370800,60.11599696065282
370851,79.5206002472656
370902,95.13193001063405
370953,68.84296048419735
371004,99.01643203634919
371055,40.42646637161749
371106,99.01643203634919
371157,87.6686313398734
371208,99.01643203634919
371259,99.01643203634919
371310,64.82051988860987
371361,99.01643203634919
371412,92.16319598112952
371463,82.07362818151731
371514,21.95395289982484
371565,93.56380837058616
371616,99.01643203634919
371667,99.01643203634919
371718,29.172512254445227
371769,81.62537494670019
371820,76.63917361191966
371871,78.79069596727908
371922,87.09031613969134
371973,99.01643203634919
372024,99.01643203634919
372075,99.01643203634919
372126,78.58455451282849
372177,99.01643203634919
372228,74.61584168029943
372279,99.01643203634919
372330,99.01643203634919
372381,84.27129791663313
372432,99.01643203634919
372483,99.01643203634919
372534,99.01643203634919
372585,99.01643203634919
372636,91.65008544445739
372687,97.71882439430013
372738,94.03783682211935
372789,44.927314216507554
372840,87.00937448981
372891,81.87729158403577
372942,99.01643203634919
372993,52.756322911798044
373044,99.01643203634919
373095,35.891560272201495
373146,79.24649462927813
373197,53.580686428394955
373248,86.06206609928228
373299,90.54239315912805
373350,63.821756626668915
373401,99.01643203634919
373452,99.01643203634919
373503,77.30031184125473
373554,99.01643203634919
373605,54.73983509320549
373656,63.916772099933794
373707,37.22016737011479
373758,85.55395937696805
373809,99.01643203634919
373860,94.12363242950559
373911,44.88543542541202
373962,62.95733147210148
374013,98.3045101247702
374064,80.84706292000516
374115,70.62145367321385
374166,99.01643203634919
374217,86.92204608144752
374268,95.19255210708243
374319,52.35707060815657
374370,84.55684096331348
374421,34.9329199706288
374472,73.28002064609132
374523,91.23803181498353
374574,45.05185847055038
374625,52.445263082612954
374676,99.01643203634919
374727,99.01643203634919
374778,44.61488374844076
374829,80.14320470547393
374880,82.7289063393602
374931,54.052072771607634
374982,64.39612884220935
375033,99.01643203634919
375084,66.18478863177172
375135,81.5843371767497
375186,91.76882344101172
375237,93.07477830209511
375288,50.27436806261326
375339,88.30572038570982
375390,99.01643203634919
375441,52.13877041515516
375492,99.01643203634919
375543,99.01643203634919
375594,95.65884109126876
375645,93.90085555098088
375696,99.01643203634919
375747,60.73946071779158
375798,91.96410605951888
375849,99.01643203634919
375900,99.01643203634919
375951,41.43924320434081
376002,95.0360639063165
376053,99.01643203634919
376104,88.47086807954557
376155,79.22556425475322
376206,99.01643203634919
376257,87.6452986987846
376308,65.98090590323145
376359,58.2974131096251
376410,99.01643203634919
376461,83.23018997491037
376512,99.01643203634919
376563,43.23960808018465
376614,83.8511563926675
376665,86.8228704002581
376716,99.01643203634919
376767,75.34165652450923
376818,75.04003831403419
376869,99.01643203634919
376920,88.56599887794918
376971,99.01643203634919
377022,67.32580155460998
377073,99.01643203634919
377124,89.32592315631734
377175,83.34820557135174
377226,73.61621449690288
377277,94.96320513734135
377328,99.01643203634919
377379,91.68293475385265
377430,80.37080303181673
377481,99.01643203634919
377532,99.01643203634919
377583,96.093622304966
377634,51.88987148709282
377685,92.70628749721301
377736,99.01643203634919
377787,46.04222958313169
377838,92.16074588870326
377889,96.75230957345397
377940,95.72195135814566
377991,66.85048689332994
378042,79.75771445472712
378093,55.64484754915287
378144,99.01643203634919
378195,99.01643203634919
378246,99.01643203634919
378297,99.01643203634919
378348,92.76442206069038
378399,92.52607613939911
378450,99.01643203634919
378501,99.01643203634919
378552,99.01643203634919
378603,99.01643203634919
378654,57.423686975743976
378705,72.25724332193334
378756,71.29485753334123
378807,73.24583535520459
378858,28.478670854389296
378909,54.8511279709034
378960,92.92706900198915
379011,99.01643203634919
379062,99.01643203634919
379113,87.80843463228852
379164,99.01643203634919
379215,99.01643203634919
379266,99.01643203634919
379317,67.80757705142211
379368,99.01643203634919
379419,92.26372467838475
379470,89.88231531581462
379521,99.01643203634919
379572,99.01643203634919
379623,99.01643203634919
379674,83.66554464731308
379725,54.452555245068865
379776,99.01643203634919
379827,32.042158836634364
379878,99.01643203634919
379929,99.01643203634919
379980,92.23108646821491
380031,58.747277056588715
380082,70.17274976551793
380133,77.28013468205815
380184,99.01643203634919
380235,99.01643203634919
380286,99.01643203634919
380337,99.01643203634919
380388,99.01643203634919
380439,99.01643203634919
380490,99.01643203634919
380541,66.08475845645047
380592,45.084139642912625
380643,85.31198257766584
380694,67.58077176038155
380745,81.04189277436708
380796,67.28604677025368
380847,99.01643203634919
380898,75.26027887376951
380949,42.223430860531906
381000,51.192759803007064
381051,17.876913253699595
381102,99.01643203634919
381153,99.01643203634919
381204,78.19438419373243
381255,65.1372768180142
381306,72.09878008820583
381357,99.01643203634919
381408,58.22163415294681
381459,76.45545170424951
381510,61.64485003210344
381561,99.01643203634919
381612,71.96466503403835
381663,99.01643203634919
381714,85.9871103475643
381765,99.01643203634919
381816,58.315376740217495
381867,99.01643203634919
381918,88.28114742556421
381969,99.01643203634919
382020,63.98707345520682
382071,99.01643203634919
382122,99.01643203634919
382173,36.086848242812344
382224,90.52573879275876
382275,90.50549610005913
382326,99.01643203634919
382377,59.07438716761724
382428,99.01643203634919
382479,44.836197679270384
382530,71.87573143770375
382581,72.91133277738963
382632,99.01643203634919
382683,99.01643203634919
382734,99.01643203634919
382785,99.01643203634919
382836,70.59876965282982
382887,56.43641592665288
382938,99.01643203634919
382989,99.01643203634919
383040,44.741078207920545
383091,90.5383250204129
383142,51.398092756322036
383193,99.01643203634919
383244,33.84965459081291
383295,94.3129550970066
383346,72.14942722019835
383397,99.01643203634919
383448,99.01643203634919
383499,99.01643203634919
383550,92.46965186164779
383601,99.01643203634919
383652,99.01643203634919
383703,99.01643203634919
383754,65.80462500047784
383805,87.2308942287028
383856,99.01643203634919
383907,76.22261142269295
383958,74.95528809721762
384009,99.01643203634919
384060,66.76896028329135
384111,52.272231411719254
384162,99.01643203634919
384213,99.01643203634919
384264,99.01643203634919
384315,99.01643203634919
384366,51.36164694603336
384417,99.01643203634919
384468,82.08480409076337
384519,46.30492703118538
384570,79.81833085239941
384621,62.37323523063211
384672,2.471252531571942
384723,23.976186582276853
384774,79.50664653152239
384825,45.13037870783773
384876,63.03430954039335
384927,84.17570389472488
384978,80.01734311704332
385029,74.31745967237026
385080,99.01643203634919
385131,58.52506293905799
385182,99.01643203634919
385233,89.9239844223888
385284,77.02533629473469
385335,63.0336649579306
385386,79.27001249823448
385437,36.962991682818156
385488,86.69212635070926
385539,78.1297233407174
385590,99.01643203634919
385641,99.01643203634919
385692,99.01643203634919
385743,99.01643203634919
385794,99.01643203634919
385845,99.01643203634919
385896,99.01643203634919
385947,99.01643203634919
385998,76.97264939937459
386049,72.25353439137133
386100,92.49877619835894
386151,92.65958022403404
386202,99.01643203634919
386253,51.36721905210583
386304,99.01643203634919
386355,99.01643203634919
386406,42.697148124170646
386457,99.01643203634919
386508,49.17100911009038
386559,99.01643203634919
386610,99.01643203634919
386661,35.94326620958006
386712,52.39458999291576
386763,99.01643203634919
386814,86.4295299130697
386865,99.01643203634919
386916,91.60178502609946
386967,20.523168757122868
387018,44.74189227513226
387069,36.79967756143277
387120,99.01643203634919
387171,99.01643203634919
387222,96.8486835232584
387273,72.18290881495574
387324,82.80675051016401
387375,24.3441744136004
387426,99.01643203634919
387477,99.01643203634919
387528,70.56801062980526
387579,91.61549564141086
387630,87.451406752526
387681,99.01643203634919
387732,31.449323928444514
387783,86.14208455889371
387834,57.36363889428359
387885,95.90419401495426
387936,75.83274423486874
387987,92.96461146687567
388038,87.2014066293128
388089,38.257772801098064
388140,99.01643203634919
388191,99.01643203634919
388242,80.57974994828076
388293,75.56314283249917
388344,99.01643203634919
388395,83.4696536192921
388446,57.88549898114673
388497,74.05731814147246
388548,99.01643203634919
388599,53.77795526139669
388650,75.43460902226315
388701,99.01643203634919
388752,86.8014050389309
388803,61.539239652328796
388854,84.10538236526254
388905,99.01643203634919
388956,99.01643203634919
389007,37.95694314724981
389058,99.01643203634919
389109,89.21395944348885
389160,99.01643203634919
389211,99.01643203634919
389262,94.01245109772749
389313,83.67795030231737
389364,99.01643203634919
389415,87.85939570037371
389466,99.01643203634919
389517,66.2736485313623
389568,99.01643203634919
389619,39.454848340143954
389670,52.001150767688095
389721,55.89403405392132
389772,93.69478109354127
389823,99.01643203634919
389874,83.78172339686863
389925,32.79805812377742
389976,92.3162897282937
390027,99.01643203634919
390078,72.07977765061852
390129,69.74502817424442
390180,96.33044859533979
390231,75.51372726559313
390282,70.43235300523486
390333,99.01643203634919
390384,99.01643203634919
390435,51.37816131954516
390486,77.90359535304007
390537,64.654716124461
390588,85.89695134906184
390639,92.39838894317299
390690,85.62466621268788
390741,60.08813740562411
390792,95.65920016431356
390843,63.09544045692334
390894,28.323154083363914
390945,77.6800372016314
390996,44.86613359531813
391047,92.6585063950457
391098,99.01643203634919
391149,96.52330834170527
391200,92.4259463417512
391251,68.15030177620734
391302,41.63692481588936
391353,99.01643203634919
391404,86.8440686486283
391455,56.987262812344774
391506,87.46019242305051
391557,86.64346311353184
391608,89.24306782696578
391659,55.5218680505147
391710,57.32604207347337
391761,75.52473018258574
391812,93.82701853113602
391863,95.06453611051631
391914,37.416536579927126
391965,99.01643203634919
392016,85.20839510411484
392067,93.87605976737723
392118,53.36941125157131
392169,99.01643203634919
392220,68.20541095760458
392271,79.91995511369153
392322,87.79148239650983
392373,23.878699218907013
392424,67.0730173532666
392475,99.01643203634919
392526,74.2890985676418
392577,99.01643203634919
392628,96.62897179245931
392679,99.01643203634919
392730,26.720182339988458
392781,99.01643203634919
392832,99.01643203634919
392883,45.63516798907746
392934,93.40686512806352
392985,50.480133122865176
393036,99.01643203634919
393087,89.29288550488634
393138,57.381510939376
393189,93.66545999499151
393240,99.01643203634919
393291,99.01643203634919
393342,99.01643203634919
393393,91.55981941649262
393444,99.01643203634919
393495,99.01643203634919
393546,99.01643203634919
393597,99.01643203634919
393648,99.01643203634919
393699,99.01643203634919
393750,35.8587459905361
393801,99.01643203634919
393852,99.01643203634919
393903,88.03744836794482
393954,99.01643203634919
394005,85.94286795073577
394056,97.99256292398758
394107,99.01643203634919
394158,99.01643203634919
394209,99.01643203634919
394260,86.22466172638048
394311,77.02125032617529
394362,99.01643203634919
394413,96.43027932361511
394464,99.01643203634919
394515,99.01643203634919
394566,64.26281206673374
394617,97.88050201453825
394668,46.118039222273005
394719,91.01268778195151
394770,78.86295790028568
394821,86.94335805708941
394872,79.49534595460138
394923,79.66243770882859
394974,88.68361677644855
395025,78.40457861010573
395076,99.01643203634919
395127,74.91698458901823
395178,99.01643203634919
395229,99.01643203634919
395280,85.4529634214268
395331,99.01643203634919
395382,69.49842988390563
395433,73.95503440142068
395484,49.87121783465962
395535,94.12336398421678
395586,94.64418729186785
395637,99.01643203634919
395688,99.01643203634919
395739,90.54299354834151
395790,39.91427480414462
395841,99.01643203634919
395892,94.02957931518989
395943,53.61780691047825
395994,99.01643203634919
396045,79.28649387602022
396096,57.53019173684916
396147,99.01643203634919
396198,60.53026149938849
396249,96.42498313537872
396300,99.01643203634919
396351,91.29462955008724
396402,99.01643203634919
396453,99.01643203634919
396504,92.17681114296018
396555,61.39525907802215
396606,99.01643203634919
396657,62.972454013567514
396708,99.01643203634919
396759,93.08334932214882
396810,99.01643203634919
396861,54.29934194713931
396912,99.01643203634919
396963,77.55094921811877
397014,85.91417626305471
397065,31.139401814438862
397116,99.01643203634919
397167,99.01643203634919
397218,99.01643203634919
397269,99.01643203634919
397320,87.03762760238179
397371,79.80995323939739
397422,49.64781244901892
397473,99.01643203634919
397524,99.01643203634919
397575,95.75373681592878
397626,78.69729616729268
397677,96.31104902797242
397728,99.01643203634919
397779,63.179155584623324
397830,66.82855022008442
397881,73.63705001153453
397932,87.48197219566754
397983,99.01643203634919
398034,99.01643203634919
398085,42.93030789132475
398136,87.98617964249412
398187,58.713177205167504
398238,95.44532933926702
398289,86.73154334490565
398340,73.33521746292716
398391,69.31731525274196
398442,99.01643203634919
398493,99.01643203634919
398544,99.01643203634919
398595,99.01643203634919
398646,83.05588541099196
398697,89.30624963732092
398748,85.06596041240208
398799,99.01643203634919
398850,93.53708098466615
398901,99.01643203634919
398952,98.10815062966049
399003,86.74789540158092
399054,42.70309374675082
399105,50.33809259122774
399156,99.01643203634919
399207,65.36658219992506
399258,76.62174184169515
399309,39.51813223110253
399360,94.39755798686372
399411,99.01643203634919
399462,50.95629390083434
399513,96.82690494327103
399564,99.01643203634919
399615,99.01643203634919
399666,48.40556204988766
399717,99.01643203634919
399768,85.3558389165669
399819,53.258828966502634
399870,83.35094221112553
399921,66.08913941212332
399972,25.638895300580998
400023,45.58105502248487
400074,86.55212157017907
400125,99.01643203634919
400176,99.01643203634919
400227,83.21492004952198
400278,99.01643203634919
400329,76.69520421338424
400380,93.43192713948669
400431,80.2532368123703
400482,51.47301087812281
400533,87.47426791701866
400584,44.24959646299025
400635,94.68117146223494
400686,80.11504905335937
400737,85.43861448142883
400788,99.01643203634919
400839,99.01643203634919
400890,89.82569602823624
400941,50.67686188382387
400992,46.67243008770688
401043,72.45407218872109
401094,52.476725036195326
401145,92.89164491224945
401196,99.01643203634919
401247,46.432690469090595
401298,34.79186671028618
401349,59.749403505333795
401400,70.83413105199119
401451,69.9115103193614
401502,91.29445357570697
401553,49.59370235870029
401604,83.6989907078855
401655,95.05853585410922
401706,58.3720063938167
401757,99.01643203634919
401808,90.49076843351166
401859,99.01643203634919
401910,99.01643203634919
401961,91.45683017530341
402012,99.01643203634919
402063,88.76730319732525
402114,96.13590926474052
402165,47.432587229140424
402216,84.86138113471564
402267,99.01643203634919
402318,99.01643203634919
402369,72.22058091848592
402420,99.01643203634919
402471,81.60603527167815
402522,99.01643203634919
402573,53.20198383306692
402624,81.23188242153267
402675,73.89588754324375
402726,34.93145318025974
402777,93.6043798187236
402828,76.82346544373763
402879,99.01643203634919
402930,99.01643203634919
402981,99.01643203634919
403032,99.01643203634919
403083,99.01643203634919
403134,99.01643203634919
403185,50.42985353666023
403236,93.9375259404137
403287,99.01643203634919
403338,99.01643203634919
403389,99.01643203634919
403440,78.08812423540697
403491,83.24685344313109
403542,49.17645848060036
403593,99.01643203634919
403644,99.01643203634919
403695,66.41121193280192
403746,99.01643203634919
403797,99.01643203634919
403848,60.367246826325996
403899,93.07673677227629
403950,45.678078194083405
404001,99.01643203634919
404052,82.6831286399372
404103,99.01643203634919
404154,83.40154851032925
404205,82.26584255140959
404256,89.9031048993816
404307,40.356534063887246
404358,99.01643203634919
404409,99.01643203634919
404460,40.92562239178012
404511,51.16320766943948
404562,80.42956848579175
404613,99.01643203634919
404664,96.25943116746578
404715,59.23245903793373
404766,99.01643203634919
404817,90.9056312042796
404868,99.01643203634919
404919,82.7421552596693
404970,93.19342254319166
405021,86.0094755729362
405072,99.01643203634919
405123,99.01643203634919
405174,99.01643203634919
405225,50.105318480473315
405276,96.28552712550655
405327,99.01643203634919
405378,99.01643203634919
405429,82.67596800692604
405480,90.15925293498198
405531,99.01643203634919
405582,99.01643203634919
405633,72.05425462722462
405684,41.5202210730198
405735,99.01643203634919
405786,52.689230295538955
405837,99.01643203634919
405888,51.22938861120129
405939,91.81066461178023
405990,95.95127661404811
406041,99.01643203634919
406092,44.86280919817591
406143,87.15029858735943
406194,99.01643203634919
406245,77.74386474015529
406296,91.1442387118977
406347,96.36616025582961
406398,49.01249915368725
406449,99.01643203634919
406500,48.719369005867854
406551,95.02629017166561
406602,99.01643203634919
406653,99.01643203634919
406704,99.01643203634919
406755,99.01643203634919
406806,99.01643203634919
406857,99.01643203634919
406908,93.26827163719875
406959,99.01643203634919
407010,87.31360931322045
407061,99.01643203634919
407112,87.27722450726901
407163,81.57379194077083
407214,58.939242105855605
407265,99.01643203634919
407316,99.01643203634919
407367,77.63134519267844
407418,62.91551577732056
407469,94.13895635746161
407520,76.32137869355722
407571,49.28144151155963
407622,99.01643203634919
407673,48.50679565748329
407724,45.947921948265076
407775,83.49911588003388
407826,62.0439929583862
407877,99.01643203634919
407928,99.01643203634919
407979,80.55203892890695
408030,84.10304391335755
408081,94.70762268049543
408132,99.01643203634919
408183,64.17663480579407
408234,88.22035062973814
408285,90.56867666892266
408336,99.01643203634919
408387,77.00506737343709
408438,99.01643203634919
408489,54.51038647413459
408540,95.2723451348107
408591,36.53371017879264
408642,84.40767021205743
408693,25.464197444943483
408744,91.53850546280077
408795,58.85202960885799
408846,56.78873988270231
408897,50.312961453862165
408948,99.01643203634919
408999,93.8365523787712
409050,99.01643203634919
409101,86.44932415814714
409152,99.01643203634919
409203,99.01643203634919
409254,68.87258694895962
409305,64.31388197422572
409356,94.4559843126651
409407,89.57846684309003
409458,43.583116040047656
409509,62.15323465299194
409560,99.01643203634919
409611,99.01643203634919
409662,86.29722368626537
409713,99.01643203634919
409764,91.40784922499348
409815,90.51549529093685
409866,99.01643203634919
409917,99.01643203634919
409968,93.67759095241625
410019,99.01643203634919
410070,55.69712512312633
410121,88.85990587688859
410172,76.99428450018094
410223,94.37269114149466
410274,46.563601008410515
410325,99.01643203634919
410376,70.55227524650715
410427,99.01643203634919
410478,99.01643203634919
410529,99.01643203634919
410580,67.49291300283998
410631,35.15995190769209
410682,81.7847345462991
410733,61.61209030958332
410784,56.65746925053865
410835,67.58492969458156
410886,80.05895514876744
410937,99.01643203634919
410988,57.0717010635911
411039,78.95453643952162
411090,99.01643203634919
411141,51.34979736162739
411192,99.01643203634919
411243,99.01643203634919
411294,99.01643203634919
411345,51.49515096706067
411396,59.672540332450204
411447,49.02955661751542
411498,99.01643203634919
411549,46.4925050573266
411600,99.01643203634919
411651,87.35132910668342
411702,72.6859144370009
411753,18.028211962587374
411804,56.84422146006943
411855,32.1525421370327
411906,99.01643203634919
411957,99.01643203634919
412008,92.95635661885723
412059,74.49009803491062
412110,95.46165529576916
412161,92.12531387535358
412212,99.01643203634919
412263,86.87748195874867
412314,90.2107897206249
412365,50.04809584987574
412416,99.01643203634919
412467,80.64322092092415
412518,78.75887485506104
412569,71.62264980631247
412620,99.01643203634919
412671,99.01643203634919
412722,99.01643203634919
412773,94.49672936221127
412824,99.01643203634919
412875,99.01643203634919
412926,95.02868156065986
412977,65.45669638421862
413028,99.01643203634919
413079,78.38436353551278
413130,23.549784737718205
413181,61.11927459176406
413232,61.415235749686005
413283,99.01643203634919
413334,50.83248590536316
413385,73.21234119312388
413436,99.01643203634919
413487,55.88039695598126
413538,46.65518731645604
413589,84.3392163901947
413640,99.01643203634919
413691,99.01643203634919
413742,92.90518317836721
413793,99.01643203634919
413844,78.65598691291495
413895,43.989384437356314
413946,99.01643203634919
413997,99.01643203634919
414048,85.73375307830148
414099,83.49518194790446
414150,44.07906190225086
414201,82.84264581886305
414252,99.01643203634919
414303,94.32119931981816
414354,93.88793076138886
414405,82.41019967245067
414456,99.01643203634919
414507,99.01643203634919
414558,91.90424428379443
414609,99.01643203634919
414660,49.92137095565583
414711,99.01643203634919
414762,99.01643203634919
414813,99.01643203634919
414864,99.01643203634919
414915,94.21007214709206
414966,83.3019395335782
415017,78.09749614254562
415068,80.7520020828108
415119,96.13448813557108
415170,85.92324990528508
415221,99.01643203634919
415272,92.43521374517489
415323,48.47343017217113
415374,62.387432093995045
415425,79.49864987120104
415476,88.36365008103816
415527,94.46622472874226
415578,96.09878303866613
415629,56.18596254111861
415680,86.38633754425746
415731,97.00819793250136
415782,47.63804124921621
415833,99.01643203634919
415884,58.86577573644631
415935,99.01643203634919
415986,76.7334546525383
416037,70.83403130109873
416088,99.01643203634919
416139,55.775133466932836
416190,43.93422728586216
416241,99.01643203634919
416292,77.54179947774082
416343,99.01643203634919
416394,35.74855772484749
416445,75.22312630687509
416496,99.01643203634919
416547,65.92560995348705
416598,91.07980467853339
416649,91.92167534131481
416700,65.04468116405882
416751,90.10149351007432
416802,89.90852342796961
416853,70.77324208987676
416904,80.4014886174659
416955,43.493248398125985
417006,87.21239548044373
417057,33.19853966322398
417108,91.17957998568014
417159,33.513524190065766
417210,99.01643203634919
417261,80.00741033098011
417312,99.01643203634919
417363,55.83020863405647
417414,99.01643203634919
417465,99.01643203634919
417516,99.01643203634919
417567,85.7362932749171
417618,80.8161935376839
417669,96.84833495138962
417720,45.37998183229052
417771,51.11421712571786
417822,99.01643203634919
417873,93.18904992145704
417924,69.26429782542826
417975,77.90110471171221
418026,99.01643203634919
418077,42.597030646568406
418128,39.10842742760603
418179,99.01643203634919
418230,99.01643203634919
418281,83.91567051586917
418332,99.01643203634919
418383,77.18738468323478
418434,65.51820165835733
418485,99.01643203634919
418536,99.01643203634919
418587,45.607591737993275
418638,81.49394877102584
418689,99.01643203634919
418740,43.54319993844495
418791,32.41294899905831
418842,99.01643203634919
418893,86.52239055975163
418944,99.01643203634919
418995,39.68162679131475
419046,99.01643203634919
419097,79.36593429880077
419148,99.01643203634919
419199,99.01643203634919
419250,99.01643203634919
419301,99.01643203634919
419352,70.37513683800739
419403,74.38610563145254
419454,90.39610775783825
419505,91.1781965284405
419556,73.45463365105839
419607,45.62251921569192
419658,41.950683370867964
419709,42.97264072593105
419760,40.723220913569975
419811,60.29393462360374
419862,99.01643203634919
419913,99.01643203634919
419964,99.01643203634919
420015,80.48491070921759
420066,88.99395599378204
420117,99.01643203634919
420168,75.5820154991235
420219,99.01643203634919
420270,65.4991010826893
420321,99.01643203634919
420372,85.40199787433095
420423,82.99763297174592
420474,93.74384230800098
420525,93.3206039296483
420576,98.76336986002417
420627,41.94348213239262
420678,99.01643203634919
420729,99.01643203634919
420780,81.50950013779342
420831,77.51962011440386
420882,95.20850424631257
420933,98.01588245873184
420984,99.01643203634919
421035,99.01643203634919
421086,99.01643203634919
421137,55.94511666790355
421188,99.01643203634919
421239,55.021161532559695
421290,71.64467756072267
421341,91.6188050233071
421392,80.80559767718218
421443,71.1596127690106
421494,45.77236935497776
421545,99.01643203634919
421596,92.89260835621393
421647,86.89394138396877
421698,94.96009151061517
421749,92.3557141251134
421800,77.26146487337054
421851,51.22986178588027
421902,41.51751820837498
421953,74.15024398255642
422004,85.42544657094605
422055,99.01643203634919
422106,49.38200597669446
422157,46.2079247951903
422208,55.06097327373768
422259,92.7429668466925
422310,99.01643203634919
422361,99.01643203634919
422412,99.01643203634919
422463,99.01643203634919
422514,80.84808519541109
422565,55.747299350069326
422616,88.16218185737912
422667,99.01643203634919
422718,92.74548924161314
422769,61.64276675835092
422820,99.01643203634919
422871,99.01643203634919
422922,99.01643203634919
422973,68.82450154713875
423024,84.77308977505207
423075,67.31737365269517
423126,71.84172634595537
423177,58.95394430883109
423228,96.07513876190566
423279,85.7608213486805
423330,95.48092168357118
423381,77.60811506296882
423432,99.01643203634919
423483,81.94630118598981
423534,93.81113379313193
423585,89.8554749673669
423636,96.10598723465348
423687,99.01643203634919
423738,53.78225995060362
423789,91.96408001678344
423840,94.91239771329528
423891,99.01643203634919
423942,73.05444042619227
423993,99.01643203634919
424044,99.01643203634919
424095,99.01643203634919
424146,76.43113964163942
424197,99.01643203634919
424248,94.7745905318726
424299,38.99929104733078
424350,83.05975440210831
424401,91.28746159434463
424452,33.98342151863006
424503,89.78060312328618
424554,82.41397721621688
424605,88.7977787354022
424656,99.01643203634919
424707,95.84620444550428
424758,67.80977848802279
424809,77.62892479751534
424860,59.06724846312
424911,99.01643203634919
424962,54.13482072900054
425013,99.01643203634919
425064,72.05583980785572
425115,99.01643203634919
425166,86.20323654954376
425217,60.91746456823231
425268,57.47505583617201
425319,99.01643203634919
425370,33.8593064909244
425421,84.0344519283511
425472,43.48964623949076
425523,85.66800810041828
425574,99.01643203634919
425625,99.01643203634919
425676,91.12464777995731
425727,99.01643203634919
425778,99.01643203634919
425829,31.877290163356818
425880,27.69208823146942
425931,99.01643203634919
425982,87.00577727389305
426033,81.73097683452126
426084,85.03793884757027
426135,69.19422100293397
426186,99.01643203634919
426237,99.01643203634919
426288,99.01643203634919
426339,99.01643203634919
426390,99.01643203634919
426441,98.83939765673209
426492,61.906565431235656
426543,88.50388011155532
426594,99.01643203634919
426645,92.85995534318815
426696,84.91290754707838
426747,38.50005008503299
426798,92.15694579142387
426849,99.01643203634919
426900,99.01643203634919
426951,70.83334269353206
427002,77.84688625202676
427053,74.55310549252665
427104,91.92934339931104
427155,96.59607082837671
427206,99.01643203634919
427257,91.7937782308667
427308,99.01643203634919
427359,99.01643203634919
427410,82.00002261014315
427461,78.01116096716645
427512,99.01643203634919
427563,55.095860425793575
427614,99.01643203634919
427665,99.01643203634919
427716,53.15808294312536
427767,49.139707169580625
427818,55.74662142679558
427869,96.59856849146541
427920,36.60149972648508
427971,56.87841217508908
428022,57.01444862340629
428073,99.01643203634919
428124,99.01643203634919
428175,99.01643203634919
428226,85.98619896939267
428277,48.399502680110395
428328,99.01643203634919
428379,34.84535813613942
428430,64.58398101016479
428481,87.37471829956492
428532,82.4793922351458
428583,64.45923983361698
428634,38.08018737693395
428685,99.01643203634919
428736,83.772567326941
428787,71.1342025683485
428838,43.65915340264999
428889,93.69427992781586
428940,99.01643203634919
428991,99.01643203634919
429042,99.01643203634919
429093,90.28166278921938
429144,99.01643203634919
429195,99.01643203634919
429246,64.62173333172022
429297,64.97720595290558
429348,99.01643203634919
429399,76.8784328828655
429450,91.37365931989804
429501,55.78024082045687
429552,99.01643203634919
429603,99.01643203634919
429654,99.01643203634919
429705,37.355476991142396
429756,43.03151566631312
429807,83.51959374929561
429858,99.01643203634919
429909,95.48815775909404
429960,67.13543918117952
430011,99.01643203634919
430062,71.56885975529657
430113,48.02247680431561
430164,77.65793022188944
430215,99.01643203634919
430266,99.01643203634919
430317,82.87212549999849
430368,90.31587902286785
430419,92.37333321897226
430470,19.592531694595895
430521,88.45381488996904
430572,99.01643203634919
430623,99.01643203634919
430674,85.20548090359658
430725,99.01643203634919
430776,86.69247287554168
430827,90.82348107515544
430878,72.8766272705479
430929,45.98999748857146
430980,84.21605987981924
431031,93.72185218325109
431082,99.01643203634919
431133,84.57082645076315
431184,81.33979992357925
431235,67.63861366232378
431286,92.78381565328627
431337,99.01643203634919
431388,99.01643203634919
431439,87.47246583302035
431490,79.20472142895156
431541,74.35174292038454
431592,87.29260223880328
431643,64.27804487901467
431694,99.01643203634919
431745,95.4594995952317
431796,57.990904275789276
431847,68.34958235997793
431898,99.01643203634919
431949,94.5284070173439
432000,99.01643203634919
432051,99.01643203634919
432102,99.01643203634919
432153,43.44180005351416
432204,99.01643203634919
432255,99.01643203634919
432306,81.82718936660376
432357,74.73907680768711
432408,82.71065556756848
432459,73.68570636156804
432510,99.01643203634919
432561,99.01643203634919
432612,81.5344108969819
432663,99.01643203634919
432714,79.08027828626714
432765,90.78233255838317
432816,46.40601149518516
432867,99.01643203634919
432918,71.79100207349077
432969,99.01643203634919
433020,78.66068221569925
433071,81.2651360680574
433122,70.73581843674216
433173,81.67225249110558
433224,99.01643203634919
433275,93.09191764577032
433326,56.76004890108965
433377,99.01643203634919
433428,99.01643203634919
433479,99.01643203634919
433530,43.77927782146073
433581,71.32124212040297
433632,97.71789307940584
433683,88.55507467663837
433734,79.85010231437433
433785,99.01643203634919
433836,71.2251013217015
433887,99.01643203634919
433938,24.394997675443214
433989,95.20997705131172
434040,53.263660546213124
434091,25.50302760573375
434142,94.52212829362165
434193,56.725048239755914
434244,93.59445073216283
434295,99.01643203634919
434346,40.00670817054646
434397,99.01643203634919
434448,99.01643203634919
434499,99.01643203634919
434550,64.6522602064723
434601,96.7683859585094
434652,50.73460284554199
434703,93.27071090426934
434754,99.01643203634919
434805,69.79768720542538
434856,64.37663040188336
434907,99.01643203634919
434958,55.049101186293164
435009,83.33028566125031
435060,99.01643203634919
435111,86.59076752635625
435162,76.78979120932532
435213,88.54084142833474
435264,75.30169934291034
435315,87.23938348552898
435366,99.01643203634919
435417,69.94185351543923
435468,7.850934021577658
435519,87.9166613550429
435570,99.01643203634919
435621,79.96999463123052
435672,94.92909424832673
435723,85.25927037216213
435774,81.63155735694752
435825,96.74618473709727
435876,99.01643203634919
435927,43.54049308695593
435978,81.6037039495418
436029,99.01643203634919
436080,99.01643203634919
436131,92.49935485445386
436182,60.226984860307184
436233,95.5508441461127
436284,29.447489072706453
436335,68.08071370933324
436386,52.06923689705568
436437,44.90962524854951
436488,61.30945981783597
436539,39.046857108762445
436590,95.17805180395554
436641,70.09715021755036
436692,83.56096014480103
436743,99.01643203634919
436794,43.17267346877834
436845,99.01643203634919
436896,84.31389128178361
436947,59.310206002339264
436998,67.45479290095068
437049,78.75647417421386
437100,99.01643203634919
437151,99.01643203634919
437202,44.87396835003528
437253,83.4048693895534
437304,92.86916830332719
437355,99.01643203634919
437406,99.01643203634919
437457,87.86299079676715
437508,87.16969989679099
437559,82.15872672394764
437610,92.62129767332317
437661,99.01643203634919
437712,99.01643203634919
437763,54.97817673455094
437814,99.01643203634919
437865,50.259241342211915
437916,99.01643203634919
437967,99.01643203634919
438018,39.22319126030334
438069,99.01643203634919
438120,99.01643203634919
438171,82.58864269723243
438222,75.99144474391912
438273,32.25051471280692
438324,99.01643203634919
438375,99.01643203634919
438426,89.65879252262313
438477,99.01643203634919
438528,99.01643203634919
438579,80.4443945175326
438630,81.01277411171947
438681,91.75154299865501
438732,52.624450847588065
438783,60.14538287182835
438834,86.54570719577778
438885,60.851507772573164
438936,79.26590490429365
438987,55.78641326902315
439038,54.43294018865353
439089,99.01643203634919
439140,99.01643203634919
439191,87.3272341820829
439242,85.06375964192283
439293,59.5431767226783
439344,99.01643203634919
439395,76.07125108966702
439446,99.01643203634919
439497,87.9011367123127
439548,95.9252007296663
439599,99.01643203634919
439650,99.01643203634919
439701,28.396410896733485
439752,95.48780936794795
439803,28.50323778029386
439854,66.19684345894197
439905,45.93439818931064
439956,99.01643203634919
440007,26.114783403840903
440058,70.39535586703545
440109,98.35995871333476
440160,99.01643203634919
440211,99.01643203634919
440262,99.01643203634919
440313,87.85443694894056
440364,96.26870617414042
440415,99.01643203634919
440466,99.01643203634919
440517,81.839425311846
440568,99.01643203634919
440619,99.01643203634919
440670,93.01373008701442
440721,78.17147559573323
440772,51.281805889703
440823,84.45759193716097
440874,80.01451913628883
440925,99.01643203634919
440976,99.01643203634919
441027,94.2291397410478
441078,96.67246021596605
441129,99.01643203634919
441180,67.10469335343899
441231,37.17869079250487
441282,85.88614154353773
441333,87.69111057874545
441384,17.89078707129626
441435,75.12173770916452
441486,99.01643203634919
441537,99.01643203634919
441588,93.8187247036199
441639,51.435064543902165
441690,66.78615735857966
441741,76.90331903868301
441792,99.01643203634919
441843,37.275796136287696
441894,99.01643203634919
441945,94.74703585637381
441996,49.60935237745077
442047,79.48930981486002
442098,64.33750308378669
442149,99.01643203634919
442200,84.53200185783902
442251,99.01643203634919
442302,92.49273763381115
442353,56.25118832119487
442404,76.41018131945837
442455,99.01643203634919
442506,99.01643203634919
442557,99.01643203634919
442608,80.35315568764557
442659,82.0237047292234
442710,99.01643203634919
442761,44.00665786380942
442812,76.28936167276771
442863,90.68894455891675
442914,83.54102460608435
442965,73.14750186115289
443016,99.01643203634919
443067,99.01643203634919
443118,48.223984480004354
443169,99.01643203634919
443220,92.63782144894196
443271,82.38326091914824
443322,65.0020038511138
443373,45.24954482466541
443424,99.01643203634919
443475,88.34835059096622
443526,64.46301005492326
443577,82.1612613088871
443628,33.691025296212544
443679,55.6643278343788
443730,99.01643203634919
443781,95.82870155447426
443832,87.54681623088865
443883,86.74300041801466
443934,84.0250258456451
443985,99.01643203634919
444036,82.88890899956135
444087,99.01643203634919
444138,94.16263711587305
444189,80.33905543273256
444240,45.8953343360496
444291,89.82748576552868
444342,88.02021146969096
444393,77.28075097441132
444444,99.01643203634919
444495,99.01643203634919
444546,98.29452888970945
444597,99.01643203634919
444648,94.33268772183196
444699,99.01643203634919
444750,99.01643203634919
444801,75.77398606706788
444852,92.58258111309779
444903,71.23116184108035
444954,53.117560296898475
445005,61.377216746002674
445056,62.76542925923639
445107,37.78686184395635
445158,99.01643203634919
445209,99.01643203634919
445260,87.6242182841801
445311,54.119794757729274
445362,82.821457988702
445413,99.01643203634919
445464,93.14216132141256
445515,99.01643203634919
445566,68.44549454418821
445617,52.30008865535099
445668,68.11246748034976
445719,99.01643203634919
445770,90.0959553202029
445821,99.01643203634919
445872,99.01643203634919
445923,99.01643203634919
445974,99.01643203634919
446025,75.44878883125423
446076,86.27216389637908
446127,91.88138517613858
446178,80.29212935292072
446229,99.01643203634919
446280,81.04314866138978
446331,99.01643203634919
446382,92.97787853782472
446433,99.01643203634919
446484,62.45345442821875
446535,99.01643203634919
446586,90.12856502176022
446637,99.01643203634919
446688,38.23944553276362
446739,38.83464358997535
446790,99.01643203634919
446841,80.28526272448165
446892,97.84521970052077
446943,99.01643203634919
446994,52.49665340186645
447045,34.50941474290193
447096,62.71834293338498
447147,99.01643203634919
447198,51.891865569044114
447249,99.01643203634919
447300,97.4172175089024
447351,54.65841542135944
447402,76.07975694290131
447453,75.28985202782512
447504,55.780668323281475
447555,64.02265452484527
447606,70.65781052564445
447657,66.82933357170694
447708,99.01643203634919
447759,99.01643203634919
447810,68.44933779319024
447861,99.01643203634919
447912,99.01643203634919
447963,93.90633677062768
448014,44.14455678936433
448065,99.01643203634919
448116,99.01643203634919
448167,99.01643203634919
448218,99.01643203634919
448269,84.47764096126214
448320,44.63391899021927
448371,89.48695133830839
448422,99.01643203634919
448473,99.01643203634919
448524,99.01643203634919
448575,99.01643203634919
448626,99.01643203634919
448677,88.01663373380362
448728,99.01643203634919
448779,73.86957043218995
448830,99.01643203634919
448881,99.01643203634919
448932,87.00725295653322
448983,88.97868645219478
449034,23.18037854730293
449085,66.81882830123165
449136,92.7273793828603
449187,99.01643203634919
449238,99.01643203634919
449289,62.062773654480395
449340,90.25816587867997
449391,76.99044666781968
449442,85.51625112694677
449493,30.467072785897443
449544,99.01643203634919
449595,99.01643203634919
449646,99.01643203634919
449697,66.20222460735366
449748,96.14475716778519
449799,99.01643203634919
449850,99.01643203634919
449901,81.15448208099531
449952,87.84718737890978
450003,99.01643203634919
450054,99.01643203634919
450105,51.12374438460195
450156,99.01643203634919
450207,99.01643203634919
450258,97.35032102823062
450309,36.030188964977725
450360,49.64894328868139
450411,87.54867784492944
450462,97.22419716146894
450513,99.01643203634919
450564,57.22908565558827
450615,19.705221431394946
450666,99.01643203634919
450717,31.281875691871996
450768,86.1893995812494
450819,99.01643203634919
450870,86.16782941076308
450921,83.38191316671023
450972,20.692697317705154
451023,99.01643203634919
451074,98.00572361203419
451125,99.01643203634919
451176,88.39020116244156
451227,75.08957818871362
451278,85.21496956082653
451329,88.83018490716444
451380,70.77664246870286
451431,78.09559548454142
451482,99.01643203634919
451533,87.98698804772228
451584,99.01643203634919
451635,97.96726982934722
451686,76.49127731552912
451737,86.64776199464512
451788,78.3066573584922
451839,99.01643203634919
451890,96.07630733440665
451941,99.01643203634919
451992,88.04954639290696
452043,44.99400913405757
452094,99.01643203634919
452145,99.01643203634919
452196,94.94210893424372
452247,99.01643203634919
452298,82.90236090382082
452349,91.62865355518574
452400,82.46695057634476
452451,99.01643203634919
452502,87.90053239047086
452553,85.38147114726884
452604,80.17750972238909
452655,99.01643203634919
452706,99.01643203634919
452757,70.44835247519295
452808,99.01643203634919
452859,90.66877325465158
452910,99.01643203634919
452961,81.8333397523573
453012,79.51436628445563
453063,99.01643203634919
453114,89.4232142774166
453165,63.810751647204576
453216,99.01643203634919
453267,99.01643203634919
453318,61.54628293799975
453369,90.5842343410051
453420,68.87506831583617
453471,96.46197914898306
453522,92.95782017999274
453573,99.01643203634919
453624,78.3711391184436
453675,99.01643203634919
453726,99.01643203634919
453777,99.01643203634919
453828,49.67066846867745
453879,78.72887619146742
453930,99.01643203634919
453981,99.01643203634919
454032,99.01643203634919
454083,78.88183594199025
454134,75.57408379112692
454185,44.889661352006854
454236,65.69186637878613
454287,99.01643203634919
454338,99.01643203634919
454389,78.05828547391343
454440,99.01643203634919
454491,99.01643203634919
454542,90.8057460491023
454593,93.2812711020403
454644,82.82595411659037
454695,96.06889362325592
454746,83.83287694639886
454797,42.62378221420119
454848,78.91655030441166
454899,49.94454826919077
454950,16.32571459660066
455001,40.617755517301255
455052,62.91861413999541
455103,84.802791975226
455154,88.86682779192259
455205,99.01643203634919
455256,59.56044860724947
455307,90.70246133183113
455358,79.19664641806399
455409,70.39049235361684
455460,90.50926061537068
455511,79.4432222389898
455562,89.28724584935748
455613,99.01643203634919
455664,95.59074721070733
455715,79.48265478403209
455766,75.5699512378042
455817,55.50730629032014
455868,99.01643203634919
455919,72.32397902326682
455970,30.433232511827864
456021,72.67783771778991
456072,69.13010016250952
456123,58.20828641658959
456174,70.2625600939098
456225,34.51998967890509
456276,50.003925322321145
456327,47.294764055444155
456378,99.01643203634919
456429,82.36249543844346
456480,99.01643203634919
456531,75.97989458365734
456582,86.93153546420605
456633,99.01643203634919
456684,83.30937499669658
456735,94.22328010044035
456786,99.01643203634919
456837,97.11456649668698
456888,54.76657230075966
456939,94.48425711088018
456990,61.4900654567647
457041,99.01643203634919
457092,99.01643203634919
457143,66.64211791433347
457194,36.87040201017092
457245,43.13048830058531
457296,51.499082594826405
457347,93.72018571575856
457398,81.74747306660306
457449,82.49587033146203
457500,83.6776158988898
457551,41.89508780000543
457602,96.61166693976234
457653,27.81909865095218
457704,95.5524242013806
457755,99.01643203634919
457806,82.15151874020405
457857,99.01643203634919
457908,94.93847446972266
457959,96.45848984043835
458010,99.01643203634919
458061,31.72604354983536
458112,99.01643203634919
458163,35.29870830322564
458214,95.07510898701486
458265,73.13455943356742
458316,72.78405145540036
458367,64.11403070513894
458418,93.75941078561502
458469,99.01643203634919
458520,99.01643203634919
458571,86.44362309380783
458622,69.26134304650088
458673,99.01643203634919
458724,95.02393517163583
458775,99.01643203634919
458826,99.01643203634919
458877,99.01643203634919
458928,89.2300614096948
458979,86.87862390775726
459030,99.01643203634919
459081,99.01643203634919
459132,60.18358801129683
459183,76.28258485036143
459234,60.31037372073209
459285,28.868668473934534
459336,85.14529619004755
459387,99.01643203634919
459438,75.57392670974289
459489,87.36797156496702
459540,80.43491355504848
459591,99.01643203634919
459642,99.01643203634919
459693,99.01643203634919
459744,99.01643203634919
459795,99.01643203634919
459846,99.01643203634919
459897,33.884986407944666
459948,88.52916604229578
459999,99.01643203634919
460050,75.40123653619226
460101,99.01643203634919
460152,99.01643203634919
460203,89.828211609057
460254,99.01643203634919
460305,99.01643203634919
460356,90.66734827881852
460407,95.4903244798508
460458,77.29795539228621
460509,99.01643203634919
460560,91.20743390581383
460611,80.0847732232359
460662,99.01643203634919
460713,99.01643203634919
460764,86.12382000652553
460815,99.01643203634919
460866,83.52161688458919
460917,99.01643203634919
460968,93.50790049339246
461019,99.01643203634919
461070,99.01643203634919
461121,99.01643203634919
461172,37.49092396999106
461223,99.01643203634919
461274,99.01643203634919
461325,54.10650553957055
461376,91.54232719041525
461427,32.284718972331305
461478,99.01643203634919
461529,93.47257299468261
461580,90.7575310082273
461631,99.01643203634919
461682,99.01643203634919
461733,89.76844981071218
461784,99.01643203634919
461835,79.55514644619458
461886,99.01643203634919
461937,72.4229247928899
461988,99.01643203634919
462039,99.01643203634919
462090,94.25689074804677
462141,56.39607348255225
462192,86.83662517186227
462243,99.01643203634919
462294,99.01643203634919
462345,99.01643203634919
462396,88.0191196267331
462447,42.09099187564839
462498,45.93980165850624
462549,48.31090653749502
462600,77.1372405952939
462651,86.98475804423549
462702,70.95596573231556
462753,99.01643203634919
462804,87.69490391978856
462855,78.92145837651242
462906,92.60766586542697
462957,89.40723270586888
463008,99.01643203634919
463059,87.25689823279617
463110,99.01643203634919
463161,78.07508441844428
463212,99.01643203634919
463263,97.98751365809854
463314,64.65567914955591
463365,99.01643203634919
463416,35.31410001119032
463467,99.01643203634919
463518,99.01643203634919
463569,90.91020609812544
463620,83.61099189532986
463671,99.01643203634919
463722,97.85204155276834
463773,99.01643203634919
463824,84.80910136711742
463875,99.01643203634919
463926,87.72407271442553
463977,90.64437867252757
464028,65.35082725177945
464079,99.01643203634919
464130,94.89390636010812
464181,94.59483796988326
464232,99.01643203634919
464283,91.55163124656043
464334,99.01643203634919
464385,99.01643203634919
464436,99.01643203634919
464487,99.01643203634919
464538,86.1120867901204
464589,45.78903246931758
464640,99.01643203634919
464691,62.902174905277086
464742,81.52861897243777
464793,87.05660557113674
464844,92.56696246540304
464895,99.01643203634919
464946,93.79284459590473
464997,99.01643203634919
465048,99.01643203634919
465099,97.1305454081939
465150,99.01643203634919
465201,75.21087156316575
465252,88.89964691890201
465303,99.01643203634919
465354,46.22496174246394
465405,42.21189064596519
465456,65.23574669359716
465507,37.68820193536829
465558,90.60090770713957
465609,45.029294316579545
465660,99.01643203634919
465711,99.01643203634919
465762,75.51167532623634
465813,99.01643203634919
465864,78.67711297607482
465915,90.24395795731323
465966,96.60467419071126
466017,99.01643203634919
466068,78.52848700071544
466119,99.01643203634919
466170,99.01643203634919
466221,85.33947761600004
466272,61.085732711455286
466323,78.24069622037649
466374,99.01643203634919
466425,99.01643203634919
466476,34.11330184177978
466527,77.92959579832258
466578,99.01643203634919
466629,28.070696929648257
466680,54.952779422697766
466731,99.01643203634919
466782,99.01643203634919
466833,84.21554441631045
466884,99.01643203634919
466935,85.01478888130785
466986,89.27131805994229
467037,99.01643203634919
467088,99.01643203634919
467139,75.82958312476852
467190,99.01643203634919
467241,34.27398794187917
467292,99.01643203634919
467343,93.46657460360133
467394,99.01643203634919
467445,99.01643203634919
467496,84.84850436221895
467547,99.01643203634919
467598,69.82779826065963
467649,82.6115492188856
467700,59.33485328790646
467751,86.31243161894243
467802,99.01643203634919
467853,99.01643203634919
467904,99.01643203634919
467955,88.40504630619255
468006,85.42337224356336
468057,99.01643203634919
468108,99.01643203634919
468159,99.01643203634919
468210,80.2408418180995
468261,76.36176870905652
468312,91.73252425477162
468363,99.01643203634919
468414,86.09769865903141
468465,70.66394792522583
468516,62.28981435260406
468567,91.26469000898587
468618,67.45345474180866
468669,91.32102537950838
468720,99.01643203634919
468771,99.01643203634919
468822,79.81157454557211
468873,52.259819388901896
468924,58.97239354341671
468975,73.05078441301171
469026,79.10669212260999
469077,77.66615955830123
469128,84.16788184233889
469179,88.80112588631006
469230,62.91372106510248
469281,99.01643203634919
469332,99.01643203634919
469383,99.01643203634919
469434,79.17091467406141
469485,71.86375305675475
469536,99.01643203634919
469587,99.01643203634919
469638,94.34887089080851
469689,99.01643203634919
469740,61.83426630139399
469791,85.58998308033695
469842,99.01643203634919
469893,65.51491424551655
469944,99.01643203634919
469995,99.01643203634919
470046,83.26040709852501
470097,29.82591115564859
470148,86.34207285187222
470199,82.91729329777898
470250,94.19067782659141
470301,99.01643203634919
470352,53.06964264931239
470403,99.01643203634919
470454,83.94725954366966
470505,83.35288408907766
470556,99.01643203634919
470607,85.82663275898692
470658,90.68505514965086
470709,91.60930297112047
470760,82.19352543130707
470811,94.8871027466639
470862,84.147270508796
470913,87.2641231357348
470964,99.01643203634919
471015,99.01643203634919
471066,73.85461805729504
471117,53.98620722939345
471168,37.84004923405946
471219,99.01643203634919
471270,69.72757246685723
471321,42.78861528470736
471372,99.01643203634919
471423,99.01643203634919
471474,99.01643203634919
471525,52.107044371282804
471576,90.65991064106068
471627,99.01643203634919
471678,99.01643203634919
471729,91.72999761446822
471780,99.01643203634919
471831,45.534259055846114
471882,91.49357999914739
471933,86.45779962727404
471984,73.84990109436481
472035,84.55277428077737
472086,64.57286388511275
472137,54.501284047021095
472188,74.11935090502284
472239,99.01643203634919
472290,99.01643203634919
472341,99.01643203634919
472392,64.11368454960913
472443,94.76172996993908
472494,99.01643203634919
472545,42.415296025264034
472596,99.01643203634919
472647,99.01643203634919
472698,94.66120764748246
472749,62.6199092335289
472800,99.01643203634919
472851,99.01643203634919
472902,71.06279041528643
472953,99.01643203634919
473004,90.70967997465301
473055,63.379801925571186
473106,99.01643203634919
473157,95.15735997945518
473208,95.13416006663103
473259,98.54456699632011
473310,53.08899262020421
473361,99.01643203634919
473412,72.56029058710696
473463,69.30589163870546
473514,99.01643203634919
473565,82.43711909589851
473616,87.19218278740934
473667,89.86325298126555
473718,69.08909965854275
473769,99.01643203634919
473820,99.01643203634919
473871,99.01643203634919
473922,96.80118248261164
473973,99.01643203634919
474024,64.33547305024486
474075,45.90391958645226
474126,70.4513075866868
474177,85.85245747452818
474228,78.00730121839027
474279,99.01643203634919
474330,37.13947182694785
474381,97.04087450016794
474432,73.28855317931198
474483,94.32735347616895
474534,96.57034968170079
474585,99.01643203634919
474636,99.01643203634919
474687,99.01643203634919
474738,99.01643203634919
474789,74.59318916663332
474840,45.649045823648315
474891,92.60833671890983
474942,99.01643203634919
474993,52.615227816664266
475044,99.01643203634919
475095,92.1608567952477
475146,43.68164526184029
475197,62.6259247005168
475248,99.01643203634919
475299,37.270649580608946
475350,37.41314954762693
475401,99.01643203634919
475452,99.01643203634919
475503,30.131979870056515
475554,58.698480176523205
475605,99.01643203634919
475656,99.01643203634919
475707,76.83581830188444
475758,99.01643203634919
475809,98.64908479041443
475860,99.01643203634919
475911,99.01643203634919
475962,99.01643203634919
476013,66.3361602152975
476064,32.64193208315916
476115,93.51151314004862
476166,79.50660576868103
476217,94.33945551157247
476268,88.6418590092819
476319,99.01643203634919
476370,79.51613145932677
476421,99.01643203634919
476472,99.01643203634919
476523,78.1663649950167
476574,99.01643203634919
476625,92.0337766931201
476676,99.01643203634919
476727,99.01643203634919
476778,47.34921054038008
476829,71.64004537374586
476880,86.27654167934706
476931,99.01643203634919
476982,42.48899274666455
477033,84.09592662627706
477084,99.01643203634919
477135,87.21239801538267
477186,78.99608146245436
477237,15.004032207128205
477288,99.01643203634919
477339,99.01643203634919
477390,99.01643203634919
477441,90.70159642111538
477492,99.01643203634919
477543,68.32354466840472
477594,99.01643203634919
477645,43.1238530507748
477696,88.32832423038745
477747,99.01643203634919
477798,42.38936556201287
477849,78.71740309680997
477900,97.65641374648987
477951,99.01643203634919
478002,76.0345611237425
478053,99.01643203634919
478104,99.01643203634919
478155,78.03606918273972
478206,99.01643203634919
478257,72.31185889959887
478308,99.01643203634919
478359,66.29984814874142
478410,21.472701919952378
478461,99.01643203634919
478512,96.49750712854326
478563,90.63376396546185
478614,85.79203127626444
478665,80.27352154485538
478716,91.84119879559722
478767,94.7742892828056
478818,89.6126716569675
478869,70.92692242187033
478920,73.60209265548036
478971,79.7005557212246
479022,99.01643203634919
479073,94.36122588219382
479124,86.30999165282871
479175,33.404113851486
479226,33.795180406182915
479277,99.01643203634919
479328,76.53890428876954
479379,99.01643203634919
479430,70.91260522493072
479481,93.32906671540722
479532,99.01643203634919
479583,63.54578851876885
479634,76.61860195993941
479685,76.69297646440357
479736,92.86060208158273
479787,99.01643203634919
479838,99.01643203634919
479889,99.01643203634919
479940,81.29305764427204
479991,99.01643203634919
480042,91.51047130839007
480093,93.90142073609739
480144,47.26977856532745
480195,80.1778539534237
480246,99.01643203634919
480297,80.75721041179301
480348,56.46779361182726
480399,92.90517483902877
480450,95.11177660800949
480501,85.45901961769572
480552,49.39275421082697
480603,52.803422949156946
480654,46.62079597198053
480705,72.00791867953501
480756,99.01643203634919
480807,71.4768174259267
480858,41.78057745412792
480909,99.01643203634919
480960,95.26716572399246
481011,41.96588747740005
481062,99.01643203634919
481113,99.01643203634919
481164,99.01643203634919
481215,99.01643203634919
481266,99.01643203634919
481317,27.623909391804933
481368,99.01643203634919
481419,88.22501614631305
481470,95.7190328501629
481521,69.00716466850267
481572,99.01643203634919
481623,94.30929991439612
481674,67.91460154113949
481725,48.713283441464135
481776,99.01643203634919
481827,99.01643203634919
481878,90.23420209124536
481929,99.01643203634919
481980,90.76196346138016
482031,99.01643203634919
482082,53.57355508995716
482133,94.93091273639517
482184,99.01643203634919
482235,92.67135835956898
482286,64.88950903789399
482337,99.01643203634919
482388,61.612387987427105
482439,64.2408839487491
482490,76.23384682761521
482541,39.320745276370324
482592,56.62042789224091
482643,79.88425335905981
482694,90.63239582223994
482745,99.01643203634919
482796,53.0360420420482
482847,99.01643203634919
482898,84.89216591007393
482949,99.01643203634919
483000,89.41896676192016
483051,58.160953424889726
483102,72.14749693107206
483153,99.01643203634919
483204,55.821059720917006
483255,99.01643203634919
483306,75.434919026886
483357,81.76061129013176
483408,37.524538273318164
483459,99.01643203634919
483510,84.84567640704766
483561,50.87062134793016
483612,49.10477502643124
483663,72.53605520533083
483714,99.01643203634919
483765,53.4109069124662
483816,99.01643203634919
483867,88.3834237575021
483918,83.68378708919072
483969,99.01643203634919
484020,86.10256322494742
484071,99.01643203634919
484122,99.01643203634919
484173,99.01643203634919
484224,99.01643203634919
484275,98.49250174866339
484326,40.377867395760205
484377,78.75881833160541
484428,47.58961017088489
484479,99.01643203634919
484530,50.334597058735774
484581,87.74676197187794
484632,99.01643203634919
484683,92.18594449298695
484734,75.47887253568527
484785,99.01643203634919
484836,65.77865303681739
484887,96.69704287117858
484938,69.44495185415882
484989,35.462218059520396
485040,99.01643203634919
485091,86.08314720392481
485142,99.01643203634919
485193,99.01643203634919
485244,99.01643203634919
485295,74.33143569919794
485346,67.85484028273521
485397,85.12057094450158
485448,72.7069181812299
485499,85.10362027889718
485550,93.18208479070435
485601,99.01643203634919
485652,99.01643203634919
485703,99.01643203634919
485754,54.46727059281435
485805,39.683845688732845
485856,41.532298033026706
485907,99.01643203634919
485958,58.3105122313635
486009,81.89836595817573
486060,87.66513101903118
486111,99.01643203634919
486162,46.06167239316565
486213,99.01643203634919
486264,88.84144666925008
486315,88.89672829908648
486366,99.01643203634919
486417,62.4480037405748
486468,92.03164621421752
486519,99.01643203634919
486570,99.01643203634919
486621,94.95371108898058
486672,96.46314633835033
486723,85.74074115308527
486774,70.68824968873744
486825,99.01643203634919
486876,74.58268596726833
486927,51.50521447617618
486978,84.16021335948102
487029,99.01643203634919
487080,99.01643203634919
487131,99.01643203634919
487182,99.01643203634919
487233,99.01643203634919
487284,99.01643203634919
487335,69.220072728485
487386,99.01643203634919
487437,94.94237978171238
487488,99.01643203634919
487539,77.90016878890806
487590,99.01643203634919
487641,60.78486394426767
487692,90.26469131687531
487743,99.01643203634919
487794,77.26043894471759
487845,72.41525946050096
487896,99.01643203634919
487947,76.40809051812909
487998,70.95699766878035
488049,45.59643408608147
488100,92.0270616329593
488151,71.40182236481634
488202,56.53270030145097
488253,54.083226195265276
488304,99.01643203634919
488355,56.125406158275574
488406,67.87075766407168
488457,92.19601919025624
488508,52.87723900281602
488559,80.40086197515508
488610,70.71183564604306
488661,69.22275221467908
488712,99.01643203634919
488763,91.46269410211231
488814,39.577992103954884
488865,99.01643203634919
488916,52.24649542398991
488967,99.01643203634919
489018,99.01643203634919
489069,51.762691969089836
489120,99.01643203634919
489171,97.36207923099153
489222,99.01643203634919
489273,84.95245349053346
489324,99.01643203634919
489375,83.34850078075554
489426,99.01643203634919
489477,99.01643203634919
489528,99.01643203634919
489579,79.12373193471471
489630,99.01643203634919
489681,99.01643203634919
489732,94.6732922562404
489783,72.50300072211184
489834,44.623943275149834
489885,99.01643203634919
489936,56.45537761409692
489987,64.77940884944775
490038,61.616685597436096
490089,81.76534668934544
490140,58.379697176892606
490191,99.01643203634919
490242,73.73675051402745
490293,78.3492773971811
490344,99.01643203634919
490395,89.2059120960938
490446,88.25858882227338
490497,41.47429824775462
490548,40.042335830835036
490599,99.01643203634919
490650,80.7208938700135
490701,80.99652358677177
490752,53.80965493173302
490803,45.673764748647756
490854,91.55808962967411
490905,68.48800085523061
490956,72.76450136662946
491007,53.58258196706172
491058,57.88009384169258
491109,84.86100943596637
491160,81.67027515664765
491211,95.26645564160222
491262,71.21373827848927
491313,86.24119181477445
491364,99.01643203634919
491415,99.01643203634919
491466,78.69802930807853
491517,79.48978333551365
491568,31.575285895180137
491619,94.95861799667615
491670,83.83543612923732
491721,21.452177366640665
491772,99.01643203634919
491823,95.57960383485252
491874,73.43515217710986
491925,99.01643203634919
491976,34.97647059463377
492027,99.01643203634919
492078,52.022209874696784
492129,92.15786428158883
492180,99.01643203634919
492231,95.07643589471566
492282,99.01643203634919
492333,50.11880013834448
492384,69.94212468255301
492435,72.49803974560076
492486,89.6244851019788
492537,70.91280754701121
492588,99.01643203634919
492639,89.71356914230388
492690,72.78967429501108
492741,99.01643203634919
492792,99.01643203634919
492843,73.18136284140961
492894,95.59419436371321
492945,76.54186310895815
492996,99.01643203634919
493047,78.2873599440905
493098,66.51417536539688
493149,99.01643203634919
493200,95.55167856233827
493251,99.01643203634919
493302,99.01643203634919
493353,94.42110608230175
493404,99.01643203634919
493455,99.01643203634919
493506,87.36456476703877
493557,66.95851368496137
493608,88.23830260450801
493659,85.1963040401092
493710,51.001628182351574
493761,99.01643203634919
493812,99.01643203634919
493863,99.01643203634919
493914,94.31608853519892
493965,91.94406666145532
494016,54.76831020704962
494067,96.20552647076342
494118,90.5298764247671
494169,93.62655747001126
494220,99.01643203634919
494271,99.01643203634919
494322,99.01643203634919
494373,71.675038028953
494424,99.01643203634919
494475,98.1867019247787
494526,91.82936375767461
494577,96.69306792809328
494628,87.74690020382532
494679,99.01643203634919
494730,92.00588628831697
494781,99.01643203634919
494832,87.9117875906841
494883,92.30885917279505
494934,80.75244854676119
494985,69.86425817672085
495036,68.65716853057569
495087,50.75517230635123
495138,85.26935631781531
495189,99.01643203634919
495240,99.01643203634919
495291,51.86539874815726
495342,62.2195588957736
495393,83.36959080355945
495444,56.196406265336435
495495,96.66842957594989
495546,78.29282851794994
495597,99.01643203634919
495648,99.01643203634919
495699,99.01643203634919
495750,87.71374059147546
495801,59.90940661318762
495852,99.01643203634919
495903,67.31402584413004
495954,69.69230375542507
496005,99.01643203634919
496056,68.20065408271702
496107,69.02406271470723
496158,53.89238550543294
496209,64.8020169884847
496260,99.01643203634919
496311,62.798938034367694
496362,89.68441715033335
496413,74.670360659633
496464,88.66443659480937
496515,94.1202593195891
496566,78.46484123368595
496617,87.0542202090213
496668,99.01643203634919
496719,36.164177347680145
496770,69.54961465968304
496821,78.04883224277758
496872,99.01643203634919
496923,89.620190115881
496974,49.86315760218835
497025,99.01643203634919
497076,43.24937599454469
497127,95.42699807204271
497178,43.432424706610085
497229,93.86384704285123
497280,38.43844105153101
497331,99.01643203634919
497382,80.69220564442448
497433,99.01643203634919
497484,99.01643203634919
497535,99.01643203634919
497586,99.01643203634919
497637,99.01643203634919
497688,83.4344326606469
497739,85.86215550935964
497790,91.42692280504103
497841,66.5168767082299
497892,65.3910444457588
497943,38.41463091810533
497994,48.90428474616457
498045,99.01643203634919
498096,99.01643203634919
498147,89.42368025191823
498198,99.01643203634919
498249,30.241531889294006
498300,94.15580340660927
498351,92.60383353140404
498402,99.01643203634919
498453,82.08547546647412
498504,66.99669298941512
498555,99.01643203634919
498606,82.79612007590147
498657,99.01643203634919
498708,85.901471339437
498759,68.96031870653128
498810,92.30239233044357
498861,99.01643203634919
498912,95.78897043423828
498963,99.01643203634919
499014,99.01643203634919
499065,99.01643203634919
499116,48.17738543611874
499167,99.01643203634919
499218,99.01643203634919
499269,99.01643203634919
499320,77.61817042691986
499371,99.01643203634919
499422,92.37541204151637
499473,50.20131935415009
499524,99.01643203634919
499575,99.01643203634919
499626,78.96211303235124
499677,61.92461369673459
499728,99.01643203634919
499779,52.41607912292082
499830,99.01643203634919
499881,46.06118925301242
499932,99.01643203634919
499983,99.01643203634919
500034,99.01643203634919
500085,99.01643203634919
500136,53.532213854860174
500187,88.69023957457848
500238,55.520111442781364
500289,95.46383252926923
500340,99.01643203634919
500391,97.65604778566642
500442,57.816106288696055
500493,65.81085065037458
500544,90.24378047908343
500595,98.76535205686595
500646,62.30713019708313
500697,95.3528109644052
500748,97.03024158314919
500799,52.115860614390186
500850,99.01643203634919
500901,87.05414488807897
500952,99.01643203634919
501003,99.01643203634919
501054,56.85896361404316
501105,99.01643203634919
501156,97.17615068596379
501207,99.01643203634919
501258,48.8563329379233
501309,99.01643203634919
501360,71.44477711917503
501411,93.54470597226253
501462,95.14768316261376
501513,82.49723514299399
501564,83.67735586326361
501615,86.41071824238581
501666,99.01643203634919
501717,89.75028535833742
501768,74.86036437499132
501819,79.15916782533738
501870,99.01643203634919
501921,99.01643203634919
501972,92.42118228261982
502023,99.01643203634919
502074,84.35718379576586
502125,38.40922241207037
502176,99.01643203634919
502227,74.33692420525466
502278,71.20200391361078
502329,99.01643203634919
502380,87.37225358858086
502431,60.62677175574516
502482,57.7511685743711
502533,84.67245717024123
502584,99.01643203634919
502635,99.01643203634919
502686,99.01643203634919
502737,88.0351302688493
502788,99.01643203634919
502839,70.21789831224335
502890,62.86593360897266
502941,99.01643203634919
502992,96.36934056476655
503043,59.871766534043644
503094,70.94724684222543
503145,99.01643203634919
503196,88.41925284964864
503247,69.64718244332336
503298,99.01643203634919
503349,99.01643203634919
503400,99.01643203634919
503451,99.01643203634919
503502,82.1869343064117
503553,56.07632327506828
503604,99.01643203634919
503655,99.01643203634919
503706,42.87568014000187
503757,48.38773907070207
503808,45.05211504475586
503859,79.25815610040615
503910,91.98964875677615
503961,55.25756942865188
504012,95.81727248203133
504063,99.01643203634919
504114,99.01643203634919
504165,99.01643203634919
504216,97.28235670558885
504267,45.588362331593686
504318,99.01643203634919
504369,99.01643203634919
504420,60.74455708409552
504471,69.62389480040136
504522,99.01643203634919
504573,99.01643203634919
504624,93.71911669656433
504675,99.01643203634919
504726,99.01643203634919
504777,99.01643203634919
504828,51.976257346105015
504879,80.73512836783951
504930,91.73115883761288
504981,78.85662059722559
505032,99.01643203634919
505083,99.01643203634919
505134,99.01643203634919
505185,99.01643203634919
505236,75.34975996576483
505287,62.08337257119567
505338,80.32680352462175
505389,88.58592126463589
505440,91.26421798320688
505491,93.48731700351614
505542,99.01643203634919
505593,74.77552809798154
505644,14.606113812105063
505695,44.42940646301216
505746,97.31852731538831
505797,94.98382018414532
505848,93.33437120016367
505899,51.53961499998199
505950,99.01643203634919
506001,95.78737202659742
506052,32.748504102431525
506103,86.59583004561992
506154,70.83042556380967
506205,64.72165685731382
506256,72.0149127012902
506307,42.667075021674854
506358,53.50193039562756
506409,94.23464714743481
506460,80.79225259443973
506511,94.48641372559835
506562,65.10708357039188
506613,68.59299692575061
506664,85.33866201010191
506715,99.01643203634919
506766,86.5825211929996
506817,88.82963225384083
506868,77.9270811767113
506919,99.01643203634919
506970,91.37772379729368
507021,48.22339869192269
507072,99.01643203634919
507123,82.62197660621717
507174,72.50797829286311
507225,96.73384057036105
507276,84.9163475066762
507327,99.01643203634919
507378,99.01643203634919
507429,89.69169870413823
507480,76.23391228022116
507531,97.05045625672085
507582,99.01643203634919
507633,99.01643203634919
507684,87.95573157013001
507735,92.77806756574569
507786,67.34510968062824
507837,99.01643203634919
507888,72.02650568847115
507939,99.01643203634919
507990,99.01643203634919
508041,71.95926286258528
508092,63.67832316617427
508143,51.70581289248432
508194,78.89530645118057
508245,90.24862828035741
508296,54.38525619641952
508347,97.22096393672989
508398,99.01643203634919
508449,49.276429519508504
508500,89.77506991127332
508551,61.1615440455907
508602,66.95439060562529
508653,99.01643203634919
508704,90.18738311476272
508755,58.421858751318396
508806,87.34473854013277
508857,99.01643203634919
508908,83.07634733025372
508959,80.78078499558679
509010,63.97292555152143
509061,66.86990384656501
509112,88.00890053943041
509163,99.01643203634919
509214,93.13543416912634
509265,53.17688524770176
509316,64.81148498349158
509367,82.9838699465927
509418,99.01643203634919
509469,99.01643203634919
509520,57.412179189890914
509571,95.72660202851438
509622,68.9387511393754
509673,99.01643203634919
509724,99.01643203634919
509775,99.01643203634919
509826,99.01643203634919
509877,99.01643203634919
509928,27.195606707084647
509979,90.58506536657949
