,effective_capacity_MW_end
30,67.43737663590778
81,99.01643203634919
132,80.88717598137214
183,73.78757040372352
234,99.01643203634919
285,99.01643203634919
336,66.35538620494698
387,86.37031004137374
438,71.26490592344103
489,99.01643203634919
540,93.05196831448457
591,31.862387848091227
642,99.01643203634919
693,99.01643203634919
744,73.47124487277661
795,71.91492902475771
846,99.01643203634919
897,62.240946588654985
948,84.69696248145807
999,55.7151951429606
1050,99.01643203634919
1101,63.32289178952046
1152,93.79443034366835
1203,44.751724989111985
1254,74.05262846234808
1305,99.01643203634919
1356,47.21268986096152
1407,71.82726790332535
1458,72.3509472849419
1509,99.01643203634919
1560,78.48397626739747
1611,31.28980389887769
1662,99.01643203634919
1713,99.01643203634919
1764,34.86290756438321
1815,99.01643203634919
1866,99.01643203634919
1917,99.01643203634919
1968,99.01643203634919
2019,61.97453508519001
2070,53.67615615290816
2121,99.01643203634919
2172,45.424439119210604
2223,99.01643203634919
2274,60.49911990859517
2325,99.01643203634919
2376,90.6223482385522
2427,99.01643203634919
2478,90.36571685890866
2529,48.82787625959107
2580,99.01643203634919
2631,41.38535987636879
2682,85.7118908399934
2733,99.01643203634919
2784,87.4984027801185
2835,99.01643203634919
2886,99.01643203634919
2937,83.76685856446753
2988,99.01643203634919
3039,86.13084870482193
3090,99.01643203634919
3141,99.01643203634919
3192,64.74164795193431
3243,99.01643203634919
3294,85.75715237268639
3345,77.26470116243206
3396,99.01643203634919
3447,99.01643203634919
3498,99.01643203634919
3549,84.95178252524288
3600,99.01643203634919
3651,99.01643203634919
3702,99.01643203634919
3753,99.01643203634919
3804,88.33020077838486
3855,99.01643203634919
3906,76.0601701764116
3957,51.85973124766851
4008,44.83603521077522
4059,50.949701744926706
4110,99.01643203634919
4161,85.1851263053936
4212,30.53742468937517
4263,79.8721338557216
4314,43.67318241588611
4365,99.01643203634919
4416,99.01643203634919
4467,86.87886508655903
4518,99.01643203634919
4569,61.884430850403156
4620,99.01643203634919
4671,99.01643203634919
4722,71.15036377549754
4773,99.01643203634919
4824,99.01643203634919
4875,57.17757968909406
4926,99.01643203634919
4977,81.21202041094432
5028,87.83722404054069
5079,45.63775564394429
5130,46.95332370674645
5181,99.01643203634919
5232,99.01643203634919
5283,39.895016801525394
5334,99.01643203634919
5385,99.01643203634919
5436,99.01643203634919
5487,82.58189229368777
5538,33.45539787530679
5589,80.08016526161293
5640,52.235863262323186
5691,99.01643203634919
5742,99.01643203634919
5793,99.01643203634919
5844,99.01643203634919
5895,39.72531942711856
5946,83.5252495065382
5997,88.24045061979359
6048,99.01643203634919
6099,90.86297419418344
6150,99.01643203634919
6201,63.05414835633355
6252,79.595854303365
6303,71.64936756264927
6354,89.32429725384327
6405,78.50824709781273
6456,78.03091412539109
6507,66.30219433262138
6558,99.01643203634919
6609,65.09888317990743
6660,89.17059222308642
6711,99.01643203634919
6762,99.01643203634919
6813,20.00219882992219
6864,89.6539066174481
6915,36.444550955467626
6966,82.64490493530539
7017,53.10514447288647
7068,49.26741305134465
7119,86.9936869056206
7170,53.56275594192078
7221,99.01643203634919
7272,99.01643203634919
7323,76.78520891534777
7374,99.01643203634919
7425,79.44285644383328
7476,40.92949549346699
7527,32.12626568075584
7578,99.01643203634919
7629,99.01643203634919
7680,71.50313094609105
7731,66.28403296290682
7782,99.01643203634919
7833,99.01643203634919
7884,84.81489288230712
7935,71.59773518585655
7986,45.693634318928964
8037,54.82659670677052
8088,78.24547099861978
8139,72.11240428219604
8190,99.01643203634919
8241,99.01643203634919
8292,37.409949083886005
8343,85.05020614408078
8394,44.26204017350527
8445,99.01643203634919
8496,73.33904936802763
8547,74.77018940021324
8598,86.7241226832126
8649,71.41204722935544
8700,65.54018704354532
8751,99.01643203634919
8802,99.01643203634919
8853,77.73809712548193
8904,86.79283315253446
8955,99.01643203634919
9006,85.38890817405327
9057,91.83991626111188
9108,81.86516598307303
9159,78.80515582458324
9210,86.89072768543004
9261,99.01643203634919
9312,62.22958367389319
9363,69.16301227073369
9414,99.01643203634919
9465,70.39078269186801
9516,7.190765669363757
9567,16.021474190978722
9618,90.04145636203839
9669,99.01643203634919
9720,99.01643203634919
9771,80.41333421756798
9822,99.01643203634919
9873,92.22839900671806
9924,75.8216633235564
9975,44.180706909540994
10026,84.04084057744558
10077,28.592511459673187
10128,99.01643203634919
10179,85.93906694161066
10230,99.01643203634919
10281,89.12159261596342
10332,94.58183322442315
10383,97.78294817631472
10434,99.01643203634919
10485,62.75773040509474
10536,50.66535578064397
10587,44.09168451890347
10638,99.01643203634919
10689,74.93234210539582
10740,99.01643203634919
10791,88.23620234690794
10842,99.01643203634919
10893,99.01643203634919
10944,54.562761485990684
10995,94.05943419428662
11046,78.47618456309314
11097,56.18068839587472
11148,37.15203459627827
11199,87.92563050959757
11250,53.242649812486256
11301,95.80767529441796
11352,89.07724701961641
11403,26.351119235061166
11454,99.01643203634919
11505,69.28699906526033
11556,90.03502774853447
11607,99.01643203634919
11658,99.01643203634919
11709,88.91695791839301
11760,54.390178492229055
11811,99.01643203634919
11862,70.5898473981674
11913,99.01643203634919
11964,99.01643203634919
12015,56.13974341060815
12066,80.06473318410421
12117,31.128371619299315
12168,84.44555262287
12219,99.01643203634919
12270,25.634390066346814
12321,89.81050354856677
12372,87.60604402607896
12423,90.21068487790183
12474,99.01643203634919
12525,57.71284408597627
12576,87.22383486489134
12627,40.20940339874973
12678,99.01643203634919
12729,90.97725824149882
12780,99.01643203634919
12831,93.68612554628835
12882,55.28833684517177
12933,4.982645930532693
12984,82.64997110047106
13035,25.37196239453579
13086,86.12705776778637
13137,99.01643203634919
13188,47.2462081498731
13239,42.92600658020533
13290,58.223312433323535
13341,97.53513117510467
13392,99.01643203634919
13443,67.36512615437137
13494,51.104121487385974
13545,60.014386117178205
13596,99.01643203634919
13647,46.597989559472474
13698,99.01643203634919
13749,89.50131941693833
13800,86.2181552441998
13851,99.01643203634919
13902,99.01643203634919
13953,84.90718913533097
14004,82.52418519715664
14055,88.6555654142644
14106,54.17624885212235
14157,50.58415850709234
14208,52.610396283574666
14259,99.01643203634919
14310,99.01643203634919
14361,83.22794119973237
14412,99.01643203634919
14463,86.58322677256737
14514,41.897404666327354
14565,99.01643203634919
14616,97.77270709828753
14667,87.40355785033194
14718,99.01643203634919
14769,79.47850555657168
14820,74.52645280950452
14871,99.01643203634919
14922,99.01643203634919
14973,87.62985296033189
15024,95.44503877330189
15075,34.13422876603928
15126,99.01643203634919
15177,99.01643203634919
15228,53.17187123973048
15279,99.01643203634919
15330,99.01643203634919
15381,99.01643203634919
15432,99.01643203634919
15483,99.01643203634919
15534,71.42558160382592
15585,99.01643203634919
15636,99.01643203634919
15687,99.01643203634919
15738,99.01643203634919
15789,99.01643203634919
15840,80.48605236430733
15891,89.47957072576982
15942,90.73171225947513
15993,99.01643203634919
16044,91.7241713579308
16095,99.01643203634919
16146,31.320445328918897
16197,93.85108673784188
16248,99.01643203634919
16299,99.01643203634919
16350,88.70513967289678
16401,99.01643203634919
16452,99.01643203634919
16503,99.01643203634919
16554,89.47532006030744
16605,99.01643203634919
16656,75.6018922183285
16707,29.49261903516609
16758,33.231975184403986
16809,35.81488702704185
16860,39.79121601344411
16911,75.23581669265033
16962,89.87555026225985
17013,99.01643203634919
17064,72.42848633664266
17115,99.01643203634919
17166,85.63230843744489
17217,99.01643203634919
17268,91.37294909754611
17319,99.01643203634919
17370,40.3730606092028
17421,71.26832304203961
17472,99.01643203634919
17523,29.412891457700756
17574,89.51449285677346
17625,69.5421978039324
17676,41.93485284905259
17727,99.01643203634919
17778,57.08799871002205
17829,99.01643203634919
17880,56.536896302494014
17931,86.08717971154965
17982,99.01643203634919
18033,46.875456566363695
18084,93.73603150661133
18135,75.95049108595502
18186,99.01643203634919
18237,99.01643203634919
18288,63.34518676811492
18339,63.58206613701979
18390,63.003023143411625
18441,72.57891463511308
18492,90.44644415421439
18543,76.89396223811961
18594,99.01643203634919
18645,99.01643203634919
18696,81.05033720033693
18747,95.71724846894678
18798,82.10388808601363
18849,99.01643203634919
18900,73.02731949499831
18951,99.01643203634919
19002,41.650944492081
19053,73.84036596242893
19104,99.01643203634919
19155,74.99856831506672
19206,99.01643203634919
19257,99.01643203634919
19308,22.634413396767627
19359,34.433692044787904
19410,99.01643203634919
19461,78.96878830207848
19512,86.56767753382661
19563,81.51753219083395
19614,47.64783524985784
19665,91.07759262190227
19716,99.01643203634919
19767,95.33264911901261
19818,99.01643203634919
19869,76.14166839864482
19920,99.01643203634919
19971,85.76524546343263
20022,80.59787607427617
20073,88.70169338429066
20124,99.01643203634919
20175,99.01643203634919
20226,88.24868844556092
20277,99.01643203634919
20328,92.88238536146439
20379,35.29490791652646
20430,99.01643203634919
20481,99.01643203634919
20532,37.80071000182005
20583,83.13646792969989
20634,99.01643203634919
20685,82.36940254744808
20736,99.01643203634919
20787,72.08407151893893
20838,31.649158602954614
20889,78.04494442246443
20940,67.47183808451175
20991,99.01643203634919
21042,99.01643203634919
21093,83.0885041560444
21144,99.01643203634919
21195,94.89546058486798
21246,72.1516112284964
21297,75.97577013480058
21348,99.01643203634919
21399,74.65849884833729
21450,93.23974180057408
21501,99.01643203634919
21552,83.57692581828725
21603,99.01643203634919
21654,96.1472204539485
21705,39.1548071921084
21756,99.01643203634919
21807,99.01643203634919
21858,79.78074038473655
21909,99.01643203634919
21960,92.32931953695869
22011,22.3430110042806
22062,17.719793138926576
22113,99.01643203634919
22164,96.44147382975781
22215,51.10344681987468
22266,89.75539302541304
22317,25.062987894741934
22368,77.5225042144622
22419,27.71184410107908
22470,99.01643203634919
22521,99.01643203634919
22572,80.86468248020604
22623,61.19826936437314
22674,61.06428048320881
22725,99.01643203634919
22776,56.06767423577654
22827,85.28886189713211
22878,99.01643203634919
22929,99.01643203634919
22980,99.01643203634919
23031,65.389389239714
23082,74.56306261284769
23133,99.01643203634919
23184,63.755043372279886
23235,99.01643203634919
23286,36.90413481969223
23337,42.44371443529074
23388,80.76731367826169
23439,99.01643203634919
23490,99.01643203634919
23541,62.712561390761465
23592,99.01643203634919
23643,81.90225096481231
23694,99.01643203634919
23745,99.01643203634919
23796,99.01643203634919
23847,46.11698379998665
23898,72.973052530243
23949,99.01643203634919
24000,99.01643203634919
24051,99.01643203634919
24102,99.01643203634919
24153,99.01643203634919
24204,33.11707686567409
24255,79.70140224384312
24306,99.01643203634919
24357,78.70234374794735
24408,84.25636999017347
24459,69.74859591864333
24510,70.5589299118041
24561,93.07381402531789
24612,47.90222124426655
24663,99.01643203634919
24714,99.01643203634919
24765,99.01643203634919
24816,69.71785634918773
24867,67.60775842897664
24918,62.77787764212238
24969,99.01643203634919
25020,99.01643203634919
25071,74.98707212801115
25122,99.01643203634919
25173,99.01643203634919
25224,99.01643203634919
25275,99.01643203634919
25326,99.01643203634919
25377,82.08726794993179
25428,58.04038484004809
25479,99.01643203634919
25530,76.83799911348532
25581,15.14280726923337
25632,84.4931907509031
25683,99.01643203634919
25734,83.68547200624083
25785,81.6397655863441
25836,75.3794785753721
25887,85.54346631844172
25938,60.772316014868544
25989,37.00820708997465
26040,99.01643203634919
26091,88.18167302164574
26142,99.01643203634919
26193,99.01643203634919
26244,76.12489577040492
26295,99.01643203634919
26346,80.2014790517297
26397,90.84367432661298
26448,99.01643203634919
26499,99.01643203634919
26550,99.01643203634919
26601,99.01643203634919
26652,66.94488700945725
26703,8.489968784188113
26754,54.636738167936606
26805,45.99514837679995
26856,99.01643203634919
26907,65.9078412230947
26958,40.64223645135071
27009,99.01643203634919
27060,72.82088790914378
27111,49.967110244388834
27162,64.37902633279077
27213,99.01643203634919
27264,93.56736931625325
27315,64.35481939343771
27366,33.65433850845878
27417,70.6829334466142
27468,99.01643203634919
27519,80.24299594773579
27570,36.65770420240292
27621,78.59753716053072
27672,33.508877506990586
27723,41.202068401427056
27774,91.24404313617461
27825,99.01643203634919
27876,92.34222543581446
27927,88.49159588543246
27978,24.973987380213234
28029,99.01643203634919
28080,99.01643203634919
28131,96.27391023818159
28182,80.69452452472984
28233,27.28854867326972
28284,86.50160329433925
28335,99.01643203634919
28386,70.14649631102058
28437,99.01643203634919
28488,85.51838575135542
28539,99.01643203634919
28590,99.01643203634919
28641,99.01643203634919
28692,89.21309881638491
28743,78.13226636393833
28794,94.57514138854476
28845,67.34090908762249
28896,99.01643203634919
28947,99.01643203634919
28998,63.88361400716656
29049,99.01643203634919
29100,66.85456239966217
29151,99.01643203634919
29202,99.01643203634919
29253,99.01643203634919
29304,99.01643203634919
29355,99.01643203634919
29406,92.99113043759358
29457,59.73379915911558
29508,57.72688879710984
29559,84.03803223185237
29610,58.938200833340915
29661,62.49856043276247
29712,99.01643203634919
29763,61.76121950411199
29814,51.39282512644958
29865,88.61640073011358
29916,52.19572780490567
29967,83.91891754515251
30018,74.18562180434616
30069,99.01643203634919
30120,99.01643203634919
30171,99.01643203634919
30222,99.01643203634919
30273,86.85421837429801
30324,99.01643203634919
30375,63.90297611995506
30426,99.01643203634919
30477,66.99185617482162
30528,99.01643203634919
30579,93.08721569497176
30630,27.513727780111125
30681,99.01643203634919
30732,64.24560067638687
30783,93.16964511888827
30834,28.58839634414365
30885,91.43140559286567
30936,31.328004653779168
30987,37.578107209650845
31038,83.72834881637657
31089,89.22198133801587
31140,38.30415850819541
31191,45.426155421663026
31242,99.01643203634919
31293,62.55936107573791
31344,99.01643203634919
31395,99.01643203634919
31446,87.55784078068912
31497,90.5253317680928
31548,86.82292529458321
31599,75.59793924398538
31650,85.9069046622367
31701,90.62778192848403
31752,96.39819243547285
31803,92.09613365157387
31854,66.34003438880049
31905,34.72683145527494
31956,71.82087940347508
32007,99.01643203634919
32058,99.01643203634919
32109,99.01643203634919
32160,77.02707196955645
32211,63.46431744937905
32262,79.50412718193655
32313,99.01643203634919
32364,85.7182325810146
32415,44.03320145936571
32466,90.22208288135161
32517,59.28825911278767
32568,99.01643203634919
32619,86.15677084527613
32670,58.52677229220603
32721,37.83909449520598
32772,80.41566374376052
32823,87.3317131885048
32874,99.01643203634919
32925,99.01643203634919
32976,70.7167438306806
33027,85.10445384621815
33078,99.01643203634919
33129,90.13686363065915
33180,72.19322761465459
33231,82.69272403619782
33282,90.32686862992527
33333,70.70609306693547
33384,93.72253652927445
33435,99.01643203634919
33486,99.01643203634919
33537,99.01643203634919
33588,99.01643203634919
33639,24.41869711203624
33690,58.13091903459095
33741,99.01643203634919
33792,20.136236917471344
33843,99.01643203634919
33894,41.09860793005509
33945,99.01643203634919
33996,66.55555636925331
34047,99.01643203634919
34098,84.44092195725018
34149,47.053522755500886
34200,87.82672892472164
34251,89.60448692300898
34302,91.71433524844888
34353,99.01643203634919
34404,47.904190788668274
34455,31.996835989348874
34506,99.01643203634919
34557,99.01643203634919
34608,41.19806665883502
34659,99.01643203634919
34710,67.48542798733733
34761,82.53462218811293
34812,71.32781767806861
34863,34.973786011717316
34914,80.09504490434283
34965,52.04574540782357
35016,99.01643203634919
35067,99.01643203634919
35118,75.28376995910901
35169,71.14497474049035
35220,91.90363397340467
35271,99.01643203634919
35322,99.01643203634919
35373,99.01643203634919
35424,26.89722353191199
35475,84.3975278806738
35526,81.3026163824946
35577,60.26174471563172
35628,99.01643203634919
35679,99.01643203634919
35730,99.01643203634919
35781,87.68956916509454
35832,91.98347844825251
35883,60.99563130285652
35934,19.355790879883426
35985,99.01643203634919
36036,99.01643203634919
36087,99.01643203634919
36138,93.58740282126041
36189,66.09229892339106
36240,37.72966239059003
36291,74.44749558194057
36342,43.27693522924778
36393,64.80257235842105
36444,71.28540481932347
36495,77.25181953595659
36546,64.37922513596848
36597,92.44480849437934
36648,81.58754764571049
36699,99.01643203634919
36750,99.01643203634919
36801,70.11698397403264
36852,92.7212756200644
36903,99.01643203634919
36954,91.22041324495363
37005,99.01643203634919
37056,28.000399525723974
37107,99.01643203634919
37158,86.41986834289084
37209,37.071657131634566
37260,99.01643203634919
37311,23.57410581442946
37362,83.81595533485988
37413,91.96279545108486
37464,99.01643203634919
37515,78.15021137719064
37566,99.01643203634919
37617,94.08823759896684
37668,69.98129003953474
37719,87.8364942631199
37770,49.77102334457569
37821,40.002704758733636
37872,99.01643203634919
37923,76.04189574341207
37974,41.1022371369581
38025,99.01643203634919
38076,99.01643203634919
38127,87.46912942873671
38178,99.01643203634919
38229,87.6883581803892
38280,66.47064954802164
38331,99.01643203634919
38382,74.9710137103569
38433,64.86321698791954
38484,86.99507638757075
38535,93.79786691394465
38586,68.30159649456435
38637,26.456724254784763
38688,99.01643203634919
38739,99.01643203634919
38790,93.70757330232888
38841,52.15307281098224
38892,44.96917925655605
38943,68.11941229283131
38994,93.040644675364
39045,40.739502034085184
39096,85.6330722357857
39147,33.80441991620723
39198,99.01643203634919
39249,99.01643203634919
39300,99.01643203634919
39351,58.62129630789826
39402,26.297983973924058
39453,99.01643203634919
39504,73.07749278989294
39555,99.01643203634919
39606,99.01643203634919
39657,99.01643203634919
39708,90.76539365346531
39759,97.7737989995727
39810,99.01643203634919
39861,74.03572927350146
39912,99.01643203634919
39963,90.96906394431966
40014,99.01643203634919
40065,99.01643203634919
40116,38.12634057637024
40167,99.01643203634919
40218,53.21936523958257
40269,82.26194759397836
40320,89.29436214187052
40371,91.12204265362537
40422,99.01643203634919
40473,99.01643203634919
40524,41.12231372881498
40575,99.01643203634919
40626,75.25588406289214
40677,55.00688303881829
40728,99.01643203634919
40779,27.82266096815101
40830,60.2258027140023
40881,80.03656263310772
40932,99.01643203634919
40983,99.01643203634919
41034,74.34834131004546
41085,73.98606850144874
41136,99.01643203634919
41187,92.17526020204
41238,77.02015393560328
41289,53.72516100343309
41340,94.47169619058532
41391,99.01643203634919
41442,99.01643203634919
41493,99.01643203634919
41544,99.01643203634919
41595,99.01643203634919
41646,44.14319456998392
41697,99.01643203634919
41748,99.01643203634919
41799,99.01643203634919
41850,99.01643203634919
41901,86.60551945149335
41952,68.83193523131109
42003,81.39650346751736
42054,74.76904246393273
42105,99.01643203634919
42156,99.01643203634919
42207,99.01643203634919
42258,46.8376334379087
42309,48.97029585639343
42360,75.51352115288374
42411,52.23465636324955
42462,99.01643203634919
42513,99.01643203634919
42564,73.03522145313066
42615,38.72816583855641
42666,78.86374470833
42717,99.01643203634919
42768,77.27258581388315
42819,99.01643203634919
42870,99.01643203634919
42921,32.05214818151821
42972,99.01643203634919
43023,99.01643203634919
43074,47.18314384906813
43125,57.922205428868295
43176,92.63848927520746
43227,99.01643203634919
43278,53.027438837796616
43329,38.03288331385019
43380,90.0752849056998
43431,99.01643203634919
43482,99.01643203634919
43533,99.01643203634919
43584,48.28145704368139
43635,90.39978579967367
43686,99.01643203634919
43737,86.26038492280773
43788,79.7023263004255
43839,73.54173772006773
43890,99.01643203634919
43941,99.01643203634919
43992,99.01643203634919
44043,99.01643203634919
44094,99.01643203634919
44145,79.49446390533723
44196,99.01643203634919
44247,99.01643203634919
44298,72.43503015196269
44349,99.01643203634919
44400,77.51454025550679
44451,86.86696189576321
44502,99.01643203634919
44553,27.63071954322371
44604,84.02962868655291
44655,99.01643203634919
44706,89.04757017921315
44757,99.01643203634919
44808,99.01643203634919
44859,99.01643203634919
44910,81.36070061449739
44961,99.01643203634919
45012,99.01643203634919
45063,99.01643203634919
45114,36.46162077771501
45165,30.133319058649377
45216,90.34754990255963
45267,29.05528539579398
45318,99.01643203634919
45369,99.01643203634919
45420,99.01643203634919
45471,99.01643203634919
45522,89.23955767476308
45573,99.01643203634919
45624,83.30597378441746
45675,99.01643203634919
45726,99.01643203634919
45777,62.493391732853645
45828,99.01643203634919
45879,99.01643203634919
45930,46.53822151982154
45981,91.10297158274366
46032,23.072550116056338
46083,76.62157410052056
46134,99.01643203634919
46185,54.73723222660904
46236,99.01643203634919
46287,41.055546199713234
46338,99.01643203634919
46389,99.01643203634919
46440,28.836903121217638
46491,19.937435907261644
46542,28.817068126164607
46593,49.76650950243049
46644,97.80388725119775
46695,72.10023678023376
46746,84.54664167467885
46797,84.70413972791295
46848,75.5071883752609
46899,99.01643203634919
46950,99.01643203634919
47001,68.94624119121234
47052,57.628010750121696
47103,99.01643203634919
47154,85.38580696115787
47205,88.70221134877372
47256,29.34766496083283
47307,94.78855997377107
47358,99.01643203634919
47409,48.49645584428753
47460,99.01643203634919
47511,91.6091521384599
47562,72.96393076217312
47613,91.45876345778909
47664,37.398591327093605
47715,99.01643203634919
47766,99.01643203634919
47817,87.74579372063108
47868,99.01643203634919
47919,99.01643203634919
47970,47.092590605358936
48021,80.35853043293706
48072,81.4089820961836
48123,80.55099839128164
48174,61.876469671207964
48225,99.01643203634919
48276,70.744146932569
48327,99.01643203634919
48378,59.695529986472636
48429,99.01643203634919
48480,81.27948110170244
48531,87.17699836568332
48582,99.01643203634919
48633,56.39418487279637
48684,79.77505616259563
48735,99.01643203634919
48786,63.67470493139323
48837,50.726954031911404
48888,99.01643203634919
48939,82.9086702805357
48990,99.01643203634919
49041,50.270532446846126
49092,81.83939750588074
49143,90.05598764085484
49194,99.01643203634919
49245,99.01643203634919
49296,99.01643203634919
49347,73.71099285991608
49398,72.36941550612119
49449,77.2975653334822
49500,45.37562781419719
49551,99.01643203634919
49602,99.01643203634919
49653,86.02836822749673
49704,99.01643203634919
49755,42.544559718439466
49806,99.01643203634919
49857,45.09268253309643
49908,99.01643203634919
49959,99.01643203634919
50010,87.31789065090753
50061,94.61227315002068
50112,99.01643203634919
50163,77.94289198754538
50214,50.43298838015407
50265,99.01643203634919
50316,78.51533719546401
50367,99.01643203634919
50418,85.3163354533006
50469,99.01643203634919
50520,35.68008313152395
50571,90.39888495502748
50622,71.4632293618822
50673,99.01643203634919
50724,72.14455830854232
50775,80.4171442964146
50826,57.11260500837069
50877,36.32321643284523
50928,73.8490274976649
50979,99.01643203634919
51030,52.9755110568373
51081,83.7422773515725
51132,71.68241645874356
51183,91.45903985267793
51234,99.01643203634919
51285,83.5133465708585
51336,99.01643203634919
51387,54.76847733565637
51438,99.01643203634919
51489,99.01643203634919
51540,99.01643203634919
51591,99.01643203634919
51642,42.722744059834106
51693,93.64264807433504
51744,70.47221724347762
51795,63.605996035506955
51846,90.43939576408478
51897,62.350169006041
51948,99.01643203634919
51999,93.71988828917658
52050,68.73084618780614
52101,95.59377052021365
52152,71.01415295018971
52203,84.76086034160966
52254,99.01643203634919
52305,47.7947900800653
52356,47.82536373205845
52407,19.046017326981268
52458,33.8458452090319
52509,79.60406742582872
52560,59.433586328790085
52611,49.24503119876828
52662,45.063114424987354
52713,43.30958239749465
52764,69.58434732831286
52815,72.31710899810312
52866,74.52736202894823
52917,38.631578486526976
52968,60.71077989862537
53019,99.01643203634919
53070,34.155497113909306
53121,99.01643203634919
53172,61.241125749830225
53223,92.86236729412765
53274,47.467675409332415
53325,99.01643203634919
53376,99.01643203634919
53427,99.01643203634919
53478,99.01643203634919
53529,94.04437043150538
53580,40.87791985584282
53631,50.92001010197392
53682,99.01643203634919
53733,99.01643203634919
53784,56.37407613041675
53835,99.01643203634919
53886,78.45262412216259
53937,63.5321786371581
53988,49.41640939676
54039,99.01643203634919
54090,99.01643203634919
54141,88.85300013971876
54192,71.08322462827515
54243,78.42200569544735
54294,53.5635381796436
54345,22.93233189198572
54396,34.35997103360433
54447,99.01643203634919
54498,63.11582823582482
54549,74.61131406079757
54600,83.78264068533139
54651,99.01643203634919
54702,51.56846842991935
54753,91.95737872285328
54804,57.94626421481464
54855,78.11187026961359
54906,99.01643203634919
54957,57.08755125319985
55008,85.21308452538213
55059,99.01643203634919
55110,99.01643203634919
55161,62.389842706239136
55212,99.01643203634919
55263,99.01643203634919
55314,99.01643203634919
55365,29.71792486969274
55416,79.68113956229105
55467,99.01643203634919
55518,99.01643203634919
55569,99.01643203634919
55620,53.19201157202028
55671,55.62509067802169
55722,99.01643203634919
55773,99.01643203634919
55824,99.01643203634919
55875,44.059230945545366
55926,66.70982811747797
55977,71.20274767077014
56028,89.04512066883535
56079,94.88379126093686
56130,99.01643203634919
56181,99.01643203634919
56232,99.01643203634919
56283,40.80356787315369
56334,40.445961527027485
56385,74.69905486471826
56436,99.01643203634919
56487,69.26634906763707
56538,88.14716317528342
56589,49.09229507778641
56640,78.15246993784109
56691,84.05203304464223
56742,99.01643203634919
56793,99.01643203634919
56844,57.70410243379296
56895,70.59341538012004
56946,30.207411581458746
56997,83.88235957695959
57048,88.43599743006845
57099,72.24477306515037
57150,99.01643203634919
57201,88.45645383377796
57252,81.58289379056399
57303,99.01643203634919
57354,99.01643203634919
57405,78.23863171949553
57456,99.01643203634919
57507,99.01643203634919
57558,66.50335056432436
57609,99.01643203634919
57660,99.01643203634919
57711,71.50054506211242
57762,88.27600891894348
57813,99.01643203634919
57864,74.42998476801861
57915,72.95745281848474
57966,84.71399103663299
58017,93.24398055135646
58068,40.70226027248433
58119,86.62546880898151
58170,99.01643203634919
58221,37.67894300758947
58272,75.50468342142432
58323,99.01643203634919
58374,99.01643203634919
58425,54.47636940349724
58476,37.368118745209514
58527,95.86373360724579
58578,69.36226245681878
58629,43.23493188923003
58680,99.01643203634919
58731,91.64421258165497
58782,72.47134581354594
58833,81.28249541275818
58884,80.98967309793652
58935,87.58106653537422
58986,62.639075289411785
59037,84.37456427046385
59088,99.01643203634919
59139,81.71841945960898
59190,99.01643203634919
59241,99.01643203634919
59292,92.71595469267936
59343,99.01643203634919
59394,80.55017830939944
59445,99.01643203634919
59496,91.68721113130424
59547,85.89930351354246
59598,78.67161749685124
59649,88.76447752323939
59700,99.01643203634919
59751,60.24233193949474
59802,86.82133901545858
59853,51.09516490548855
59904,85.24557252774034
59955,82.31288979465275
60006,66.83792912992745
60057,99.01643203634919
60108,94.81851516178067
60159,89.0380478343631
60210,86.53328824524857
60261,65.09447071430101
60312,99.01643203634919
60363,31.445209934568737
60414,64.4230096826491
60465,88.28779857217165
60516,99.01643203634919
60567,99.01643203634919
60618,99.01643203634919
60669,35.588337330128915
60720,66.87986176468088
60771,90.93544317411992
60822,77.42839618548432
60873,99.01643203634919
60924,21.36938506026037
60975,51.81520505759972
61026,99.01643203634919
61077,38.49720050305339
61128,99.01643203634919
61179,99.01643203634919
61230,90.0642438642219
61281,67.48259636649897
61332,99.01643203634919
61383,80.83750103445352
61434,99.01643203634919
61485,99.01643203634919
61536,76.18184127896178
61587,99.01643203634919
61638,84.14864213908778
61689,69.58621019736907
61740,99.01643203634919
61791,83.22668391053274
61842,99.01643203634919
61893,40.29291806739769
61944,99.01643203634919
61995,57.12197725980964
62046,99.01643203634919
62097,50.64612427298133
62148,99.01643203634919
62199,76.56875562243172
62250,99.01643203634919
62301,89.98463284979523
62352,52.78310177193457
62403,48.23463826106259
62454,52.94780760048117
62505,72.5750565696598
62556,67.33311705495127
62607,67.41979382265424
62658,41.13291220830363
62709,81.5289224863092
62760,84.9890172532276
62811,20.03866209171757
62862,80.84440851143674
62913,99.01643203634919
62964,99.01643203634919
63015,66.7529286054665
63066,91.61013694319728
63117,26.08993479634538
63168,27.94351466363359
63219,99.01643203634919
63270,93.33448025142917
63321,75.08402973098195
63372,47.964866477903946
63423,92.02213499360259
63474,85.56625983033719
63525,99.01643203634919
63576,42.757666344866045
63627,99.01643203634919
63678,58.18756119242909
63729,55.3249837795141
63780,78.58811499799737
63831,87.69375518399386
63882,81.20770380449304
63933,66.89752929232483
63984,99.01643203634919
64035,99.01643203634919
64086,83.62992096462378
64137,65.6643538924549
64188,46.337396914824225
64239,86.52660370278174
64290,43.99511043448477
64341,24.793854387985608
64392,99.01643203634919
64443,99.01643203634919
64494,99.01643203634919
64545,21.36593245009701
64596,99.01643203634919
64647,99.01643203634919
64698,99.01643203634919
64749,81.18007872277654
64800,99.01643203634919
64851,85.5146523743511
64902,83.95078106658907
64953,75.5301200445808
65004,99.01643203634919
65055,60.67901869391358
65106,99.01643203634919
65157,71.7086956910153
65208,59.983570053858266
65259,99.01643203634919
65310,33.48293395256651
65361,70.30160790274564
65412,41.395103517803335
65463,99.01643203634919
65514,85.25365163478057
65565,63.582032791565815
65616,96.3209721514376
65667,34.30319784759702
65718,76.55345701552739
65769,71.5987439537061
65820,57.29478764245108
65871,64.35736162628655
65922,18.437785708869885
65973,92.29703862469279
66024,10.691645578877228
66075,91.90645981387925
66126,99.01643203634919
66177,99.01643203634919
66228,19.682071484187073
66279,99.01643203634919
66330,90.48410149529674
66381,86.32135243092108
66432,87.37640891286108
66483,83.40447615964631
66534,99.01643203634919
66585,99.01643203634919
66636,81.29829557883942
66687,99.01643203634919
66738,83.81476068830827
66789,62.022457695884064
66840,92.76906940683018
66891,60.21617348584302
66942,99.01643203634919
66993,79.47560496168596
67044,99.01643203634919
67095,99.01643203634919
67146,31.44271873082153
67197,99.01643203634919
67248,44.668420950035284
67299,84.85469686979575
67350,68.20783031438744
67401,99.01643203634919
67452,99.01643203634919
67503,71.5303579817234
67554,92.39483639065399
67605,99.01643203634919
67656,99.01643203634919
67707,60.77104409015814
67758,44.80760752277282
67809,32.40790489669358
67860,91.69009845442666
67911,51.892824372474955
67962,99.01643203634919
68013,93.60905235723851
68064,99.01643203634919
68115,99.01643203634919
68166,14.600176747355569
68217,85.21423424681525
68268,99.01643203634919
68319,99.01643203634919
68370,55.78970351436362
68421,99.01643203634919
68472,50.28131592026207
68523,94.15245503554159
68574,99.01643203634919
68625,99.01643203634919
68676,99.01643203634919
68727,89.99768349985328
68778,96.7280987809959
68829,80.80173033916573
68880,89.33916695869591
68931,99.01643203634919
68982,95.21141860435887
69033,87.35132702559645
69084,67.98985437901106
69135,86.71897639094544
69186,99.01643203634919
69237,89.34523978099952
69288,67.98659609848589
69339,80.67049096615948
69390,99.01643203634919
69441,99.01643203634919
69492,73.1415654827739
69543,99.01643203634919
69594,99.01643203634919
69645,99.01643203634919
69696,92.15883007846482
69747,93.46752684560263
69798,99.01643203634919
69849,84.11766041335403
69900,69.86785097883805
69951,47.25543516166285
70002,41.40696233139681
70053,24.610138459211427
70104,99.01643203634919
70155,80.4713930320593
70206,74.70201547334167
70257,50.61736696634291
70308,80.61898007821054
70359,86.40828223505154
70410,99.01643203634919
70461,16.064103980259876
70512,30.43619181474802
70563,99.01643203634919
70614,99.01643203634919
70665,73.47113604370034
70716,35.924117408799404
70767,47.82555445045136
70818,63.26075201623751
70869,30.220990912264767
70920,92.10681953162164
70971,99.01643203634919
71022,99.01643203634919
71073,99.01643203634919
71124,99.01643203634919
71175,99.01643203634919
71226,64.64338765830679
71277,71.76823299067551
71328,89.61246414312453
71379,99.01643203634919
71430,99.01643203634919
71481,47.08720134048414
71532,58.75924445648736
71583,99.01643203634919
71634,49.407017472140666
71685,60.899694383159165
71736,48.66367654616232
71787,54.7456480866636
71838,85.86483810917208
71889,74.96468400384207
71940,22.869293811577634
71991,99.01643203634919
72042,42.30727181913335
72093,73.24172881210936
72144,51.430240404405964
72195,79.5095449398469
72246,99.01643203634919
72297,99.01643203634919
72348,16.71309092626272
72399,90.16569556814301
72450,99.01643203634919
72501,99.01643203634919
72552,99.01643203634919
72603,79.99205100494392
72654,59.841292027890326
72705,44.792107166309535
72756,61.779713093493065
72807,75.30377620562075
72858,49.67235451318314
72909,99.01643203634919
72960,99.01643203634919
73011,26.619259350292968
73062,96.19617628450297
73113,99.01643203634919
73164,36.889081346726684
73215,99.01643203634919
73266,82.35938138749844
73317,93.06068198418531
73368,70.10397748082156
73419,35.04723985498795
73470,99.01643203634919
73521,99.01643203634919
73572,99.01643203634919
73623,82.17234292172802
73674,76.77727139762999
73725,99.01643203634919
73776,99.01643203634919
73827,89.91164886569742
73878,48.551104347194816
73929,26.03467341893779
73980,53.67090299868091
74031,32.001523728476485
74082,99.01643203634919
74133,99.01643203634919
74184,99.01643203634919
74235,99.01643203634919
74286,44.95844497084878
74337,67.923212604883
74388,83.9842639036488
74439,99.01643203634919
74490,37.954204567161774
74541,76.19603521700523
74592,46.058612870091586
74643,41.089917466967286
74694,79.31532912087104
74745,99.01643203634919
74796,99.01643203634919
74847,99.01643203634919
74898,99.01643203634919
74949,93.47293429432598
75000,75.18311696898654
75051,30.28814094463639
75102,87.52739989137305
75153,42.16880893543655
75204,81.39353558808746
75255,64.19536890426527
75306,99.01643203634919
75357,88.69249380969765
75408,59.89751738836803
75459,99.01643203634919
75510,70.4110131151955
75561,99.01643203634919
75612,77.37060131147952
75663,84.91685197270937
75714,83.15800695421336
75765,99.01643203634919
75816,99.01643203634919
75867,48.28625703158386
75918,54.65396204687383
75969,89.50423848723469
76020,96.81172704044478
76071,99.01643203634919
76122,61.95616801082971
76173,23.287619149350633
76224,92.53687248156882
76275,41.50994266427414
76326,99.01643203634919
76377,99.01643203634919
76428,99.01643203634919
76479,49.07683288557592
76530,85.28452316758727
76581,79.46331211480972
76632,85.95986959460302
76683,83.7350112121003
76734,72.2901643766448
76785,85.80706490544661
76836,99.01643203634919
76887,67.03974894405795
76938,40.017679348382046
76989,68.79317950749206
77040,99.01643203634919
77091,72.40468501340304
77142,79.39768626255257
77193,85.1398767776869
77244,92.92426074006129
77295,94.64359116356056
77346,91.70100593156253
77397,81.08572493222256
77448,40.07112999029202
77499,88.9424626972766
77550,55.335177377799965
77601,34.35784440222747
77652,72.39123350032591
77703,65.79830250665368
77754,54.89798746616341
77805,12.931292346565924
77856,92.6242116410414
77907,90.48015163241175
77958,53.31167205317812
78009,67.52031295337459
78060,89.68107602847077
78111,99.01643203634919
78162,82.8449186767946
78213,42.96088146597949
78264,75.4946724634678
78315,99.01643203634919
78366,87.22369585813912
78417,99.01643203634919
78468,62.00300656445586
78519,35.11258539396216
78570,39.761184338231295
78621,99.01643203634919
78672,99.01643203634919
78723,75.5975692448571
78774,71.77836189363445
78825,59.659937041739504
78876,99.01643203634919
78927,67.92679327872132
78978,99.01643203634919
79029,71.13187824041287
79080,99.01643203634919
79131,92.10048622973903
79182,23.26575378870327
79233,99.01643203634919
79284,76.69219727953549
79335,90.6568979836444
79386,99.01643203634919
79437,22.366623836580242
79488,54.61204620392775
79539,32.08977869650236
79590,99.01643203634919
79641,99.01643203634919
79692,27.994978526797944
79743,92.93974851418224
79794,68.17226758634695
79845,51.901950946973955
79896,44.35106145869354
79947,39.30302813445976
79998,42.98914571249638
80049,71.85270936827327
80100,87.19545959533937
80151,99.01643203634919
80202,94.02660065112447
80253,88.7848572910036
80304,97.36416732659583
80355,64.27602702795265
80406,99.01643203634919
80457,99.01643203634919
80508,56.8570866686735
80559,99.01643203634919
80610,82.45366308235107
80661,99.01643203634919
80712,22.881231075192503
80763,86.14414794598318
80814,53.90863016798262
80865,99.01643203634919
80916,99.01643203634919
80967,56.730515974604145
81018,26.56074373833163
81069,99.01643203634919
81120,99.01643203634919
81171,99.01643203634919
81222,21.583579997506416
81273,64.96591256397942
81324,81.05514760560835
81375,77.67804156538715
81426,99.01643203634919
81477,83.26367822943826
81528,99.01643203634919
81579,99.01643203634919
81630,35.74753592140686
81681,99.01643203634919
81732,99.01643203634919
81783,47.97720195352772
81834,69.89906536515404
81885,88.19262292271664
81936,86.57289723225952
81987,99.01643203634919
82038,35.16368285968243
82089,34.63601737477882
82140,87.04251138228592
82191,99.01643203634919
82242,64.51024519176251
82293,68.09427941451965
82344,99.01643203634919
82395,79.8403437903132
82446,81.97292240809848
82497,23.985570660099828
82548,93.56031109953153
82599,56.301044650435244
82650,21.601966349563074
82701,99.01643203634919
82752,92.16659105409302
82803,76.28323290756857
82854,91.16965218365563
82905,99.01643203634919
82956,25.674336104764173
83007,62.95680921780916
83058,99.01643203634919
83109,85.57128213485126
83160,88.35627549935421
83211,99.01643203634919
83262,57.59450828248804
83313,45.71296756606921
83364,60.10475403724823
83415,59.40342759829204
83466,79.57499606203223
83517,99.01643203634919
83568,85.66085646924833
83619,39.79735909016721
83670,41.78032800655574
83721,71.89696095764268
83772,99.01643203634919
83823,79.09460082350597
83874,93.25063198303677
83925,51.22040784742339
83976,84.71230756159417
84027,43.90376046878671
84078,99.01643203634919
84129,94.21748757073416
84180,99.01643203634919
84231,48.800664669202995
84282,74.5434942107712
84333,99.01643203634919
84384,61.44894920684604
84435,99.01643203634919
84486,99.01643203634919
84537,88.9242357077493
84588,38.998423095043144
84639,99.01643203634919
84690,99.01643203634919
84741,48.27813061071171
84792,88.38134514408375
84843,56.42250151981011
84894,83.64683828641333
84945,93.54965431269073
84996,72.8445299343226
85047,99.01643203634919
85098,99.01643203634919
85149,35.456042812277296
85200,77.94997868987194
85251,99.01643203634919
85302,99.01643203634919
85353,99.01643203634919
85404,99.01643203634919
85455,80.0471050163495
85506,92.87643502698647
85557,84.0458959199839
85608,99.01643203634919
85659,83.13314492912323
85710,60.979633734728466
85761,75.76398072062193
85812,69.97294706775901
85863,99.01643203634919
85914,99.01643203634919
85965,20.56501672583333
86016,99.01643203634919
86067,99.01643203634919
86118,39.29346887184776
86169,86.72494258821338
86220,99.01643203634919
86271,99.01643203634919
86322,99.01643203634919
86373,37.144135128082134
86424,99.01643203634919
86475,99.01643203634919
86526,61.041738529825174
86577,81.69412707330055
86628,99.01643203634919
86679,44.41347482657682
86730,99.01643203634919
86781,67.22853403542747
86832,88.89169816413784
86883,92.9119453935938
86934,20.43442347681778
86985,99.01643203634919
87036,81.77343434207488
87087,68.94917602183867
87138,99.01643203634919
87189,35.06284142734351
87240,99.01643203634919
87291,89.14098677012169
87342,49.077866733768666
87393,99.01643203634919
87444,99.01643203634919
87495,64.24281024569451
87546,99.01643203634919
87597,99.01643203634919
87648,90.84370971368891
87699,94.69450116540567
87750,75.67810699848818
87801,86.90004639233355
87852,99.01643203634919
87903,99.01643203634919
87954,99.01643203634919
88005,99.01643203634919
88056,89.30825504732512
88107,96.61749052051914
88158,86.5897155415736
88209,99.01643203634919
88260,66.26564920218445
88311,94.42186286694485
88362,99.01643203634919
88413,89.26833060396959
88464,99.01643203634919
88515,75.72067571465283
88566,77.34835953624732
88617,69.34527688440568
88668,42.956363768929506
88719,99.01643203634919
88770,99.01643203634919
88821,99.01643203634919
88872,41.211932687039756
88923,99.01643203634919
88974,94.46301981224808
89025,51.73096304130092
89076,47.39485033636772
89127,99.01643203634919
89178,69.35332285966513
89229,64.47842543160866
89280,99.01643203634919
89331,99.01643203634919
89382,99.01643203634919
89433,99.01643203634919
89484,95.62570085835695
89535,21.909249623303484
89586,81.33783822083126
89637,91.07746013871008
89688,78.87652572911502
89739,88.78259471925233
89790,76.09684364608633
89841,92.16640235709617
89892,89.46521467900668
89943,99.01643203634919
89994,99.01643203634919
90045,33.79293124619187
90096,74.61684042035348
90147,99.01643203634919
90198,99.01643203634919
90249,99.01643203634919
90300,33.85017052662131
90351,99.01643203634919
90402,87.25465235704186
90453,53.13244229635918
90504,54.5138450785075
90555,85.67621262188749
90606,99.01643203634919
90657,63.03331010420563
90708,99.01643203634919
90759,99.01643203634919
90810,43.88572415180444
90861,81.80487022933804
90912,48.316845426795844
90963,55.30388914259674
91014,99.01643203634919
91065,99.01643203634919
91116,80.45899186671392
91167,41.88301068381402
91218,42.70629818733173
91269,29.45689221001127
91320,77.06247951110268
91371,90.15782989347711
91422,85.47429550172708
91473,99.01643203634919
91524,74.92862115803833
91575,92.111020120196
91626,75.95724256376364
91677,73.17366866018446
91728,80.18408763426235
91779,70.62968176777623
91830,99.01643203634919
91881,73.14222788817422
91932,96.29101587956923
91983,99.01643203634919
92034,89.08269840948059
92085,99.01643203634919
92136,80.83883593952092
92187,78.87113290708078
92238,99.01643203634919
92289,99.01643203634919
92340,99.01643203634919
92391,45.57661056165185
92442,99.01643203634919
92493,90.35265237274488
92544,99.01643203634919
92595,85.43854655760437
92646,99.01643203634919
92697,79.98069426598634
92748,70.16144897052148
92799,75.86676139634059
92850,57.85817850827052
92901,99.01643203634919
92952,75.6339962900973
93003,89.36523489595017
93054,33.21421099067593
93105,65.0156647369108
93156,99.01643203634919
93207,99.01643203634919
93258,76.31544905770018
93309,99.01643203634919
93360,86.47833312865394
93411,37.584751665111895
93462,23.278482567522666
93513,45.222439173012646
93564,88.86111167792198
93615,81.31221644832544
93666,99.01643203634919
93717,84.77611846960369
93768,99.01643203634919
93819,75.75971804699611
93870,66.47153177779617
93921,99.01643203634919
93972,99.01643203634919
94023,99.01643203634919
94074,35.81546285824241
94125,90.46548656584471
94176,99.01643203634919
94227,99.01643203634919
94278,64.64602927241275
94329,99.01643203634919
94380,99.01643203634919
94431,90.93421590849522
94482,99.01643203634919
94533,78.24147409439526
94584,99.01643203634919
94635,99.01643203634919
94686,89.48093981365628
94737,69.26325004877283
94788,19.85165207563244
94839,58.48601091172003
94890,94.84056420192437
94941,47.52542271506931
94992,99.01643203634919
95043,51.38826595227106
95094,37.41097120326865
95145,87.64416020056187
95196,99.01643203634919
95247,93.01350209653889
95298,95.8447999316442
95349,92.58775199147938
95400,99.01643203634919
95451,24.063804174108842
95502,99.01643203634919
95553,66.50386359131062
95604,99.01643203634919
95655,99.01643203634919
95706,88.83163378964285
95757,41.46114311450163
95808,67.08451914789661
95859,99.01643203634919
95910,35.827748331874474
95961,52.78943079596829
96012,50.0907225850178
96063,82.59650562344076
96114,99.01643203634919
96165,92.93764907581318
96216,76.41996506467467
96267,86.42315050909254
96318,99.01643203634919
96369,67.04616494078297
96420,48.6656953046206
96471,41.0257275734246
96522,71.29207238781497
96573,99.01643203634919
96624,68.99276179720658
96675,86.66772694038201
96726,65.5563518182567
96777,27.894797650264966
96828,32.50238617981519
96879,99.01643203634919
96930,66.57227023113569
96981,89.94766260829734
97032,27.92092583455583
97083,68.17356906781843
97134,99.01643203634919
97185,55.97824188495006
97236,33.341895298684406
97287,22.86604689923165
97338,99.01643203634919
97389,99.01643203634919
97440,91.00995912261999
97491,99.01643203634919
97542,75.9351968886401
97593,91.68288821708471
97644,99.01643203634919
97695,80.5150061653231
97746,74.94711753374337
97797,99.01643203634919
97848,79.80455743174599
97899,42.96497134082297
97950,75.86224564319905
98001,89.40160978203807
98052,99.01643203634919
98103,99.01643203634919
98154,57.50063710748027
98205,78.22854853618408
98256,99.01643203634919
98307,39.031859821992406
98358,92.08454025845948
98409,38.12821783959888
98460,97.06823135522708
98511,99.01643203634919
98562,28.43902128730895
98613,50.89431713541913
98664,84.76195744605445
98715,99.01643203634919
98766,99.01643203634919
98817,99.01643203634919
98868,99.01643203634919
98919,99.01643203634919
98970,24.33444628588425
99021,87.9406131395554
99072,99.01643203634919
99123,48.16776115798761
99174,42.217879000196184
99225,99.01643203634919
99276,8.539116017107773
99327,85.39917291194463
99378,54.76779895817309
99429,99.01643203634919
99480,99.01643203634919
99531,82.59973639852757
99582,86.78699118317623
99633,82.6416087983977
99684,99.01643203634919
99735,43.48520664768606
99786,99.01643203634919
99837,85.64004421689293
99888,99.01643203634919
99939,78.11326546832481
99990,21.76596508021479
100041,59.76643636506706
100092,99.01643203634919
100143,99.01643203634919
100194,9.512892314164196
100245,81.16087724274566
100296,99.01643203634919
100347,44.16203760699988
100398,78.36310617304059
100449,39.313503249020116
100500,86.28455333623965
100551,99.01643203634919
100602,46.35106357190708
100653,99.01643203634919
100704,99.01643203634919
100755,99.01643203634919
100806,99.01643203634919
100857,75.91824496966419
100908,99.01643203634919
100959,99.01643203634919
101010,56.95243900010517
101061,99.01643203634919
101112,99.01643203634919
101163,99.01643203634919
101214,99.01643203634919
101265,78.84064142157045
101316,32.02547665848946
101367,99.01643203634919
101418,99.01643203634919
101469,99.01643203634919
101520,99.01643203634919
101571,89.88076616944873
101622,43.345804356602144
101673,99.01643203634919
101724,79.50377112226725
101775,83.94888930509497
101826,34.161941145248555
101877,99.01643203634919
101928,99.01643203634919
101979,99.01643203634919
102030,99.01643203634919
102081,99.01643203634919
102132,90.28058227274082
102183,43.22689881036252
102234,99.01643203634919
102285,83.72685583981776
102336,78.48452412015632
102387,83.95206734651471
102438,99.01643203634919
102489,99.01643203634919
102540,99.01643203634919
102591,94.16192129665258
102642,43.14929835414902
102693,86.40417237755365
102744,88.2627358688687
102795,99.01643203634919
102846,99.01643203634919
102897,91.80468072960973
102948,99.01643203634919
102999,85.8489132532475
103050,32.31408567908965
103101,99.01643203634919
103152,94.42483861196561
103203,91.49674648151358
103254,81.87746219454857
103305,90.80026812030945
103356,99.01643203634919
103407,99.01643203634919
103458,99.01643203634919
103509,57.803616160768335
103560,88.4728280181778
103611,99.01643203634919
103662,99.01643203634919
103713,99.01643203634919
103764,99.01643203634919
103815,99.01643203634919
103866,99.01643203634919
103917,99.01643203634919
103968,89.82912070671624
104019,79.59495224871581
104070,99.01643203634919
104121,85.88770186107858
104172,88.40312584973371
104223,99.01643203634919
104274,60.4416758633431
104325,66.25702595660677
104376,80.59055247828121
104427,92.71841472790267
104478,57.02921073242174
104529,64.57013009404835
104580,87.88017416842573
104631,78.87470610641552
104682,99.01643203634919
104733,99.01643203634919
104784,84.69908680307601
104835,81.21294713220438
104886,35.75796771249459
104937,99.01643203634919
104988,99.01643203634919
105039,99.01643203634919
105090,99.01643203634919
105141,99.01643203634919
105192,99.01643203634919
105243,99.01643203634919
105294,99.01643203634919
105345,99.01643203634919
105396,83.98633499701745
105447,99.01643203634919
105498,91.85544135289074
105549,89.53628123843956
105600,67.48764316749553
105651,29.189914583827342
105702,47.71939762236299
105753,91.26848634494485
105804,90.38305340768457
105855,99.01643203634919
105906,99.01643203634919
105957,86.65367329384223
106008,38.264398846590616
106059,85.37038840519787
106110,99.01643203634919
106161,99.01643203634919
106212,69.92955652602085
106263,41.942322711746804
106314,99.01643203634919
106365,37.680979339529586
106416,99.01643203634919
106467,99.01643203634919
106518,52.88692248866691
106569,99.01643203634919
106620,81.59695462570674
106671,86.16194023546173
106722,77.58158399169545
106773,99.01643203634919
106824,99.01643203634919
106875,99.01643203634919
106926,83.99530841450968
106977,99.01643203634919
107028,80.62304171882013
107079,46.44734928781096
107130,82.03884411710895
107181,99.01643203634919
107232,99.01643203634919
107283,25.49808195671051
107334,99.01643203634919
107385,99.01643203634919
107436,74.40822111759367
107487,74.50870991583598
107538,82.47177122404388
107589,86.0717655618304
107640,99.01643203634919
107691,50.4695030094447
107742,70.08387649929954
107793,99.01643203634919
107844,42.113927271815335
107895,53.36007738822699
107946,99.01643203634919
107997,99.01643203634919
108048,84.9888761347533
108099,99.01643203634919
108150,99.01643203634919
108201,85.29790764691462
108252,99.01643203634919
108303,95.34991546735743
108354,99.01643203634919
108405,65.59859924072468
108456,68.45386875803649
108507,76.82718291112882
108558,53.896914456585456
108609,99.01643203634919
108660,89.61778821199563
108711,91.28104429099224
108762,99.01643203634919
108813,22.00118907085414
108864,60.9271649077265
108915,99.01643203634919
108966,89.12539347669478
109017,99.01643203634919
109068,99.01643203634919
109119,61.95384930246456
109170,68.70502458783261
109221,85.47393980239474
109272,64.91793643717614
109323,51.24426933176302
109374,91.32495374430097
109425,97.56575741693365
109476,26.12630128393441
109527,52.62628274382556
109578,99.01643203634919
109629,68.11560533129305
109680,85.26709496356239
109731,87.64344741284977
109782,99.01643203634919
109833,99.01643203634919
109884,99.01643203634919
109935,99.01643203634919
109986,24.67391646810181
110037,30.091288790553964
110088,46.243932308120776
110139,89.61087640865948
110190,77.6052355926074
110241,78.48250889443625
110292,99.01643203634919
110343,99.01643203634919
110394,99.01643203634919
110445,83.78718306856503
110496,37.7911220659968
110547,82.9653150563529
110598,79.87410832905124
110649,90.87511439505212
110700,94.5257032392586
110751,88.55021047350323
110802,93.16794702082304
110853,76.46280963444072
110904,46.737371157243274
110955,32.728175213191165
111006,99.01643203634919
111057,88.42992511938137
111108,67.85744380149919
111159,78.11444756377898
111210,89.48257654928932
111261,76.3027974901461
111312,79.32425230871327
111363,45.25848073852044
111414,99.01643203634919
111465,78.29900643101517
111516,38.20472049044187
111567,92.32107084278127
111618,89.55199417619856
111669,68.60729061384187
111720,85.45087323912368
111771,99.01643203634919
111822,57.67000155981904
111873,96.9353112827515
111924,86.62935687725928
111975,78.56085201235238
112026,81.53271408904736
112077,75.13093594220095
112128,53.290936549275756
112179,38.79893070437524
112230,89.39721722904736
112281,89.48049577922963
112332,84.77491782721984
112383,92.89671572954623
112434,73.75147310113469
112485,18.5860873452087
112536,50.26389754607289
112587,81.33174239343168
112638,99.01643203634919
112689,99.01643203634919
112740,29.018805529842044
112791,71.43083770905417
112842,99.01643203634919
112893,87.20472089694714
112944,81.33417879658589
112995,99.01643203634919
113046,99.01643203634919
113097,90.67372386680293
113148,99.01643203634919
113199,99.01643203634919
113250,40.837093297964074
113301,52.31718906489564
113352,99.01643203634919
113403,99.01643203634919
113454,92.06287300960612
113505,25.89305066099775
113556,95.2768224704593
113607,65.4156083478168
113658,99.01643203634919
113709,87.61946221658489
113760,82.64330794531497
113811,99.01643203634919
113862,55.531571699658976
113913,99.01643203634919
113964,43.861723289412005
114015,86.01396716498274
114066,99.01643203634919
114117,89.98907499192912
114168,44.2739571645176
114219,95.73800140118148
114270,99.01643203634919
114321,48.07565152408587
114372,91.30876203948783
114423,99.01643203634919
114474,77.03864174630358
114525,99.01643203634919
114576,99.01643203634919
114627,99.01643203634919
114678,42.2529970343077
114729,94.62991912408269
114780,72.74757997867944
114831,30.69258501190212
114882,99.01643203634919
114933,99.01643203634919
114984,99.01643203634919
115035,84.38027285283485
115086,99.01643203634919
115137,78.06146957066706
115188,73.28206381983631
115239,44.58371184979389
115290,84.48457019982698
115341,67.89920934487918
115392,99.01643203634919
115443,99.01643203634919
115494,99.01643203634919
115545,47.78733258307874
115596,99.01643203634919
115647,82.68203568181895
115698,99.01643203634919
115749,89.6839739362927
115800,81.04622551627833
115851,99.01643203634919
115902,37.47577883711031
115953,68.08238907187167
116004,99.01643203634919
116055,99.01643203634919
116106,54.93421089168843
116157,76.62489675603908
116208,99.01643203634919
116259,99.01643203634919
116310,99.01643203634919
116361,79.37713997938287
116412,99.01643203634919
116463,87.83969677456776
116514,89.59752868423986
116565,99.01643203634919
116616,84.18753420809871
116667,81.03020278428048
116718,81.61509992247619
116769,99.01643203634919
116820,93.1361213126149
116871,99.01643203634919
116922,77.00367174688216
116973,88.047969337692
117024,90.8558522618559
117075,99.01643203634919
117126,69.69363618090041
117177,99.01643203634919
117228,76.91585349063651
117279,35.40076379272529
117330,86.81454626207416
117381,34.46979586973771
117432,75.37627075308401
117483,81.15024757592973
117534,38.40602437391379
117585,99.01643203634919
117636,99.01643203634919
117687,58.11229695200208
117738,20.708090378590306
117789,54.95058667694879
117840,91.81495056507677
117891,74.50423605137233
117942,95.67870585700828
117993,99.01643203634919
118044,99.01643203634919
118095,47.144581472151
118146,99.01643203634919
118197,62.38074722958445
118248,67.73867974275282
118299,6.956474218903004
118350,84.2369504915931
118401,92.54613107760562
118452,94.60309000919617
118503,99.01643203634919
118554,85.46836945379407
118605,84.10815098865153
118656,99.01643203634919
118707,53.398574676033896
118758,70.17505808715487
118809,99.01643203634919
118860,41.78844124526138
118911,41.830709526708695
118962,65.33797866752695
119013,99.01643203634919
119064,79.30052978627516
119115,79.37867186147368
119166,99.01643203634919
119217,82.04902527790874
119268,45.56625548264253
119319,75.22215112553569
119370,42.53791341955265
119421,91.29007143830816
119472,97.49066401630851
119523,79.45084827219486
119574,38.41963429696166
119625,99.01643203634919
119676,99.01643203634919
119727,99.01643203634919
119778,87.99982593203931
119829,99.01643203634919
119880,69.27111843502817
119931,51.834191065277494
119982,90.91263471146613
120033,99.01643203634919
120084,99.01643203634919
120135,88.23418800933398
120186,99.01643203634919
120237,17.060902880647856
120288,99.01643203634919
120339,91.55568144258362
120390,65.96249844663853
120441,86.13767300287482
120492,78.24239791190864
120543,99.01643203634919
120594,99.01643203634919
120645,99.01643203634919
120696,99.01643203634919
120747,73.48118503332257
120798,99.01643203634919
120849,87.02116961090677
120900,29.961436368131423
120951,61.5273210042344
121002,65.00793926621618
121053,99.01643203634919
121104,77.47297789008816
121155,78.31290926132165
121206,99.01643203634919
121257,99.01643203634919
121308,56.46358835599253
121359,78.85171387670577
121410,7.874740600712854
121461,99.01643203634919
121512,91.451645716923
121563,45.40946386869028
121614,62.76798019172276
121665,99.01643203634919
121716,42.63142194666612
121767,54.602575992887175
121818,49.70581641667404
121869,99.01643203634919
121920,67.03113564345256
121971,99.01643203634919
122022,80.10063157824779
122073,69.70608228921276
122124,99.01643203634919
122175,86.86807380180612
122226,74.57792674304496
122277,99.01643203634919
122328,55.0363618775993
122379,99.01643203634919
122430,99.01643203634919
122481,99.01643203634919
122532,99.01643203634919
122583,69.56829066073753
122634,99.01643203634919
122685,99.01643203634919
122736,99.01643203634919
122787,43.77269683654324
122838,64.2998969231229
122889,77.12187203134154
122940,90.71170250099016
122991,80.60619672055866
123042,99.01643203634919
123093,54.73760875637117
123144,58.3504524599922
123195,71.44299917963662
123246,63.27827014198653
123297,56.65112365757937
123348,62.48972545210442
123399,88.63448465461104
123450,99.01643203634919
123501,41.12002364678874
123552,99.01643203634919
123603,99.01643203634919
123654,80.60220694845889
123705,99.01643203634919
123756,72.92268055192969
123807,99.01643203634919
123858,69.97585144607109
123909,41.412061733086624
123960,99.01643203634919
124011,72.25158120051584
124062,90.43513448505792
124113,99.01643203634919
124164,99.01643203634919
124215,36.147537985092605
124266,99.01643203634919
124317,99.01643203634919
124368,61.243053482304255
124419,74.10049293707249
124470,48.801151859820806
124521,99.01643203634919
124572,89.52424955563431
124623,51.09823119253849
124674,36.41424476022867
124725,94.53149577552584
124776,64.6730635160847
124827,90.88759890677669
124878,63.17897483888514
124929,85.15902117082588
124980,99.01643203634919
125031,60.22918105094252
125082,99.01643203634919
125133,20.982122479536905
125184,99.01643203634919
125235,99.01643203634919
125286,89.65266990793867
125337,93.2104442729703
125388,88.2144887983753
125439,74.89183529641504
125490,88.47646503416215
125541,80.83651526955418
125592,83.65530945679897
125643,76.96006724447456
125694,99.01643203634919
125745,86.30940127161595
125796,82.25062848603127
125847,72.6922895396136
125898,97.11490239858124
125949,77.42576419395263
126000,62.24906438083825
126051,68.60188537808752
126102,99.01643203634919
126153,45.52996711315092
126204,92.36061668278087
126255,73.18285935011227
126306,81.96030660400073
126357,44.799662569079906
126408,99.01643203634919
126459,50.86121761762361
126510,89.86343216684386
126561,87.31028370552644
126612,59.054164324761786
126663,99.01643203634919
126714,53.73602215186966
126765,99.01643203634919
126816,80.52426645091477
126867,31.491815021220305
126918,48.292076814801234
126969,77.89019788159023
127020,99.01643203634919
127071,54.229480180500104
127122,86.67317799455152
127173,45.12882409871008
127224,99.01643203634919
127275,89.27352175031227
127326,93.52090379251376
127377,34.21694707470332
127428,99.01643203634919
127479,45.093725499701726
127530,99.01643203634919
127581,71.7093932424827
127632,39.92689126012945
127683,86.24253696830407
127734,99.01643203634919
127785,21.404977438014885
127836,90.02199817034963
127887,99.01643203634919
127938,99.01643203634919
127989,99.01643203634919
128040,88.48242634226801
128091,54.464842324714255
128142,89.41880520071571
128193,81.90097664482879
128244,99.01643203634919
128295,99.01643203634919
128346,86.48331581586984
128397,99.01643203634919
128448,99.01643203634919
128499,49.66535869133515
128550,99.01643203634919
128601,99.01643203634919
128652,12.810991418450467
128703,86.44534176722591
128754,99.01643203634919
128805,69.27622464298716
128856,20.848585657363714
128907,99.01643203634919
128958,66.36052874571728
129009,99.01643203634919
129060,78.98485607250028
129111,99.01643203634919
129162,99.01643203634919
129213,67.56219947237295
129264,87.60167032339378
129315,84.1320753805639
129366,64.1322047498416
129417,91.61630243538791
129468,99.01643203634919
129519,46.13040369496756
129570,84.38763032231905
129621,66.4908080281844
129672,99.01643203634919
129723,99.01643203634919
129774,99.01643203634919
129825,48.43327552190291
129876,70.75605104835478
129927,46.39254906483674
129978,84.36838604096111
130029,90.80519968152606
130080,76.40246489081393
130131,76.80401708346447
130182,99.01643203634919
130233,99.01643203634919
130284,67.1913319050695
130335,66.09716568897169
130386,48.373649924607236
130437,84.09370576518003
130488,99.01643203634919
130539,99.01643203634919
130590,99.01643203634919
130641,59.18134337701035
130692,56.40282751906258
130743,75.0044242585434
130794,99.01643203634919
130845,77.24388316606938
130896,93.77853825385229
130947,87.42417795339786
130998,71.45224279648346
131049,99.01643203634919
131100,56.45025111925451
131151,69.31324665238978
131202,58.78588362925601
131253,29.7941212844022
131304,35.26931639989555
131355,93.05422530650038
131406,63.81539099788426
131457,99.01643203634919
131508,99.01643203634919
131559,99.01643203634919
131610,99.01643203634919
131661,99.01643203634919
131712,64.53945854918778
131763,64.57677103506356
131814,99.01643203634919
131865,92.3285610186818
131916,46.08717998603202
131967,99.01643203634919
132018,99.01643203634919
132069,99.01643203634919
132120,88.73212718113537
132171,99.01643203634919
132222,99.01643203634919
132273,51.84145922264824
132324,19.67285295105133
132375,99.01643203634919
132426,99.01643203634919
132477,78.4469313014404
132528,70.04793870864066
132579,54.83074259816147
132630,42.79552897689419
132681,99.01643203634919
132732,99.01643203634919
132783,99.01643203634919
132834,82.04428272695317
132885,92.12560008356446
132936,99.01643203634919
132987,74.22567122927396
133038,99.01643203634919
133089,99.01643203634919
133140,99.01643203634919
133191,92.15681351890322
133242,32.022839124248655
133293,99.01643203634919
133344,99.01643203634919
133395,49.407166608387115
133446,99.01643203634919
133497,40.6018444981772
133548,99.01643203634919
133599,53.38440213828828
133650,43.494552827450796
133701,20.112180158044
133752,57.40553378274404
133803,99.01643203634919
133854,99.01643203634919
133905,80.81102334334516
133956,99.01643203634919
134007,99.01643203634919
134058,62.984121723035244
134109,99.01643203634919
134160,99.01643203634919
134211,83.14359769157365
134262,43.122144944312915
134313,99.01643203634919
134364,90.59632358877384
134415,99.01643203634919
134466,70.55225210717227
134517,95.9936333253527
134568,33.83201656029572
134619,70.3367769655508
134670,79.7609862965495
134721,80.36485564006547
134772,99.01643203634919
134823,86.35351362184194
134874,50.69149391315198
134925,78.55040751529941
134976,99.01643203634919
135027,96.39703624224607
135078,29.528673746034432
135129,71.93337046758707
135180,45.18439015248933
135231,37.517365560197845
135282,96.87810492274704
135333,75.35139125027301
135384,92.82721402327385
135435,99.01643203634919
135486,99.01643203634919
135537,99.01643203634919
135588,37.5686209545562
135639,40.00414506766443
135690,91.40869922183187
135741,80.00323902134663
135792,58.432243507850245
135843,80.09996697607849
135894,84.46275230121616
135945,32.056862156941094
135996,37.163591826574994
136047,71.40721183005432
136098,34.97138702151957
136149,99.01643203634919
136200,93.61841432743272
136251,99.01643203634919
136302,71.98312736997627
136353,99.01643203634919
136404,92.54477010750644
136455,50.435429917461285
136506,70.11930650127887
136557,94.74018244520505
136608,99.01643203634919
136659,56.78526549062335
136710,23.077432649298103
136761,99.01643203634919
136812,99.01643203634919
136863,99.01643203634919
136914,52.511301385892935
136965,99.01643203634919
137016,92.30445196238489
137067,60.55559934761293
137118,99.01643203634919
137169,99.01643203634919
137220,54.365433729752
137271,26.316208261632266
137322,71.19560283085411
137373,46.00187168958825
137424,39.93238039716612
137475,99.01643203634919
137526,96.00793499152334
137577,99.01643203634919
137628,65.35430989584819
137679,60.81959542574919
137730,86.89236036596851
137781,83.70919531891569
137832,89.22332599087676
137883,81.81073549492508
137934,82.76566738525032
137985,84.14488041671602
138036,37.125638980341925
138087,99.01643203634919
138138,99.01643203634919
138189,64.6911431945964
138240,27.277487943398196
138291,99.01643203634919
138342,99.01643203634919
138393,72.52867997398818
138444,81.36811403267322
138495,89.645125069397
138546,99.01643203634919
138597,76.85728589981134
138648,47.056145440442286
138699,84.20906623857151
138750,99.01643203634919
138801,81.25786296434876
138852,99.01643203634919
138903,95.33018747169238
138954,37.06889923963084
139005,36.61706852603036
139056,99.01643203634919
139107,75.97498694439338
139158,99.01643203634919
139209,85.8104613057158
139260,99.01643203634919
139311,92.05944665898353
139362,59.96901226356044
139413,45.13165906295598
139464,33.888284334313916
139515,99.01643203634919
139566,77.49032546058744
139617,83.96074914099897
139668,99.01643203634919
139719,63.543935806619785
139770,76.74029942639278
139821,99.01643203634919
139872,99.01643203634919
139923,99.01643203634919
139974,43.77277064124736
140025,77.15606236667794
140076,94.23154758093574
140127,83.77076325942492
140178,95.74579955451978
140229,61.06207541845009
140280,99.01643203634919
140331,50.38310973041733
140382,99.01643203634919
140433,93.25976125132206
140484,86.05580982013974
140535,99.01643203634919
140586,67.47427982738095
140637,99.01643203634919
140688,61.968952992024626
140739,79.11792197972382
140790,83.50032171865142
140841,33.38477672442616
140892,5.028672735568546
140943,93.22936648874347
140994,32.79017764420096
141045,99.01643203634919
141096,99.01643203634919
141147,99.01643203634919
141198,99.01643203634919
141249,36.31595258057107
141300,27.32362262494663
141351,71.91725094545387
141402,96.10578767116155
141453,99.01643203634919
141504,58.43197213469288
141555,39.99432822477583
141606,79.22281975448384
141657,99.01643203634919
141708,87.22927386583206
141759,99.01643203634919
141810,99.01643203634919
141861,99.01643203634919
141912,99.01643203634919
141963,99.01643203634919
142014,99.01643203634919
142065,99.01643203634919
142116,27.06109581430174
142167,42.539519595747215
142218,83.0437167487677
142269,91.47508021901258
142320,96.77887684300244
142371,84.45467797078715
142422,81.4256498627191
142473,66.5469476685568
142524,12.164604377393754
142575,40.77380773200709
142626,67.19943628834814
142677,76.35516855135323
142728,99.01643203634919
142779,99.01643203634919
142830,99.01643203634919
142881,54.72328110804606
142932,99.01643203634919
142983,99.01643203634919
143034,99.01643203634919
143085,88.61666376736778
143136,67.66927683022232
143187,99.01643203634919
143238,59.879676903865764
143289,99.01643203634919
143340,99.01643203634919
143391,84.16686331221715
143442,67.86418693380435
143493,83.84061650508426
143544,87.94505809972283
143595,90.57026554509243
143646,99.01643203634919
143697,80.65494962721439
143748,99.01643203634919
143799,74.17349876317004
143850,99.01643203634919
143901,67.41263337325778
143952,73.59784732345919
144003,99.01643203634919
144054,52.71688709777472
144105,99.01643203634919
144156,62.95591078454683
144207,34.289146607383806
144258,70.32715802420175
144309,40.71251390654818
144360,99.01643203634919
144411,75.91945300874018
144462,46.29280481619006
144513,86.45878681636208
144564,62.84415942323878
144615,96.31129239344654
144666,99.01643203634919
144717,81.6699893552514
144768,99.01643203634919
144819,41.977994691832386
144870,99.01643203634919
144921,99.01643203634919
144972,82.64727436398086
145023,47.39156221108422
145074,78.37204589120489
145125,99.01643203634919
145176,93.007428580369
145227,99.01643203634919
145278,88.17330522510497
145329,92.68814748846194
145380,99.01643203634919
145431,78.83153526630502
145482,91.43403295815523
145533,99.01643203634919
145584,40.634161207805896
145635,99.01643203634919
145686,99.01643203634919
145737,73.94198595207976
145788,84.88625093395669
145839,75.94587561546733
145890,99.01643203634919
145941,37.560128173435686
145992,99.01643203634919
146043,73.04914874229497
146094,99.01643203634919
146145,89.14618560624005
146196,99.01643203634919
146247,92.71844842729391
146298,52.56935225878771
146349,99.01643203634919
146400,99.01643203634919
146451,99.01643203634919
146502,40.456804258565455
146553,84.93645962917103
146604,99.01643203634919
146655,91.86253469339384
146706,65.84954786903918
146757,90.28442846324756
146808,49.46377200005834
146859,24.914447815115928
146910,99.01643203634919
146961,54.04235986733159
147012,99.01643203634919
147063,99.01643203634919
147114,88.29518287670851
147165,9.676289928445414
147216,59.639297249719064
147267,81.48969184698944
147318,59.44721284067111
147369,99.01643203634919
147420,99.01643203634919
147471,99.01643203634919
147522,84.63641277704656
147573,86.42278852419899
147624,66.31058669078439
147675,54.93423610613646
147726,80.92141093789598
147777,99.01643203634919
147828,99.01643203634919
147879,99.01643203634919
147930,62.39919218784343
147981,99.01643203634919
148032,99.01643203634919
148083,49.224233266386854
148134,69.03492271360807
148185,99.01643203634919
148236,99.01643203634919
148287,94.22273727736192
148338,80.89172020797612
148389,42.40287464365117
148440,99.01643203634919
148491,32.894862419670744
148542,99.01643203634919
148593,99.01643203634919
148644,57.48214077835394
148695,70.75651973905451
148746,99.01643203634919
148797,87.87240594707855
148848,83.2608308494201
148899,99.01643203634919
148950,99.01643203634919
149001,89.20176216086284
149052,99.01643203634919
149103,81.91789648685373
149154,94.32530201846944
149205,88.7779048351527
149256,23.805083450015065
149307,38.58047941458663
149358,99.01643203634919
149409,99.01643203634919
149460,49.93365171912297
149511,75.3895472586984
149562,99.01643203634919
149613,89.13137185724574
149664,99.01643203634919
149715,64.24514529796075
149766,99.01643203634919
149817,86.82688837299152
149868,29.1064019216965
149919,82.33223158660562
149970,68.65133899523774
150021,85.6557714497098
150072,99.01643203634919
150123,99.01643203634919
150174,99.01643203634919
150225,52.45453797041865
150276,41.39923057172692
150327,77.82795706674386
150378,74.2923573628512
150429,62.27089064410491
150480,69.63579855347449
150531,66.31421998825782
150582,53.20678387235441
150633,65.17947321242488
150684,91.78979403380146
150735,99.01643203634919
150786,99.01643203634919
150837,99.01643203634919
150888,99.01643203634919
150939,92.9295623623447
150990,99.01643203634919
151041,41.04562728058009
151092,37.4338106519415
151143,99.01643203634919
151194,99.01643203634919
151245,25.35352849962204
151296,29.921772564002488
151347,64.51309955745982
151398,79.48253143434599
151449,81.50961455709472
151500,99.01643203634919
151551,99.01643203634919
151602,49.472497311632395
151653,95.36047544680952
151704,46.85081811008249
151755,99.01643203634919
151806,99.01643203634919
151857,99.01643203634919
151908,80.1178500805013
151959,75.55367792449552
152010,67.12435704573797
152061,71.05454024419514
152112,92.46415879121683
152163,85.56901404908449
152214,50.7641877756408
152265,29.634478051993902
152316,12.331473456833052
152367,80.30398774052404
152418,82.35985317337385
152469,85.37846798491417
152520,99.01643203634919
152571,99.01643203634919
152622,63.22644916725646
152673,99.01643203634919
152724,57.20108659908663
152775,99.01643203634919
152826,30.803367113002484
152877,99.01643203634919
152928,99.01643203634919
152979,90.41601216541632
153030,99.01643203634919
153081,74.64227365588494
153132,84.39951149279273
153183,99.01643203634919
153234,99.01643203634919
153285,99.01643203634919
153336,99.01643203634919
153387,99.01643203634919
153438,99.01643203634919
153489,79.33772369878685
153540,99.01643203634919
153591,91.84915413978649
153642,99.01643203634919
153693,99.01643203634919
153744,77.21501964161412
153795,99.01643203634919
153846,83.47929275615653
153897,37.162465122161
153948,87.35628366324086
153999,29.15631115048579
154050,67.75880941937211
154101,94.63047635553743
154152,44.62039300671976
154203,66.77969494630266
154254,39.22879817297375
154305,89.52729479339388
154356,82.09699061866743
154407,70.14585796444969
154458,60.86596449135823
154509,99.01643203634919
154560,99.01643203634919
154611,99.01643203634919
154662,99.01643203634919
154713,99.01643203634919
154764,89.44933325700717
154815,41.379147261955644
154866,99.01643203634919
154917,78.85706005194149
154968,85.84379475488338
155019,74.3255161929278
155070,60.98002864701378
155121,21.244460496880343
155172,59.92387171975316
155223,40.73501982572442
155274,79.61264672802635
155325,99.01643203634919
155376,99.01643203634919
155427,99.01643203634919
155478,27.662974804228906
155529,99.01643203634919
155580,99.01643203634919
155631,87.96266221382157
155682,86.11448916552087
155733,80.3743499044404
155784,82.51309376628825
155835,43.39865794075687
155886,68.10124769280104
155937,52.46317148143169
155988,74.42924096502895
156039,74.72371153966064
156090,80.67946582725604
156141,17.57638510583509
156192,99.01643203634919
156243,89.54415161826986
156294,30.897409146935942
156345,64.78732485027733
156396,93.06718426576116
156447,99.01643203634919
156498,94.81462535393942
156549,70.17187753251886
156600,36.395130665925805
156651,76.62922628952404
156702,40.41004955293399
156753,99.01643203634919
156804,99.01643203634919
156855,91.38680390620286
156906,87.43798049986246
156957,67.30085663437706
157008,77.3031258247238
157059,99.01643203634919
157110,96.7293062954439
157161,99.01643203634919
157212,90.80962586521593
157263,99.01643203634919
157314,42.183549808510435
157365,45.85733506195602
157416,43.690295441953786
157467,84.29304001793068
157518,88.44281720782266
157569,99.01643203634919
157620,80.83881257043673
157671,71.90730365687509
157722,63.90901479892391
157773,67.10352787406096
157824,99.01643203634919
157875,60.02276391820614
157926,99.01643203634919
157977,55.51310863509069
158028,39.59858430750424
158079,59.66501305682109
158130,93.31211805698372
158181,86.39127544037787
158232,68.33420133889364
158283,99.01643203634919
158334,73.10747863381896
158385,92.23732669641248
158436,33.92892710331694
158487,85.74716227784879
158538,99.01643203634919
158589,95.87354343457956
158640,41.138166229480674
158691,79.90412772808733
158742,59.58932560758513
158793,79.99302671492747
158844,93.531171603436
158895,72.5927562054634
158946,99.01643203634919
158997,84.74259209594818
159048,99.01643203634919
159099,99.01643203634919
159150,99.01643203634919
159201,78.4286955128852
159252,99.01643203634919
159303,65.31965986032839
159354,99.01643203634919
159405,99.01643203634919
159456,93.18293381980651
159507,92.83653174052753
159558,59.82167340371659
159609,76.8274516338645
159660,55.226872524324506
159711,99.01643203634919
159762,94.79400113462786
159813,92.68588813827232
159864,82.8423177382458
159915,99.01643203634919
159966,34.60592352456723
160017,39.07502170288169
160068,99.01643203634919
160119,19.197477382362827
160170,83.71686068504187
160221,99.01643203634919
160272,79.36116772385074
160323,69.4258579090125
160374,99.01643203634919
160425,95.75839977443776
160476,99.01643203634919
160527,81.19653658493462
160578,79.16629955224263
160629,46.141155429132716
160680,99.01643203634919
160731,78.81699336429462
160782,99.01643203634919
160833,82.844720997421
160884,99.01643203634919
160935,85.04551648089851
160986,99.01643203634919
161037,99.01643203634919
161088,87.12224641157707
161139,38.062297654502494
161190,59.424179534441464
161241,41.11432242212709
161292,99.01643203634919
161343,82.40256231353828
161394,99.01643203634919
161445,58.918297273604566
161496,76.95777052966663
161547,42.02036837012339
161598,28.660957997166683
161649,79.3282570011675
161700,65.4092871278347
161751,99.01643203634919
161802,10.045509308826835
161853,48.85469323233174
161904,38.441552327701345
161955,99.01643203634919
162006,99.01643203634919
162057,84.55692866037747
162108,99.01643203634919
162159,87.90548719425526
162210,99.01643203634919
162261,55.87761010607031
162312,23.313587853433912
162363,99.01643203634919
162414,99.01643203634919
162465,60.907249311480825
162516,99.01643203634919
162567,99.01643203634919
162618,99.01643203634919
162669,99.01643203634919
162720,89.57676589612478
162771,91.82945280916083
162822,99.01643203634919
162873,99.01643203634919
162924,82.77073411333548
162975,99.01643203634919
163026,71.01770206269389
163077,86.36555307185199
163128,99.01643203634919
163179,44.210166532940114
163230,40.53915496673588
163281,99.01643203634919
163332,92.56625941135555
163383,48.213243382342924
163434,55.95889269384275
163485,64.76883021005419
163536,70.293467899238
163587,55.1133994866919
163638,99.01643203634919
163689,99.01643203634919
163740,94.81382726312212
163791,99.01643203634919
163842,78.38916566202737
163893,22.566662111736992
163944,80.14008275275111
163995,48.77499223132166
164046,99.01643203634919
164097,89.58250636365423
164148,99.01643203634919
164199,50.041891045165876
164250,21.71701968148332
164301,91.58316601478892
164352,89.25539579836045
164403,99.01643203634919
164454,75.16839458953118
164505,99.01643203634919
164556,67.71483567700825
164607,99.01643203634919
164658,87.86105562576113
164709,28.610635472855613
164760,86.55840260125034
164811,83.87247193731321
164862,82.3634911467973
164913,99.01643203634919
164964,81.29451864064019
165015,87.67972388841866
165066,75.30844508759766
165117,99.01643203634919
165168,99.01643203634919
165219,41.87415783379677
165270,99.01643203634919
165321,44.02911661145319
165372,28.48122910959003
165423,65.05506678950108
165474,47.720505732285616
165525,99.01643203634919
165576,22.204149724172687
165627,84.85808589879771
165678,99.01643203634919
165729,33.7646415873699
165780,99.01643203634919
165831,68.18197355284656
165882,65.68562259201866
165933,54.42543313140904
165984,80.7542029705719
166035,71.06354250852269
166086,40.53789266684838
166137,53.187950086857185
166188,99.01643203634919
166239,65.06077686786942
166290,99.01643203634919
166341,56.02321627150197
166392,99.01643203634919
166443,94.13260305411195
166494,20.78017979768312
166545,61.3314420402123
166596,99.01643203634919
166647,76.79513371664507
166698,99.01643203634919
166749,93.91365797788283
166800,99.01643203634919
166851,99.01643203634919
166902,99.01643203634919
166953,71.61456266905525
167004,21.627243093580987
167055,89.8027471978565
167106,35.962835951112076
167157,50.784997353740025
167208,99.01643203634919
167259,43.985317981463204
167310,40.61258679776751
167361,69.99614730751205
167412,82.62867891858718
167463,87.19974528388816
167514,59.22137778264482
167565,50.64547375556892
167616,38.8683776984747
167667,53.38996449019979
167718,53.93759658976445
167769,99.01643203634919
167820,79.67676296010629
167871,94.10390302351816
167922,86.46492453122221
167973,59.65294124528329
168024,74.03638878520964
168075,44.01877590440087
168126,32.44281418649683
168177,86.90593321266618
168228,99.01643203634919
168279,37.990773242296484
168330,56.603269262038374
168381,89.35918783701314
168432,99.01643203634919
168483,54.377257723625426
168534,92.15515340173869
168585,91.7280728103523
168636,79.28914584794548
168687,67.53365166702955
168738,95.52017919740356
168789,99.01643203634919
168840,66.31050325143684
168891,52.280674412186656
168942,68.33627368426033
168993,55.304737339390336
169044,27.38171309227576
169095,84.46948777545401
169146,40.93021834766432
169197,54.65207340709952
169248,99.01643203634919
169299,99.01643203634919
169350,76.68293133295582
169401,64.44234924874401
169452,99.01643203634919
169503,89.06600226050442
169554,99.01643203634919
169605,57.28947695328519
169656,99.01643203634919
169707,86.62901726990633
169758,89.53345515083146
169809,48.06840236870012
169860,83.28549862851507
169911,98.29577058466828
169962,63.270304358168524
170013,56.24408074263932
170064,82.45952173657115
170115,94.3950583030232
170166,29.73998507366847
170217,99.01643203634919
170268,33.13808995838885
170319,99.01643203634919
170370,37.14927962891581
170421,99.01643203634919
170472,44.46212302276166
170523,37.23775453884509
170574,99.01643203634919
170625,43.64389286507978
170676,99.01643203634919
170727,87.70060204403191
170778,88.43157368950286
170829,99.01643203634919
170880,99.01643203634919
170931,99.01643203634919
170982,72.75480295466888
171033,49.49680422467112
171084,72.89238771065115
171135,95.06761845492457
171186,67.74955825297978
171237,99.01643203634919
171288,80.46626224463104
171339,86.47557035920498
171390,46.527212545706114
171441,99.01643203634919
171492,99.01643203634919
171543,80.32437798269197
171594,81.89102007219506
171645,99.01643203634919
171696,72.12392114860239
171747,99.01643203634919
171798,99.01643203634919
171849,78.06011530235682
171900,38.13421242089093
171951,36.772632956530536
172002,74.92709042618293
172053,96.17145833211052
172104,78.52683472224571
172155,27.857076582470828
172206,95.19328822922918
172257,79.69249191005802
172308,73.07420814582309
172359,92.17758339427657
172410,78.49396869940665
172461,91.53051189173988
172512,75.79489799534568
172563,84.13520194151984
172614,99.01643203634919
172665,99.01643203634919
172716,99.01643203634919
172767,58.15625294059633
172818,81.26730674293242
172869,99.01643203634919
172920,79.00709356560904
172971,99.01643203634919
173022,99.01643203634919
173073,67.0971944935003
173124,99.01643203634919
173175,99.01643203634919
173226,99.01643203634919
173277,99.01643203634919
173328,84.48548128644981
173379,67.79192282746432
173430,94.75496451131045
173481,99.01643203634919
173532,99.01643203634919
173583,64.83016929414555
173634,54.40186361860574
173685,99.01643203634919
173736,89.02743708323621
173787,99.01643203634919
173838,77.70976851919734
173889,39.14876900445362
173940,99.01643203634919
173991,99.01643203634919
174042,99.01643203634919
174093,87.49809861133797
174144,99.01643203634919
174195,99.01643203634919
174246,99.01643203634919
174297,93.10735981357422
174348,92.26476765076787
174399,76.13780859368973
174450,82.96086790318348
174501,15.367538733002204
174552,71.03899223648698
174603,99.01643203634919
174654,99.01643203634919
174705,99.01643203634919
174756,86.05471265924255
174807,99.01643203634919
174858,99.01643203634919
174909,99.01643203634919
174960,90.1664067516364
175011,81.5237094429216
175062,99.01643203634919
175113,99.01643203634919
175164,92.19644663086522
175215,80.20061789193734
175266,64.63064555775681
175317,47.065971716292516
175368,86.3766617404013
175419,83.83380871459494
175470,89.91419254154329
175521,83.79320278447832
175572,52.97133058453774
175623,99.01643203634919
175674,99.01643203634919
175725,99.01643203634919
175776,99.01643203634919
175827,99.01643203634919
175878,45.61520423912817
175929,99.01643203634919
175980,88.44990281685747
176031,99.01643203634919
176082,99.01643203634919
176133,75.05216999588083
176184,33.49733196772497
176235,82.80121846454249
176286,75.96394709613953
176337,47.798171417706364
176388,99.01643203634919
176439,26.75375971001903
176490,78.81234257601997
176541,99.01643203634919
176592,52.56657939403378
176643,78.01605489845163
176694,93.03509823474883
176745,99.01643203634919
176796,45.15254483798942
176847,88.49664680958546
176898,29.408076143985173
176949,57.85862112850985
177000,56.51809501464623
177051,99.01643203634919
177102,97.150796979927
177153,63.884720704930864
177204,99.01643203634919
177255,69.38772549757596
177306,90.3294525870579
177357,99.01643203634919
177408,87.24961000095995
177459,99.01643203634919
177510,89.68227948722416
177561,99.01643203634919
177612,78.13511229986361
177663,88.02717828720967
177714,99.01643203634919
177765,38.98082378568014
177816,99.01643203634919
177867,73.4542866088822
177918,99.01643203634919
177969,94.8028558107011
178020,90.79168669370488
178071,39.63827821542128
178122,99.01643203634919
178173,99.01643203634919
178224,66.57774330037905
178275,99.01643203634919
178326,21.314024813359445
178377,76.34413994008023
178428,99.01643203634919
178479,85.92127767684022
178530,99.01643203634919
178581,66.29490912178191
178632,91.33409562251676
178683,99.01643203634919
178734,99.01643203634919
178785,99.01643203634919
178836,72.99806400003621
178887,99.01643203634919
178938,67.56517476350996
178989,33.645646378466694
179040,48.05804097368674
179091,99.01643203634919
179142,17.993394494577355
179193,99.01643203634919
179244,99.01643203634919
179295,18.576349454079164
179346,56.73640854525465
179397,99.01643203634919
179448,88.00023600681021
179499,33.42793794221662
179550,99.01643203634919
179601,77.993045874461
179652,59.880417326906894
179703,67.14811252598737
179754,44.997862807582244
179805,84.39727729462074
179856,67.93404766334632
179907,65.50605618159942
179958,99.01643203634919
180009,99.01643203634919
180060,99.01643203634919
180111,99.01643203634919
180162,99.01643203634919
180213,63.08106370230159
180264,59.50433390349915
180315,99.01643203634919
180366,99.01643203634919
180417,93.72404761417712
180468,87.42419138584548
180519,76.40349483779971
180570,92.57138494738481
180621,99.01643203634919
180672,47.35903138815802
180723,99.01643203634919
180774,41.38308384819461
180825,56.08808477752228
180876,86.72853868745005
180927,99.01643203634919
180978,91.25337823471216
181029,99.01643203634919
181080,74.00013726380374
181131,99.01643203634919
181182,99.01643203634919
181233,72.82571495401902
181284,99.01643203634919
181335,73.80974810125979
181386,99.01643203634919
181437,42.434965902232335
181488,80.18599792426465
181539,91.34352862131372
181590,66.31961676565426
181641,81.59043137853625
181692,92.77397090706188
181743,78.10243243607086
181794,79.96196688740906
181845,76.18252942307421
181896,47.15247801752629
181947,81.97372525572128
181998,99.01643203634919
182049,99.01643203634919
182100,48.46645823871473
182151,84.79057864507143
182202,99.01643203634919
182253,99.01643203634919
182304,81.51601673411673
182355,80.83041364980018
182406,44.126138064718745
182457,35.74787065388211
182508,45.810270890803714
182559,99.01643203634919
182610,43.730539259371255
182661,40.329711784223356
182712,99.01643203634919
182763,28.924864775737948
182814,91.43095924879395
182865,99.01643203634919
182916,99.01643203634919
182967,69.01760115342256
183018,89.87565521686497
183069,99.01643203634919
183120,99.01643203634919
183171,79.82634402820116
183222,80.76811784992259
183273,65.19571118186224
183324,74.85700897583646
183375,99.01643203634919
183426,69.21577537867608
183477,99.01643203634919
183528,92.6357211956967
183579,47.648638935302266
183630,99.01643203634919
183681,76.97800738148203
183732,23.83727619621453
183783,63.666897422068594
183834,56.19033175915642
183885,82.1468395155703
183936,93.63345146803518
183987,99.01643203634919
184038,99.01643203634919
184089,80.73685492240014
184140,39.1248974443697
184191,90.77050162488511
184242,99.01643203634919
184293,78.01439544294587
184344,71.52136538095444
184395,53.04282041182552
184446,99.01643203634919
184497,83.66659345363222
184548,48.53855699138586
184599,99.01643203634919
184650,99.01643203634919
184701,49.37008472440772
184752,74.2657772638714
184803,47.62767730904069
184854,99.01643203634919
184905,52.2865704822674
184956,22.639158350023344
185007,75.99887348330981
185058,73.98530746218839
185109,62.514958648090946
185160,99.01643203634919
185211,71.52990038223567
185262,63.93833469399942
185313,99.01643203634919
185364,71.51262754327534
185415,99.01643203634919
185466,99.01643203634919
185517,84.68506760386893
185568,65.34520166244948
185619,38.43727652505381
185670,68.20727077099302
185721,73.01902769768384
185772,92.37646448364444
185823,99.01643203634919
185874,22.0597204745188
185925,99.01643203634919
185976,84.47454687832331
186027,99.01643203634919
186078,99.01643203634919
186129,99.01643203634919
186180,72.67483036760588
186231,90.41840834770895
186282,34.7521777296586
186333,90.53730214265957
186384,99.01643203634919
186435,80.18250637136315
186486,61.04354316025861
186537,21.439454989208855
186588,99.01643203634919
186639,70.43242080690962
186690,42.02436941726894
186741,99.01643203634919
186792,99.01643203634919
186843,90.98928665707248
186894,59.32233010263955
186945,71.72429983170505
186996,90.12250925179816
187047,99.01643203634919
187098,76.2201238942756
187149,71.33490946004257
187200,56.28095255694311
187251,75.45799822056907
187302,90.46020693626998
187353,99.01643203634919
187404,52.374284724637974
187455,66.15259959980595
187506,94.84560480588223
187557,99.01643203634919
187608,99.01643203634919
187659,36.963317940516326
187710,72.45036945584062
187761,99.01643203634919
187812,44.860664389363144
187863,89.01188210658911
187914,58.773709677174246
187965,99.01643203634919
188016,99.01643203634919
188067,99.01643203634919
188118,73.89796039181942
188169,99.01643203634919
188220,99.01643203634919
188271,51.83578908252388
188322,99.01643203634919
188373,99.01643203634919
188424,90.59874833344831
188475,45.99777189879637
188526,99.01643203634919
188577,71.11783816319662
188628,72.18166109859845
188679,46.16653787534949
188730,99.01643203634919
188781,78.50645866815101
188832,75.97216251619047
188883,99.01643203634919
188934,99.01643203634919
188985,80.81084383413749
189036,79.9798647375578
189087,82.2525792371514
189138,68.14218276895588
189189,99.01643203634919
189240,93.73178242488581
189291,99.01643203634919
189342,99.01643203634919
189393,99.01643203634919
189444,99.01643203634919
189495,97.28715764014774
189546,25.63296100903896
189597,78.64842092310701
189648,89.43894555323644
189699,99.01643203634919
189750,77.45893342815098
189801,79.03913803274123
189852,94.20259842586667
189903,44.15493254384949
189954,86.11440109247324
190005,99.01643203634919
190056,90.10120083154365
190107,80.2634131641347
190158,99.01643203634919
190209,90.59294575518783
190260,80.18732707609831
190311,99.01643203634919
190362,78.55733497838631
190413,79.4660303560471
190464,84.2744729160378
190515,99.01643203634919
190566,79.68449081763696
190617,99.01643203634919
190668,99.01643203634919
190719,99.01643203634919
190770,65.23503662554364
190821,94.92271798847953
190872,99.01643203634919
190923,99.01643203634919
190974,81.53637688363041
191025,92.71710662233366
191076,88.05784048297453
191127,99.01643203634919
191178,99.01643203634919
191229,99.01643203634919
191280,99.01643203634919
191331,99.01643203634919
191382,99.01643203634919
191433,44.041484794991455
191484,81.8980522491274
191535,85.68010976105609
191586,92.94273571229063
191637,57.7649500233702
191688,83.69543772353207
191739,77.80910732313461
191790,55.145965171674774
191841,74.6056467999565
191892,99.01643203634919
191943,88.31385058791476
191994,65.27685624010843
192045,73.19958354366192
192096,99.01643203634919
192147,99.01643203634919
192198,52.012454186923335
192249,79.7778942313658
192300,99.01643203634919
192351,99.01643203634919
192402,85.23293127428445
192453,85.89086683138916
192504,99.01643203634919
192555,99.01643203634919
192606,99.01643203634919
192657,99.01643203634919
192708,96.47254430136378
192759,99.01643203634919
192810,22.90091759234334
192861,87.61225637729098
192912,81.41977919439053
192963,99.01643203634919
193014,39.04934796702367
193065,99.01643203634919
193116,51.26428664798819
193167,70.89825898183595
193218,69.66746818351768
193269,35.49861082848456
193320,99.01643203634919
193371,77.56967332197112
193422,99.01643203634919
193473,63.875728406740976
193524,99.01643203634919
193575,2.5496261696963356
193626,77.02687060502073
193677,99.01643203634919
193728,45.44966544860889
193779,28.457202940237188
193830,84.71052629962499
193881,93.45929383128644
193932,99.01643203634919
193983,99.01643203634919
194034,99.01643203634919
194085,28.14127952329786
194136,32.120244060670764
194187,93.13563270606365
194238,99.01643203634919
194289,89.89974047899668
194340,99.01643203634919
194391,85.10840127454212
194442,99.01643203634919
194493,49.91288172934991
194544,99.01643203634919
194595,99.01643203634919
194646,99.01643203634919
194697,99.01643203634919
194748,99.01643203634919
194799,41.13459507502105
194850,20.74480292373268
194901,40.08435863281024
194952,99.01643203634919
195003,42.23658754622992
195054,95.95771372553554
195105,99.01643203634919
195156,64.56960782809003
195207,36.39932900171058
195258,99.01643203634919
195309,99.01643203634919
195360,99.01643203634919
195411,78.81125498793718
195462,99.01643203634919
195513,99.01643203634919
195564,99.01643203634919
195615,94.39394170081883
195666,99.01643203634919
195717,99.01643203634919
195768,72.80973648180422
195819,39.33036084557286
195870,90.1777353543241
195921,99.01643203634919
195972,27.9223316900377
196023,43.26740598131449
196074,99.01643203634919
196125,76.98436021499789
196176,66.19229594426167
196227,99.01643203634919
196278,64.36307173205805
196329,99.01643203634919
196380,71.68988699986699
196431,38.05218270393204
196482,92.01849036823081
196533,99.01643203634919
196584,85.05426620740212
196635,71.91024882756496
196686,50.454935328748775
196737,99.01643203634919
196788,99.01643203634919
196839,60.57496008316152
196890,86.51581888986018
196941,99.01643203634919
196992,76.19468458782359
197043,99.01643203634919
197094,99.01643203634919
197145,68.3808731957264
197196,66.37369479105502
197247,70.12268434066895
197298,80.0513464538006
197349,99.01643203634919
197400,82.36492123084528
197451,62.97473280670803
197502,77.44784914249828
197553,74.13059269025239
197604,99.01643203634919
197655,76.89135068195155
197706,70.60517380713121
197757,99.01643203634919
197808,99.01643203634919
197859,99.01643203634919
197910,99.01643203634919
197961,99.01643203634919
198012,27.893459853216797
198063,93.33354697532377
198114,75.28837151110592
198165,99.01643203634919
198216,99.01643203634919
198267,77.09190212507106
198318,61.0035675985131
198369,99.01643203634919
198420,70.290025431847
198471,82.37272338576847
198522,80.78513894481061
198573,37.38214168394759
198624,82.78684405007364
198675,67.3125027613657
198726,99.01643203634919
198777,78.29449663952516
198828,92.68616014757754
198879,90.14126200323665
198930,81.30044694372074
198981,57.77607042869953
199032,99.01643203634919
199083,75.59754995437821
199134,61.13361345739768
199185,99.01643203634919
199236,82.43772509309731
199287,59.60600581568943
199338,99.01643203634919
199389,89.38659831702576
199440,43.623201045984736
199491,79.48297937615669
199542,99.01643203634919
199593,99.01643203634919
199644,74.90096189048091
199695,99.01643203634919
199746,99.01643203634919
199797,99.01643203634919
199848,99.01643203634919
199899,77.20105672694747
199950,89.06234222953248
200001,99.01643203634919
200052,57.181428937296786
200103,44.93436156099333
200154,99.01643203634919
200205,47.73880951117499
200256,99.01643203634919
200307,25.156455531524955
200358,50.53279746594792
200409,84.57392183366935
200460,99.01643203634919
200511,99.01643203634919
200562,87.47875629036677
200613,47.43488970219533
200664,99.01643203634919
200715,58.43545519436286
200766,99.01643203634919
200817,64.35157853436792
200868,70.82613996643337
200919,99.01643203634919
200970,44.12993782841914
201021,99.01643203634919
201072,69.42810719112707
201123,99.01643203634919
201174,69.51330894250317
201225,56.64596631226873
201276,99.01643203634919
201327,68.84019206452453
201378,47.006002992212
201429,53.76053830118736
201480,64.95433542228419
201531,99.01643203634919
201582,72.50413896548703
201633,84.41279163184474
201684,99.01643203634919
201735,89.3692086000731
201786,75.24674159294948
201837,99.01643203634919
201888,79.65443140022592
201939,70.47664218596692
201990,51.39762183482381
202041,99.01643203634919
202092,76.14331330768732
202143,99.01643203634919
202194,93.50863666909616
202245,77.95422533920666
202296,75.81481558345607
202347,87.71035601694588
202398,99.01643203634919
202449,73.54359725406093
202500,10.724568518825537
202551,82.95748812030993
202602,30.85658247289854
202653,40.88096868091976
202704,99.01643203634919
202755,99.01643203634919
202806,99.01643203634919
202857,75.87838325951222
202908,74.06804228789916
202959,99.01643203634919
203010,59.43527828499387
203061,99.01643203634919
203112,56.630533806798866
203163,99.01643203634919
203214,38.184612526383965
203265,55.90728449796339
203316,94.12979339081852
203367,46.42550889493969
203418,32.823904336542874
203469,99.01643203634919
203520,99.01643203634919
203571,99.01643203634919
203622,91.81246609084292
203673,99.01643203634919
203724,86.63187928683963
203775,99.01643203634919
203826,93.82934023788683
203877,36.63493510547079
203928,72.26759177670274
203979,99.01643203634919
204030,99.01643203634919
204081,99.01643203634919
204132,95.64743546018647
204183,81.58378789725039
204234,75.61668361260118
204285,99.01643203634919
204336,99.01643203634919
204387,56.66282474474181
204438,21.32177857348188
204489,36.33334631476127
204540,99.01643203634919
204591,32.99619355806216
204642,87.76179644374743
204693,77.01117120481611
204744,78.29660552408654
204795,94.29633245146823
204846,44.79320764870474
204897,55.94061276804225
204948,91.60949747199355
204999,99.01643203634919
205050,87.55997419547101
205101,99.01643203634919
205152,82.05690581205491
205203,99.01643203634919
205254,99.01643203634919
205305,90.21458683383604
205356,67.49170914476976
205407,99.01643203634919
205458,99.01643203634919
205509,45.110778884403985
205560,99.01643203634919
205611,70.53841135127155
205662,37.279628867223735
205713,77.36014375303176
205764,72.07334061091511
205815,79.34468646353388
205866,67.29455041193742
205917,22.088238532830662
205968,79.55500085189456
206019,52.127279883239176
206070,35.50696119133438
206121,53.63603583138156
206172,99.01643203634919
206223,38.53656720754558
206274,99.01643203634919
206325,33.30577997538114
206376,36.600751972356704
206427,99.01643203634919
206478,24.012757863533537
206529,44.03378237717883
206580,42.21354892200733
206631,70.61695838266962
206682,56.85302228392055
206733,99.01643203634919
206784,99.01643203634919
206835,89.9828512802646
206886,50.430862152829086
206937,99.01643203634919
206988,53.6846076014466
207039,86.75687659652773
207090,59.001011060460925
207141,68.92489547169949
207192,95.85603493292906
207243,99.01643203634919
207294,91.83173056799842
207345,99.01643203634919
207396,71.94858098304235
207447,82.38335433933155
207498,99.01643203634919
207549,84.17646678044568
207600,94.35063426693117
207651,90.93438337616193
207702,88.80377829785394
207753,75.985326618195
207804,77.70496353969943
207855,43.91998134643683
207906,94.99035938470463
207957,68.32738618383453
208008,44.160369503247196
208059,38.951677009281084
208110,99.01643203634919
208161,23.902961035114796
208212,91.36657529570633
208263,76.14701472932047
208314,64.85734566956174
208365,63.22501665871935
208416,36.431573751336146
208467,93.2611416957642
208518,34.60572367599851
208569,99.01643203634919
208620,54.675354955933976
208671,55.91092125403873
208722,52.262015175081835
208773,95.89597209890124
208824,41.00531946188639
208875,99.01643203634919
208926,76.311390945165
208977,99.01643203634919
209028,86.49338025411262
209079,99.01643203634919
209130,72.51056234222074
209181,79.00972430027845
209232,99.01643203634919
209283,99.01643203634919
209334,60.819689631989085
209385,79.03991962276226
209436,71.39414627136463
209487,81.95422349401221
209538,86.92135700607851
209589,43.641068495599505
209640,74.4092408015959
209691,99.01643203634919
209742,74.24773369393041
209793,67.45689908372297
209844,99.01643203634919
209895,86.18385476190966
209946,88.83660744503892
209997,67.87129984041657
210048,44.65995635022184
210099,99.01643203634919
210150,99.01643203634919
210201,41.00700277873838
210252,99.01643203634919
210303,99.01643203634919
210354,89.78032585049377
210405,93.6319249141888
210456,33.84899933209955
210507,99.01643203634919
210558,88.30143728483236
210609,99.01643203634919
210660,46.918552301231216
210711,99.01643203634919
210762,98.21383503772437
210813,94.42078127557419
210864,76.0679847500897
210915,99.01643203634919
210966,99.01643203634919
211017,67.9431504905072
211068,83.46530654137554
211119,99.01643203634919
211170,50.94307820729349
211221,99.01643203634919
211272,99.01643203634919
211323,99.01643203634919
211374,99.01643203634919
211425,99.01643203634919
211476,91.95657949178809
211527,99.01643203634919
211578,89.92035097671682
211629,21.63215587301213
211680,93.81646913231086
211731,71.43583501111303
211782,99.01643203634919
211833,99.01643203634919
211884,99.01643203634919
211935,85.6242716582762
211986,99.01643203634919
212037,68.81112436146375
212088,68.80726756362871
212139,99.01643203634919
212190,99.01643203634919
212241,42.79794409087041
212292,99.01643203634919
212343,86.95578158000458
212394,64.90875535344273
212445,99.01643203634919
212496,99.01643203634919
212547,99.01643203634919
212598,80.76685125904982
212649,14.933079128971194
212700,99.01643203634919
212751,86.64135687108228
212802,99.01643203634919
212853,96.2725856557206
212904,99.01643203634919
212955,41.68889484542629
213006,99.01643203634919
213057,77.54860789843727
213108,60.76701654872533
213159,59.35831441040025
213210,86.5695549410757
213261,99.01643203634919
213312,79.97703973965251
213363,99.01643203634919
213414,99.01643203634919
213465,81.39019736697044
213516,37.74289554006733
213567,80.91438768396488
213618,99.01643203634919
213669,77.58817321323036
213720,99.01643203634919
213771,99.01643203634919
213822,99.01643203634919
213873,91.7728600173498
213924,99.01643203634919
213975,99.01643203634919
214026,73.36529664321154
214077,99.01643203634919
214128,99.01643203634919
214179,99.01643203634919
214230,82.61185567743341
214281,99.01643203634919
214332,38.183645660416914
214383,50.67341070134831
214434,99.01643203634919
214485,84.8312403003175
214536,82.38502035417005
214587,99.01643203634919
214638,88.57255233254388
214689,41.6996894921202
214740,99.01643203634919
214791,99.01643203634919
214842,77.86268815414512
214893,99.01643203634919
214944,91.88783595059117
214995,99.01643203634919
215046,76.5032595793485
215097,73.7543470248934
215148,64.22721928630308
215199,78.5620164257169
215250,79.17119317671376
215301,50.21177774170136
215352,57.64244012648033
215403,99.01643203634919
215454,99.01643203634919
215505,99.01643203634919
215556,79.11694583384634
215607,99.01643203634919
215658,38.63311900279715
215709,72.84933747371662
215760,99.01643203634919
215811,99.01643203634919
215862,78.12425832785817
215913,60.67119123161176
215964,99.01643203634919
216015,62.2277104307526
216066,93.10822356280441
216117,78.91295425734855
216168,72.16837911129493
216219,78.58876068662514
216270,99.01643203634919
216321,60.65996868232267
216372,67.27626126574036
216423,99.01643203634919
216474,99.01643203634919
216525,80.82272201430172
216576,99.01643203634919
216627,99.01643203634919
216678,99.01643203634919
216729,99.01643203634919
216780,76.43777013384474
216831,63.73349041339596
216882,99.01643203634919
216933,32.33322614345042
216984,76.07526232978203
217035,84.96263315857158
217086,99.01643203634919
217137,99.01643203634919
217188,44.395053177004726
217239,58.87635457540298
217290,37.190684726950515
217341,70.68218751413376
217392,63.213241039196056
217443,49.50790148787873
217494,86.83231068729951
217545,82.54994040228742
217596,83.81789579463647
217647,52.498946754663244
217698,99.01643203634919
217749,91.79179355828123
217800,95.42723057307327
217851,35.44128669842203
217902,99.01643203634919
217953,99.01643203634919
218004,99.01643203634919
218055,67.1853140563461
218106,71.33616006521562
218157,27.52006279627748
218208,85.12444186151578
218259,69.00263418746673
218310,84.82885557310837
218361,77.51354924981648
218412,43.61891409401333
218463,99.01643203634919
218514,94.04843653501925
218565,69.72809781223128
218616,21.63940452045066
218667,92.8358244517363
218718,71.52412912126677
218769,37.349951993082776
218820,22.54051153786894
218871,90.12775341486362
218922,39.253052731833534
218973,84.1715775008142
219024,84.53854842074554
219075,99.01643203634919
219126,51.40386728632663
219177,35.07870136903869
219228,99.01643203634919
219279,70.22283752301841
219330,84.55218403775098
219381,92.20487538633563
219432,99.01643203634919
219483,99.01643203634919
219534,89.19327884628575
219585,99.01643203634919
219636,84.25686756123476
219687,52.79712772945033
219738,99.01643203634919
219789,99.01643203634919
219840,63.859786385569954
219891,99.01643203634919
219942,99.01643203634919
219993,99.01643203634919
220044,99.01643203634919
220095,64.01688252259652
220146,63.46220854558262
220197,80.91436157238694
220248,68.67840526494066
220299,32.595932157975994
220350,99.01643203634919
220401,99.01643203634919
220452,99.01643203634919
220503,99.01643203634919
220554,75.62857872761938
220605,53.27649121928804
220656,54.71965562821951
220707,59.17008719404732
220758,84.62768333895907
220809,99.01643203634919
220860,90.18283747257784
220911,99.01643203634919
220962,71.88694252566054
221013,99.01643203634919
221064,65.72029685156076
221115,99.01643203634919
221166,87.4091530482024
221217,80.85879138969668
221268,90.28708756857591
221319,99.01643203634919
221370,76.9018395691983
221421,62.637161696641606
221472,74.58189094930025
221523,99.01643203634919
221574,54.158201180589465
221625,99.01643203634919
221676,90.48911404402983
221727,71.51530417824578
221778,46.932260089995424
221829,99.01643203634919
221880,48.460231289989146
221931,93.54373256564362
221982,64.92017685458725
222033,92.13150714503351
222084,78.41554565631154
222135,55.13013486322123
222186,99.01643203634919
222237,99.01643203634919
222288,92.99952439488814
222339,99.01643203634919
222390,54.02521127438646
222441,31.592906174778427
222492,83.70590175293113
222543,86.11979150248331
222594,99.01643203634919
222645,60.30048702679789
222696,78.12318600090174
222747,76.10697592796119
222798,99.01643203634919
222849,99.01643203634919
222900,34.34782846650767
222951,99.01643203634919
223002,99.01643203634919
223053,90.00445052354156
223104,99.01643203634919
223155,75.75195937478011
223206,64.96342627408127
223257,99.01643203634919
223308,63.747897030833286
223359,91.39583755910967
223410,68.01413146769006
223461,99.01643203634919
223512,99.01643203634919
223563,99.01643203634919
223614,99.01643203634919
223665,75.78237858229231
223716,99.01643203634919
223767,35.23937867642331
223818,95.17327332834361
223869,99.01643203634919
223920,25.609436296795693
223971,75.68340533081307
224022,70.37830698959262
224073,99.01643203634919
224124,84.13974218299307
224175,97.95530011551635
224226,99.01643203634919
224277,99.01643203634919
224328,99.01643203634919
224379,90.36751739648108
224430,99.01643203634919
224481,16.94822806447602
224532,99.01643203634919
224583,83.45631842186636
224634,79.45803316570012
224685,91.70416437129794
224736,64.39912733174468
224787,18.191905944805722
224838,78.24328741021385
224889,32.04914535169562
224940,78.86326828620676
224991,45.40627818321022
225042,11.282968261813735
225093,55.851546055560426
225144,32.706719400281855
225195,69.87400396476967
225246,99.01643203634919
225297,99.01643203634919
225348,77.80675464616917
225399,94.02737573262397
225450,99.01643203634919
225501,99.01643203634919
225552,99.01643203634919
225603,55.56373580880617
225654,41.85799175850383
225705,83.03584072811283
225756,79.40241366145494
225807,29.460906330927347
225858,62.24394145767805
225909,99.01643203634919
225960,61.7192139314536
226011,16.307412517215347
226062,36.9726626394459
226113,32.63042521042684
226164,99.01643203634919
226215,64.10239659478752
226266,78.55775374674151
226317,40.53229898855845
226368,99.01643203634919
226419,44.61906432351812
226470,74.06961945694822
226521,84.74360733284401
226572,88.10534841173369
226623,39.52868883949943
226674,90.40296800061977
226725,68.50346279193977
226776,99.01643203634919
226827,91.60524171302734
226878,78.51987747527367
226929,39.268156361306374
226980,47.71635165980936
227031,99.01643203634919
227082,79.58123289929222
227133,99.01643203634919
227184,99.01643203634919
227235,68.31104226197372
227286,39.49391702686951
227337,65.07707980077873
227388,99.01643203634919
227439,66.76854944794538
227490,86.90132664022363
227541,99.01643203634919
227592,99.01643203634919
227643,99.01643203634919
227694,99.01643203634919
227745,59.8990880623972
227796,99.01643203634919
227847,34.060707538123154
227898,99.01643203634919
227949,99.01643203634919
228000,48.836218830032024
228051,99.01643203634919
228102,81.92187839122033
228153,42.318250600321065
228204,99.01643203634919
228255,74.8514197199135
228306,69.98452034002096
228357,92.48369663766867
228408,99.01643203634919
228459,92.04601762889916
228510,99.01643203634919
228561,95.1235839787123
228612,36.65602376724765
228663,80.04733916321075
228714,99.01643203634919
228765,67.32653428751216
228816,99.01643203634919
228867,30.700693296622855
228918,70.50703759839395
228969,99.01643203634919
229020,8.288595316648273
229071,47.98581364807699
229122,68.65124244056575
229173,41.30673273690632
229224,23.97253445978225
229275,99.01643203634919
229326,64.86945040496256
229377,37.97527452448086
229428,99.01643203634919
229479,88.56814483910648
229530,99.01643203634919
229581,49.57924870969412
229632,99.01643203634919
229683,99.01643203634919
229734,43.00285430696401
229785,26.203251606288042
229836,99.01643203634919
229887,93.40231958502058
229938,81.56419622481823
229989,99.01643203634919
230040,58.70871572790918
230091,16.743890248296474
230142,77.85976652737148
230193,99.01643203634919
230244,57.75234076929546
230295,99.01643203634919
230346,55.07741755743881
230397,92.22858678183158
230448,99.01643203634919
230499,78.27607474695166
230550,67.36006895212286
230601,86.66636182527583
230652,99.01643203634919
230703,99.01643203634919
230754,99.01643203634919
230805,82.23249881541206
230856,86.08920135343422
230907,99.01643203634919
230958,65.86409684384977
231009,69.0082511724375
231060,99.01643203634919
231111,85.22406417569692
231162,91.41553568338944
231213,61.10350524576924
231264,99.01643203634919
231315,73.77523955927435
231366,82.53354385568494
231417,46.92949221773168
231468,99.01643203634919
231519,67.8137571665838
231570,80.86825557215063
231621,76.63424272961062
231672,99.01643203634919
231723,99.01643203634919
231774,84.65276046743381
231825,99.01643203634919
231876,99.01643203634919
231927,86.59655596227128
231978,99.01643203634919
232029,95.53927735792017
232080,99.01643203634919
232131,60.09317704079237
232182,99.01643203634919
232233,99.01643203634919
232284,93.85996209747643
232335,76.40303098479033
232386,99.01643203634919
232437,99.01643203634919
232488,26.299528523836692
232539,99.01643203634919
232590,99.01643203634919
232641,96.11331976477936
232692,74.42116141265282
232743,99.01643203634919
232794,92.58246423975714
232845,99.01643203634919
232896,50.22386622371408
232947,33.64183254485692
232998,99.01643203634919
233049,99.01643203634919
233100,99.01643203634919
233151,70.49446240296193
233202,99.01643203634919
233253,28.164540403947488
233304,99.01643203634919
233355,62.09779783823975
233406,99.01643203634919
233457,99.01643203634919
233508,55.44103480318782
233559,65.73121207143319
233610,99.01643203634919
233661,99.01643203634919
233712,92.81152753444675
233763,92.00885812722906
233814,40.566689695275144
233865,77.85607911005518
233916,15.506276872520912
233967,59.89544686138228
234018,99.01643203634919
234069,73.03656728233331
234120,99.01643203634919
234171,97.32181686423988
234222,74.84429886873504
234273,99.01643203634919
234324,79.91739409600697
234375,84.7101431333552
234426,99.01643203634919
234477,31.141881769143556
234528,92.22497268689212
234579,99.01643203634919
234630,99.01643203634919
234681,63.26537583662859
234732,70.85394550587259
234783,93.43249737299746
234834,44.307350911996
234885,99.01643203634919
234936,91.18791805461615
234987,99.01643203634919
235038,97.23166993188343
235089,52.01025083030009
235140,93.5870627144556
235191,99.01643203634919
235242,99.01643203634919
235293,92.0854068917758
235344,99.01643203634919
235395,92.02679714772631
235446,99.01643203634919
235497,99.01643203634919
235548,87.87678846193637
235599,23.34060287620896
235650,99.01643203634919
235701,77.96736966174777
235752,99.01643203634919
235803,89.82764650989944
235854,87.32611652352219
235905,78.46166417256353
235956,84.14442909048527
236007,92.77721990453217
236058,99.01643203634919
236109,96.72240847152747
236160,74.62725717303805
236211,99.01643203634919
236262,91.99931267770364
236313,99.01643203634919
236364,67.9025693527314
236415,78.88559047333543
236466,99.01643203634919
236517,50.53292610343725
236568,88.94324803344857
236619,75.36032401292309
236670,99.01643203634919
236721,99.01643203634919
236772,30.9641701430646
236823,77.93719021216796
236874,12.255909309113788
236925,90.41930186448609
236976,99.01643203634919
237027,55.54047276490702
237078,76.45798404710241
237129,87.35443413432135
237180,99.01643203634919
237231,99.01643203634919
237282,77.38127830574432
237333,99.01643203634919
237384,99.01643203634919
237435,54.593459187244946
237486,66.8557660796589
237537,73.20099074630603
237588,37.10112336779577
237639,58.80995455595582
237690,76.33399677126202
237741,90.06531355646305
237792,49.18297711189368
237843,42.98510542363416
237894,99.01643203634919
237945,99.01643203634919
237996,99.01643203634919
238047,99.01643203634919
238098,99.01643203634919
238149,16.30685135392448
238200,22.465848355137606
238251,99.01643203634919
238302,87.65615574505267
238353,88.01550379307827
238404,69.14533060048312
238455,84.15063349562357
238506,79.2446951044722
238557,99.01643203634919
238608,59.54230990307273
238659,99.01643203634919
238710,99.01643203634919
238761,99.01643203634919
238812,82.00605816985939
238863,99.01643203634919
238914,99.01643203634919
238965,65.41448702177883
239016,93.11938789570979
239067,92.7163863642267
239118,40.2645175638438
239169,41.20533298622544
239220,99.01643203634919
239271,85.62512586974083
239322,99.01643203634919
239373,88.13215130066149
239424,23.30696174764712
239475,99.01643203634919
239526,87.2627277326005
239577,86.50499712171188
239628,43.038581242329926
239679,72.2787332340408
239730,77.74323561800526
239781,68.78105328453282
239832,37.193749806815724
239883,62.19720318813065
239934,99.01643203634919
239985,99.01643203634919
240036,86.36205309543126
240087,74.92170612656632
240138,32.71599969247889
240189,79.2095569804186
240240,99.01643203634919
240291,99.01643203634919
240342,52.54758562539965
240393,45.781858524106184
240444,99.01643203634919
240495,64.58773196350506
240546,99.01643203634919
240597,53.30601665603899
240648,64.35350771188193
240699,34.220633729631544
240750,99.01643203634919
240801,99.01643203634919
240852,41.798678339089044
240903,46.68961413383763
240954,55.15931824841373
241005,50.73125153544307
241056,99.01643203634919
241107,80.68964468227544
241158,99.01643203634919
241209,99.01643203634919
241260,72.86261941768373
241311,99.01643203634919
241362,99.01643203634919
241413,87.58793308145925
241464,49.83108984249657
241515,73.43859308491267
241566,35.07144564983161
241617,31.918462234057287
241668,99.01643203634919
241719,91.32521794847608
241770,51.491155005610715
241821,74.5033614843769
241872,99.01643203634919
241923,99.01643203634919
241974,99.01643203634919
242025,81.53421582684499
242076,84.30883905325125
242127,99.01643203634919
242178,99.01643203634919
242229,99.01643203634919
242280,99.01643203634919
242331,99.01643203634919
242382,71.35677830312488
242433,99.01643203634919
242484,85.3255270284979
242535,84.49549560796612
242586,99.01643203634919
242637,79.31079501250018
242688,99.01643203634919
242739,94.7616877855371
242790,34.6129304456325
242841,22.285354718644147
242892,99.01643203634919
242943,99.01643203634919
242994,64.11951994872477
243045,90.75217755497579
243096,81.47274892543663
243147,96.73410835950438
243198,99.01643203634919
243249,99.01643203634919
243300,78.08399173755636
243351,99.01643203634919
243402,40.81805050977739
243453,62.837970415785044
243504,99.01643203634919
243555,99.01643203634919
243606,99.01643203634919
243657,91.04631373120068
243708,99.01643203634919
243759,41.03652704745612
243810,99.01643203634919
243861,42.994295773873745
243912,64.95886828382424
243963,78.06102473565419
244014,72.20798151064703
244065,65.37484010758114
244116,99.01643203634919
244167,99.01643203634919
244218,99.01643203634919
244269,72.3662293010582
244320,99.01643203634919
244371,99.01643203634919
244422,89.09474616150106
244473,72.64321141363389
244524,99.01643203634919
244575,54.62690561135993
244626,99.01643203634919
244677,63.354760088656036
244728,99.01643203634919
244779,54.33689014280292
244830,50.3845270461234
244881,84.67750078458663
244932,99.01643203634919
244983,90.67922997941625
245034,99.01643203634919
245085,69.37077930766648
245136,99.01643203634919
245187,78.81883233653738
245238,42.55577139263774
245289,26.46291309705159
245340,87.07661769196088
245391,42.818394994175
245442,93.36739281763039
245493,99.01643203634919
245544,85.67109200773415
245595,96.45057419850589
245646,99.01643203634919
245697,99.01643203634919
245748,99.01643203634919
245799,68.84046792320612
245850,62.8793640573514
245901,74.93010928046462
245952,92.98587420519915
246003,99.01643203634919
246054,99.01643203634919
246105,99.01643203634919
246156,74.62495895968947
246207,82.85857722864961
246258,57.51314818050756
246309,23.552443714185095
246360,89.85490070495949
246411,86.80636724959878
246462,99.01643203634919
246513,73.42357081128884
246564,39.209826874645195
246615,99.01643203634919
246666,99.01643203634919
246717,99.01643203634919
246768,85.25016678740953
246819,80.34510316812275
246870,90.83661254201704
246921,99.01643203634919
246972,76.87125125238731
247023,99.01643203634919
247074,99.01643203634919
247125,48.6380700132207
247176,32.7884891965635
247227,99.01643203634919
247278,99.01643203634919
247329,65.52332996399487
247380,61.068172856055
247431,56.217420179955056
247482,89.99286823923451
247533,46.95248585547423
247584,85.47018539382688
247635,99.01643203634919
247686,75.8820861520293
247737,43.870406215503806
247788,54.019477405213046
247839,31.27889373833683
247890,86.75103831225385
247941,96.51206294106375
247992,30.840660882455218
248043,99.01643203634919
248094,99.01643203634919
248145,54.80261647409511
248196,99.01643203634919
248247,77.3488443893638
248298,51.891092206837
248349,86.4392276619252
248400,43.12122968776935
248451,54.15646760822039
248502,32.52455960203336
248553,58.7489011247465
248604,90.944976640067
248655,85.80195664426421
248706,99.01643203634919
248757,99.01643203634919
248808,99.01643203634919
248859,99.01643203634919
248910,78.2605508907854
248961,57.71826374494886
249012,46.21077866742993
249063,74.31937831758067
249114,53.209308990282445
249165,90.77293948430237
249216,51.082755420984164
249267,99.01643203634919
249318,88.67994540926045
249369,93.06446719845599
249420,61.91503788262244
249471,95.26117283914287
249522,60.75740602842153
249573,99.01643203634919
249624,24.02562731740647
249675,79.88917807482727
249726,67.35696985099042
249777,99.01643203634919
249828,99.01643203634919
249879,99.01643203634919
249930,76.21516082036602
249981,30.89123952464898
250032,99.01643203634919
250083,99.01643203634919
250134,68.68348182614997
250185,99.01643203634919
250236,51.16360099857125
250287,57.32861026839309
250338,99.01643203634919
250389,99.01643203634919
250440,22.663925581300866
250491,52.7857502665875
250542,75.92984222254879
250593,99.01643203634919
250644,84.99806863526669
250695,54.25593844686832
250746,99.01643203634919
250797,99.01643203634919
250848,99.01643203634919
250899,64.30239676435842
250950,80.14234827314307
251001,27.1946355580234
251052,59.87226492006855
251103,48.1508414744902
251154,72.25991048979827
251205,95.18524329725395
251256,99.01643203634919
251307,49.97076989907153
251358,99.01643203634919
251409,99.01643203634919
251460,99.01643203634919
251511,89.90991996177792
251562,75.03459191678708
251613,99.01643203634919
251664,43.805811658055
251715,86.92076225424563
251766,94.25149648758847
251817,99.01643203634919
251868,75.22359878636703
251919,80.89369551730925
251970,65.74593182083291
252021,25.70257666978373
252072,99.01643203634919
252123,99.01643203634919
252174,99.01643203634919
252225,87.44215704931135
252276,99.01643203634919
252327,39.08907087746241
252378,24.43181379054245
252429,99.01643203634919
252480,66.8996651002907
252531,99.01643203634919
252582,99.01643203634919
252633,99.01643203634919
252684,80.84246087666413
252735,99.01643203634919
252786,99.01643203634919
252837,62.435584799117706
252888,99.01643203634919
252939,38.63438777451777
252990,46.7098995165157
253041,67.24017511687416
253092,99.01643203634919
253143,99.01643203634919
253194,36.0314672605544
253245,99.01643203634919
253296,15.946441482552675
253347,62.42293441112136
253398,22.879880132660272
253449,99.01643203634919
253500,85.8575852930704
253551,68.70618884085005
253602,82.73137754059633
253653,99.01643203634919
253704,99.01643203634919
253755,32.36167379674604
253806,99.01643203634919
253857,36.97069230138381
253908,99.01643203634919
253959,82.02271832854176
254010,99.01643203634919
254061,63.84023142604688
254112,99.01643203634919
254163,91.42420785993892
254214,99.01643203634919
254265,34.763869336002806
254316,99.01643203634919
254367,99.01643203634919
254418,83.99650717623302
254469,99.01643203634919
254520,54.36300838790767
254571,99.01643203634919
254622,46.6647340696278
254673,73.78236696575885
254724,61.68015957855684
254775,81.93867712929368
254826,99.01643203634919
254877,42.97240300892427
254928,73.51001486048078
254979,38.48783793075109
255030,83.27246452690807
255081,99.01643203634919
255132,99.01643203634919
255183,36.02383354325573
255234,44.435182864233816
255285,90.49937078000285
255336,66.37378606361675
255387,99.01643203634919
255438,54.546284630207765
255489,65.59338706031565
255540,67.73358887930597
255591,46.34309750749016
255642,93.72000304683036
255693,99.01643203634919
255744,78.57693519713412
255795,16.237626440075147
255846,83.79298352818763
255897,71.01414755632909
255948,99.01643203634919
255999,99.01643203634919
256050,99.01643203634919
256101,99.01643203634919
256152,99.01643203634919
256203,85.38185427487886
256254,87.31714962278338
256305,62.14529207769518
256356,32.45671871785864
256407,99.01643203634919
256458,99.01643203634919
256509,80.02650554507846
256560,99.01643203634919
256611,70.43501973885238
256662,90.07071328775103
256713,99.01643203634919
256764,38.100464323262386
256815,90.358286206629
256866,22.69429960673462
256917,93.75829342435756
256968,46.278902293019364
257019,73.81463671042361
257070,99.01643203634919
257121,81.33513290251248
257172,99.01643203634919
257223,75.17561146488983
257274,99.01643203634919
257325,93.28553268779022
257376,72.00603859709547
257427,78.72761716829592
257478,87.35598215885835
257529,79.67203338294244
257580,83.00971912704867
257631,99.01643203634919
257682,51.48667204535126
257733,71.09017160411132
257784,42.62427923022008
257835,92.91071874493412
257886,85.51013940126631
257937,99.01643203634919
257988,77.8750978919063
258039,99.01643203634919
258090,31.969211151973404
258141,99.01643203634919
258192,99.01643203634919
258243,99.01643203634919
258294,99.01643203634919
258345,99.01643203634919
258396,81.2613363470225
258447,44.03588020770452
258498,99.01643203634919
258549,99.01643203634919
258600,99.01643203634919
258651,59.31824159897831
258702,99.01643203634919
258753,99.01643203634919
258804,65.79784965090748
258855,76.06851711044368
258906,77.39689093256078
258957,56.79883267541719
259008,58.564451760317205
259059,99.01643203634919
259110,35.12404567892589
259161,73.37946338802585
259212,90.52623138256372
259263,51.026917747397725
259314,55.34367696872333
259365,30.165352151832217
259416,99.01643203634919
259467,58.282383360388835
259518,66.97565940819582
259569,99.01643203634919
259620,91.95815614478396
259671,82.3578923993545
259722,99.01643203634919
259773,55.35482451095494
259824,90.54901824915024
259875,99.01643203634919
259926,23.602332342812083
259977,99.01643203634919
260028,99.01643203634919
260079,84.52882264845371
260130,99.01643203634919
260181,99.01643203634919
260232,66.2228790528378
260283,92.48254491200228
260334,46.83740641606617
260385,66.66102043780738
260436,52.999365114480895
260487,88.26864981276361
260538,85.45738967646304
260589,99.01643203634919
260640,91.39114669334722
260691,99.01643203634919
260742,73.01569764223183
260793,74.83065870939686
260844,99.01643203634919
260895,82.3763846545435
260946,44.090433343707176
260997,91.10561208730145
261048,99.01643203634919
261099,99.01643203634919
261150,51.212342750803344
261201,93.56800102393811
261252,99.01643203634919
261303,70.95585511528888
261354,99.01643203634919
261405,99.01643203634919
261456,99.01643203634919
261507,95.46381488803488
261558,91.16503758336887
261609,27.81065192798836
261660,79.00364158658249
261711,92.55738874706557
261762,99.01643203634919
261813,84.69797658019097
261864,80.76375071477032
261915,34.08731013659988
261966,88.4951003115132
262017,76.25371847478112
262068,94.1152897940281
262119,99.01643203634919
262170,99.01643203634919
262221,70.73294248930655
262272,43.96050862825857
262323,99.01643203634919
262374,72.64155514262039
262425,74.14307295653546
262476,76.82152763786881
262527,45.722028816866086
262578,39.557490761394675
262629,44.85102129614841
262680,27.257459255869026
262731,92.25184561608722
262782,49.61625591980562
262833,53.54184879732942
262884,35.56053995123952
262935,99.01643203634919
262986,99.01643203634919
263037,56.60625324830364
263088,91.74455657887651
263139,43.19088524665794
263190,99.01643203634919
263241,99.01643203634919
263292,67.08523916800021
263343,49.626777886628005
263394,99.01643203634919
263445,74.35432204986536
263496,16.090212597881376
263547,99.01643203634919
263598,54.66353508549197
263649,24.722483715914837
263700,99.01643203634919
263751,88.34548596733491
263802,82.66690739005028
263853,54.67814679167943
263904,89.20384673294583
263955,84.22454347508261
264006,99.01643203634919
264057,99.01643203634919
264108,34.26186446079355
264159,99.01643203634919
264210,79.73549466966489
264261,80.30245965684857
264312,99.01643203634919
264363,60.625007345625
264414,64.62822078050057
264465,73.89733287655282
264516,60.95001871371462
264567,51.5236009634484
264618,99.01643203634919
264669,60.091927279205905
264720,92.66758925074252
264771,45.507924491600825
264822,99.01643203634919
264873,77.23006734425655
264924,69.04022459921963
264975,99.01643203634919
265026,99.01643203634919
265077,43.77854852893271
265128,84.48704264156252
265179,94.74941676559001
265230,58.098205743920595
265281,90.33316963377217
265332,74.31614470526132
265383,47.03093764744438
265434,99.01643203634919
265485,99.01643203634919
265536,80.19704694108529
265587,75.75250005531792
265638,76.07872987002743
265689,99.01643203634919
265740,93.46266223921187
265791,90.07291923816467
265842,99.01643203634919
265893,99.01643203634919
265944,88.43141597698592
265995,99.01643203634919
266046,56.101663732342125
266097,99.01643203634919
266148,99.01643203634919
266199,99.01643203634919
266250,80.79803618903556
266301,99.01643203634919
266352,30.64111988856239
266403,99.01643203634919
266454,59.3876368692093
266505,78.31840916139565
266556,90.03154228979841
266607,89.61130489605682
266658,99.01643203634919
266709,90.00461624006219
266760,99.01643203634919
266811,58.672322640521934
266862,82.15005984626983
266913,74.46883992398324
266964,61.70635666927282
267015,60.406501091754365
267066,99.01643203634919
267117,92.81032461716538
267168,77.35723941234968
267219,42.56133460743634
267270,94.05397892606648
267321,82.74245646290333
267372,99.01643203634919
267423,34.91009181352704
267474,99.01643203634919
267525,99.01643203634919
267576,99.01643203634919
267627,73.33574576595394
267678,99.01643203634919
267729,99.01643203634919
267780,99.01643203634919
267831,92.86869104853885
267882,74.73447788787156
267933,65.74024142329337
267984,41.32735017971737
268035,71.56074321578787
268086,39.60525110555546
268137,99.01643203634919
268188,40.46264773177114
268239,99.01643203634919
268290,99.01643203634919
268341,71.24639553368151
268392,34.43128941802841
268443,27.961567747184503
268494,64.78496178713567
268545,99.01643203634919
268596,99.01643203634919
268647,91.17471927349966
268698,82.8976065334753
268749,99.01643203634919
268800,79.35447062721006
268851,99.01643203634919
268902,99.01643203634919
268953,82.88923978606364
269004,99.01643203634919
269055,99.01643203634919
269106,99.01643203634919
269157,99.01643203634919
269208,99.01643203634919
269259,90.76291841927639
269310,65.32014858736073
269361,83.30167685767279
269412,68.39326758421875
269463,92.68587283833753
269514,99.01643203634919
269565,99.01643203634919
269616,99.01643203634919
269667,99.01643203634919
269718,99.01643203634919
269769,99.01643203634919
269820,77.15749221379735
269871,46.13621532792659
269922,65.00769037021506
269973,99.01643203634919
270024,99.01643203634919
270075,55.41202744387689
270126,90.6158002647426
270177,99.01643203634919
270228,99.01643203634919
270279,99.01643203634919
270330,99.01643203634919
270381,27.893656752555863
270432,99.01643203634919
270483,99.01643203634919
270534,99.01643203634919
270585,74.36132659128528
270636,44.39294724849153
270687,99.01643203634919
270738,43.05118940975663
270789,82.99735493950118
270840,83.17558313478176
270891,99.01643203634919
270942,99.01643203634919
270993,51.92248356049959
271044,27.288410170555466
271095,48.21673325230711
271146,99.01643203634919
271197,99.01643203634919
271248,99.01643203634919
271299,88.03099801177133
271350,55.33816305454717
271401,99.01643203634919
271452,78.8622653614219
271503,60.249913775766245
271554,26.399890451563156
271605,99.01643203634919
271656,99.01643203634919
271707,63.991534185516784
271758,79.70710531454768
271809,88.96417482801425
271860,70.92560552346887
271911,17.37638426910142
271962,55.24393132347202
272013,88.76633147949416
272064,99.01643203634919
272115,99.01643203634919
272166,99.01643203634919
272217,99.01643203634919
272268,25.862821474218492
272319,90.77105566103339
272370,50.34935074342766
272421,99.01643203634919
272472,16.02732089474662
272523,90.91242522759455
272574,50.68182338510101
272625,99.01643203634919
272676,73.17016192890507
272727,73.56530525384119
272778,99.01643203634919
272829,89.86234230901594
272880,89.26581271656276
272931,83.28218768733558
272982,88.70736252446706
273033,99.01643203634919
273084,43.81022779374772
273135,90.66350634718589
273186,90.3597239820248
273237,99.01643203634919
273288,62.90293568843158
273339,94.47290851503357
273390,99.01643203634919
273441,99.01643203634919
273492,48.621201762617716
273543,97.48819604195202
273594,49.0057184155045
273645,99.01643203634919
273696,55.03879589391944
273747,84.95703163449346
273798,89.32397820641081
273849,40.887519420432994
273900,99.01643203634919
273951,75.79603948337515
274002,53.49217678501435
274053,57.14411670592359
274104,91.77449231180563
274155,58.72378339385697
274206,90.87313263891899
274257,99.01643203634919
274308,37.95885369409121
274359,86.12838280017144
274410,68.89389707193068
274461,60.350760348390324
274512,87.50874058762572
274563,99.01643203634919
274614,47.605651854126116
274665,99.01643203634919
274716,93.1125825900344
274767,99.01643203634919
274818,31.595020277010892
274869,80.94221940852692
274920,91.19932423317029
274971,99.01643203634919
275022,99.01643203634919
275073,84.10228023469911
275124,57.31433074237716
275175,99.01643203634919
275226,85.32884585190946
275277,99.01643203634919
275328,71.53356656368135
275379,85.23146342939683
275430,99.01643203634919
275481,99.01643203634919
275532,99.01643203634919
275583,99.01643203634919
275634,59.90284307332757
275685,32.6943925674958
275736,66.82495814697383
275787,73.41498443959318
275838,99.01643203634919
275889,47.3133530976649
275940,92.30110036929032
275991,77.10258214133171
276042,28.527311630388873
276093,73.42188127008816
276144,47.77176867346128
276195,99.01643203634919
276246,99.01643203634919
276297,47.93103902663591
276348,85.79830452036994
276399,41.130702568882064
276450,58.22746670069192
276501,99.01643203634919
276552,88.85282614400697
276603,52.76393280528889
276654,53.37796321258309
276705,95.54999117056319
276756,99.01643203634919
276807,99.01643203634919
276858,99.01643203634919
276909,99.01643203634919
276960,67.56777251220728
277011,99.01643203634919
277062,86.25439832015527
277113,99.01643203634919
277164,7.912050856761734
277215,68.86464349086725
277266,85.98338139436483
277317,8.549659784415793
277368,91.03229726967383
277419,35.372160901708504
277470,34.25918740022232
277521,99.01643203634919
277572,91.02550965064782
277623,87.52911088199875
277674,99.01643203634919
277725,99.01643203634919
277776,99.01643203634919
277827,99.01643203634919
277878,77.21665339212372
277929,67.73807723884
277980,54.51748801638336
278031,49.90445133924752
278082,84.94640535388993
278133,89.28655267450397
278184,99.01643203634919
278235,35.067053516014035
278286,34.81883067959258
278337,99.01643203634919
278388,99.01643203634919
278439,99.01643203634919
278490,69.56228772085721
278541,23.098566223179407
278592,73.77703279227336
278643,77.01502715126914
278694,99.01643203634919
278745,39.49586296402268
278796,99.01643203634919
278847,92.9272187542241
278898,92.75863738437633
278949,99.01643203634919
279000,80.16418447029501
279051,99.01643203634919
279102,99.01643203634919
279153,93.7369982604156
279204,99.01643203634919
279255,48.86480455932695
279306,99.01643203634919
279357,99.01643203634919
279408,36.431222293365934
279459,45.28886362591847
279510,29.776117931648617
279561,99.01643203634919
279612,75.79374240388579
279663,93.19071835225712
279714,84.87503646190062
279765,82.06741844715826
279816,99.01643203634919
279867,32.42181430594391
279918,82.42325694403743
279969,80.75977168171025
280020,73.08936126435691
280071,90.57086604181927
280122,99.01643203634919
280173,99.01643203634919
280224,50.03165919838665
280275,88.50613860738844
280326,99.01643203634919
280377,65.08150774252108
280428,99.01643203634919
280479,74.26972991623255
280530,99.01643203634919
280581,99.01643203634919
280632,28.362016558287337
280683,51.649544473907454
280734,87.68155159008441
280785,67.8138562084152
280836,99.01643203634919
280887,99.01643203634919
280938,35.338823349976984
280989,74.40945492421994
281040,84.07411832481152
281091,99.01643203634919
281142,99.01643203634919
281193,79.1379718188647
281244,44.73796270891682
281295,99.01643203634919
281346,61.420145361398504
281397,96.52400806311198
281448,76.73225560958242
281499,99.01643203634919
281550,99.01643203634919
281601,99.01643203634919
281652,75.89987259778809
281703,48.27841658750156
281754,99.01643203634919
281805,60.97602852567138
281856,86.03982869936162
281907,57.10298659356648
281958,72.21651862494272
282009,74.21152780768351
282060,78.50599176932148
282111,99.01643203634919
282162,76.92880855209911
282213,99.01643203634919
282264,44.33353513085079
282315,48.03128182140425
282366,99.01643203634919
282417,95.69812660363702
282468,54.27689905731765
282519,80.72913006605368
282570,99.01643203634919
282621,99.01643203634919
282672,99.01643203634919
282723,64.3330604444899
282774,63.78338479860632
282825,14.687266947985016
282876,89.84839020305601
282927,99.01643203634919
282978,45.3326310729426
283029,68.81007878159147
283080,76.51193784828843
283131,75.37093747514102
283182,92.87084013027805
283233,99.01643203634919
283284,89.10572832636937
283335,59.55819421455052
283386,71.22298541549006
283437,99.01643203634919
283488,92.3426828415901
283539,61.47159755946056
283590,99.01643203634919
283641,75.20606650001648
283692,99.01643203634919
283743,91.72934748496331
283794,33.68071922467149
283845,99.01643203634919
283896,99.01643203634919
283947,78.4212426898506
283998,99.01643203634919
284049,35.109988138159935
284100,27.891723892035426
284151,89.91316678317641
284202,88.95125314239176
284253,57.375178780476844
284304,99.01643203634919
284355,63.537766224847296
284406,99.01643203634919
284457,73.37397907397326
284508,39.10800125504014
284559,57.69109099995373
284610,79.63058001243321
284661,99.01643203634919
284712,99.01643203634919
284763,99.01643203634919
284814,50.71190469781663
284865,15.677680151234282
284916,99.01643203634919
284967,99.01643203634919
285018,54.89633488240784
285069,99.01643203634919
285120,38.27201491894402
285171,88.21176165556182
285222,88.59069203086854
285273,80.97259775809358
285324,87.64552277400797
285375,72.6658527736307
285426,99.01643203634919
285477,85.51152408434727
285528,99.01643203634919
285579,99.01643203634919
285630,29.447376698625742
285681,81.73827198377306
285732,50.47291987993599
285783,99.01643203634919
285834,87.4482613879059
285885,99.01643203634919
285936,30.56914734286502
285987,99.01643203634919
286038,99.01643203634919
286089,90.33603978299712
286140,82.48757523981243
286191,99.01643203634919
286242,78.82954756354152
286293,99.01643203634919
286344,99.01643203634919
286395,72.71212093412696
286446,99.01643203634919
286497,99.01643203634919
286548,99.01643203634919
286599,99.01643203634919
286650,75.6378093992213
286701,71.20734470745967
286752,99.01643203634919
286803,99.01643203634919
286854,81.26209421531428
286905,99.01643203634919
286956,48.221313845851775
287007,92.08787625190239
287058,65.52004269170195
287109,99.01643203634919
287160,56.49226429946947
287211,77.87074195104358
287262,77.59032522788776
287313,99.01643203634919
287364,99.01643203634919
287415,59.73529134120658
287466,99.01643203634919
287517,99.01643203634919
287568,99.01643203634919
287619,70.48646934786532
287670,41.473865686588695
287721,99.01643203634919
287772,41.84132697059093
287823,95.5473299346304
287874,96.61514405930187
287925,92.00093527546778
287976,91.6578101088339
288027,69.96111879805152
288078,71.73886154211833
288129,99.01643203634919
288180,76.74209531272227
288231,78.63540224448164
288282,93.80514738066978
288333,83.89246641705479
288384,40.95861111451183
288435,99.01643203634919
288486,20.303826513927365
288537,45.15227279211049
288588,99.01643203634919
288639,99.01643203634919
288690,99.01643203634919
288741,92.11594455753979
288792,90.12925022230954
288843,99.01643203634919
288894,58.06228448091453
288945,75.47334328017924
288996,99.01643203634919
289047,89.25714067187582
289098,75.65034255571241
289149,99.01643203634919
289200,99.01643203634919
289251,99.01643203634919
289302,99.01643203634919
289353,99.01643203634919
289404,43.97911466424823
289455,72.46275509756472
289506,99.01643203634919
289557,44.99600658623021
289608,73.94859457265271
289659,99.01643203634919
289710,99.01643203634919
289761,86.27096708009437
289812,60.38167368534877
289863,46.004488840427285
289914,22.462605452458675
289965,99.01643203634919
290016,79.1904542099523
290067,80.59513051273619
290118,56.519636916653404
290169,99.01643203634919
290220,99.01643203634919
290271,23.134265262800465
290322,99.01643203634919
290373,15.539881631205176
290424,76.71434683730608
290475,99.01643203634919
290526,85.74878302006616
290577,99.01643203634919
290628,80.095540294761
290679,80.07865311065464
290730,44.70492886549432
290781,64.89541550616016
290832,22.892874601695915
290883,99.01643203634919
290934,88.51825117394068
290985,92.22847586488228
291036,60.41466930910397
291087,92.95152397732679
291138,99.01643203634919
291189,23.701672986056558
291240,33.45027229842297
291291,74.69299245000488
291342,37.931131272162816
291393,84.49219852862653
291444,99.01643203634919
291495,77.44609754515847
291546,59.48404720583755
291597,27.67136209680986
291648,99.01643203634919
291699,65.07897359492864
291750,99.01643203634919
291801,99.01643203634919
291852,76.53926921477182
291903,99.01643203634919
291954,71.67118599929951
292005,99.01643203634919
292056,99.01643203634919
292107,77.93981552998727
292158,38.38039965661138
292209,97.08974102525825
292260,99.01643203634919
292311,99.01643203634919
292362,79.26511358845424
292413,37.774633959924174
292464,52.45311471375087
292515,53.981307921075235
292566,89.69262519947713
292617,99.01643203634919
292668,86.34788272810148
292719,46.105220139377195
292770,43.34508131578729
292821,79.1721830563314
292872,99.01643203634919
292923,84.71773003553848
292974,17.924845443840354
293025,33.848937065366506
293076,67.61857993249407
293127,76.29747142596798
293178,99.01643203634919
293229,99.01643203634919
293280,99.01643203634919
293331,60.01334788270786
293382,99.01643203634919
293433,99.01643203634919
293484,84.91226825714583
293535,99.01643203634919
293586,86.79875177884118
293637,78.46411326957798
293688,10.928058203558438
293739,53.520421381948054
293790,97.3689320394902
293841,99.01643203634919
293892,99.01643203634919
293943,99.01643203634919
293994,51.818666330168966
294045,38.68057876176693
294096,99.01643203634919
294147,99.01643203634919
294198,99.01643203634919
294249,99.01643203634919
294300,81.30427992351663
294351,51.39766259284796
294402,99.01643203634919
294453,72.23784689442473
294504,59.596494573284346
294555,54.37685762052796
294606,89.2256414779306
294657,31.567265112222596
294708,99.01643203634919
294759,88.69116465498202
294810,88.77631122014199
294861,84.57541145431868
294912,73.84508192595648
294963,82.22009219993619
295014,69.24301946482952
295065,90.145556014553
295116,99.01643203634919
295167,94.10589652428696
295218,93.86670093011492
295269,99.01643203634919
295320,93.14956082906531
295371,17.49597137259179
295422,35.591343882941516
295473,40.61700169624109
295524,73.1674986497914
295575,99.01643203634919
295626,99.01643203634919
295677,91.07028343642015
295728,13.225563259670855
295779,71.42250070997139
295830,66.77532045280127
295881,80.5446524137739
295932,16.554525262589454
295983,46.877302139890006
296034,99.01643203634919
296085,99.01643203634919
296136,51.10083195660719
296187,99.01643203634919
296238,89.30616450616667
296289,99.01643203634919
296340,79.51946249072908
296391,72.18539156811968
296442,99.01643203634919
296493,40.32406905940235
296544,93.88859063479761
296595,87.94879645213699
296646,99.01643203634919
296697,99.01643203634919
296748,99.01643203634919
296799,99.01643203634919
296850,70.23303942729696
296901,99.01643203634919
296952,56.65072044003111
297003,49.45064322176033
297054,94.0937092449906
297105,99.01643203634919
297156,99.01643203634919
297207,99.01643203634919
297258,68.21636109017484
297309,70.24706730774759
297360,66.59060233871476
297411,70.89401751077447
297462,83.45267649742172
297513,95.7829556711674
297564,70.99429325964968
297615,99.01643203634919
297666,99.01643203634919
297717,99.01643203634919
297768,46.224866562645225
297819,82.01644894040973
297870,46.20370392557988
297921,99.01643203634919
297972,88.35364791677348
298023,74.80444483733189
298074,26.728429153449387
298125,86.1981034807569
298176,94.35119065917605
298227,98.62959207228164
298278,55.77830042724375
298329,99.01643203634919
298380,99.01643203634919
298431,88.42713276543957
298482,99.01643203634919
298533,95.39505247948412
298584,99.01643203634919
298635,80.66021566617536
298686,86.48413922298371
298737,33.79665219482274
298788,28.39281591178741
298839,88.10444729044748
298890,77.46221900858131
298941,72.19487034409684
298992,99.01643203634919
299043,99.01643203634919
299094,91.16496270891321
299145,99.01643203634919
299196,29.96314415785299
299247,77.57841059016933
299298,89.76747358558464
299349,67.84163958742604
299400,75.71372775474244
299451,99.01643203634919
299502,91.01658997688769
299553,76.49814778752096
299604,85.17273878849586
299655,76.30103998269507
299706,71.57539800050341
299757,91.03062059088714
299808,99.01643203634919
299859,89.67092780561478
299910,99.01643203634919
299961,99.01643203634919
300012,41.43682962255494
300063,90.08191723493442
300114,54.484130067588346
300165,50.276727755835594
300216,99.01643203634919
300267,91.27278232613317
300318,32.63356644374942
300369,81.3934539004761
300420,81.97271209888186
300471,92.93720688061262
300522,63.00291816402928
300573,76.344505903842
300624,99.01643203634919
300675,75.87684539440936
300726,97.06778614716626
300777,82.68267715182621
300828,76.2561576059943
300879,99.01643203634919
300930,94.8792404137139
300981,86.63861114708129
301032,91.17846472628634
301083,42.932375304876594
301134,99.01643203634919
301185,31.306851934320843
301236,81.96143766744039
301287,43.77345663599439
301338,42.65943956657604
301389,99.01643203634919
301440,99.01643203634919
301491,68.85484800204713
301542,99.01643203634919
301593,88.74401723944789
301644,99.01643203634919
301695,78.7193497840983
301746,99.01643203634919
301797,99.01643203634919
301848,99.01643203634919
301899,99.01643203634919
301950,99.01643203634919
302001,99.01643203634919
302052,99.01643203634919
302103,80.79727666004545
302154,93.87185463335553
302205,88.53165521393723
302256,45.995896402419305
302307,64.75491811913108
302358,36.74722029471487
302409,86.01159745560531
302460,91.70026476327914
302511,75.08687794572577
302562,75.98897552172663
302613,70.63038125029114
302664,55.24969731945251
302715,38.51769663114061
302766,31.637357284373227
302817,99.01643203634919
302868,64.53516803193908
302919,35.24608797710397
302970,38.678211131449764
303021,67.08395968159914
303072,77.4927109431721
303123,91.78422666463777
303174,99.01643203634919
303225,71.08640919205266
303276,52.79845197805787
303327,99.01643203634919
303378,99.01643203634919
303429,56.07061996417379
303480,99.01643203634919
303531,66.04614779417274
303582,48.039963430598924
303633,67.28669932346578
303684,99.01643203634919
303735,99.01643203634919
303786,22.480588836322987
303837,83.0995480492877
303888,99.01643203634919
303939,99.01643203634919
303990,87.02694745106845
304041,32.565829333805226
304092,99.01643203634919
304143,63.85381967029894
304194,99.01643203634919
304245,99.01643203634919
304296,88.22815150688153
304347,53.814150257511415
304398,57.96363528072719
304449,78.20231883448669
304500,99.01643203634919
304551,99.01643203634919
304602,99.01643203634919
304653,99.01643203634919
304704,70.87378919997678
304755,38.60950126706985
304806,51.08779254738836
304857,81.46063530955529
304908,82.94694491443158
304959,75.2835812229262
305010,63.96270871970652
305061,35.124520491472715
305112,50.16018835197576
305163,99.01643203634919
305214,99.01643203634919
305265,99.01643203634919
305316,28.76970912744398
305367,81.33096626052765
305418,99.01643203634919
305469,88.74289540161969
305520,29.24203437603097
305571,93.11823721506461
305622,99.01643203634919
305673,99.01643203634919
305724,32.81359384138058
305775,32.753161761223055
305826,99.01643203634919
305877,81.10914149842867
305928,62.67764603033102
305979,66.24078659749595
306030,99.01643203634919
306081,99.01643203634919
306132,99.01643203634919
306183,99.01643203634919
306234,82.6592724210233
306285,99.01643203634919
306336,79.44509805046967
306387,99.01643203634919
306438,50.48736330097503
306489,70.60003995046229
306540,69.24543118188757
306591,78.28709732992873
306642,75.99056376273045
306693,75.90194695311497
306744,99.01643203634919
306795,99.01643203634919
306846,99.01643203634919
306897,55.68776526131115
306948,67.13151846688346
306999,99.01643203634919
307050,74.30283921381037
307101,99.01643203634919
307152,99.01643203634919
307203,75.74082319322821
307254,38.541744978231044
307305,91.44044695770292
307356,60.18374731648507
307407,99.01643203634919
307458,75.15647245889821
307509,99.01643203634919
307560,23.08599949880634
307611,99.01643203634919
307662,43.27659051959052
307713,28.26638785769721
307764,84.23838228350226
307815,87.54719910963662
307866,89.8945303432068
307917,99.01643203634919
307968,91.79193876999692
308019,90.43949130377823
308070,50.81024751880199
308121,99.01643203634919
308172,99.01643203634919
308223,99.01643203634919
308274,70.7679695974328
308325,89.7161108182029
308376,50.91235879475459
308427,99.01643203634919
308478,99.01643203634919
308529,32.38645614891893
308580,83.98704841974822
308631,80.20456732572097
308682,41.70647446978463
308733,81.21628590198944
308784,99.01643203634919
308835,55.91968082615664
308886,94.78143239498775
308937,42.07394902325804
308988,99.01643203634919
309039,99.01643203634919
309090,83.68502488248689
309141,72.56188741769165
309192,41.757243386383365
309243,99.01643203634919
309294,69.52402888087703
309345,65.2896468950308
309396,38.60718912950949
309447,73.51643610810908
309498,73.04776721786992
309549,67.47825396404735
309600,88.72231697955063
309651,99.01643203634919
309702,65.10124084015484
309753,99.01643203634919
309804,84.9985636601486
309855,68.92925174464439
309906,99.01643203634919
309957,99.01643203634919
310008,93.91120904488885
310059,80.40975040700232
310110,91.85971957379684
310161,81.63944405547191
310212,84.07020355080888
310263,21.508287211435718
310314,70.05363517710427
310365,41.459622235519554
310416,43.73157090282065
310467,99.01643203634919
310518,76.22254375067251
310569,53.458766500658115
310620,76.92315060445304
310671,76.19456524790294
310722,93.38006303309847
310773,30.000383117045725
310824,99.01643203634919
310875,99.01643203634919
310926,99.01643203634919
310977,99.01643203634919
311028,99.01643203634919
311079,82.64913352967207
311130,84.43219205316498
311181,82.05448465163049
311232,99.01643203634919
311283,91.53296141325048
311334,92.7686727010997
311385,66.90604312629898
311436,39.99394016202346
311487,41.06793757503258
311538,52.71911220560995
311589,81.82989878522898
311640,56.318602381121984
311691,85.12988521158752
311742,82.25634310081873
311793,92.56546720291178
311844,86.03330054704864
311895,99.01643203634919
311946,53.55396906212925
311997,99.01643203634919
312048,81.44041549769929
312099,53.44123396187945
312150,94.74296439537737
312201,80.79493690610511
312252,99.01643203634919
312303,48.200907590922576
312354,83.89642198241687
312405,79.7651912809545
312456,50.37491175684925
312507,99.01643203634919
312558,99.01643203634919
312609,99.01643203634919
312660,88.93838945563937
312711,82.65153939096018
312762,94.09163656413257
312813,99.01643203634919
312864,99.01643203634919
312915,59.86804783041927
312966,76.78726997994531
313017,99.01643203634919
313068,91.26565331218922
313119,43.51097687208682
313170,83.66293310545043
313221,99.01643203634919
313272,15.209042179728307
313323,84.7103186798458
313374,65.31432543061415
313425,99.01643203634919
313476,32.96418068757496
313527,71.76552522263982
313578,99.01643203634919
313629,41.07451086284037
313680,72.38710020242814
313731,94.6619871165644
313782,91.52461769640405
313833,59.88710519968283
313884,93.64599408410916
313935,99.01643203634919
313986,85.58523949308635
314037,88.91629692677209
314088,99.01643203634919
314139,99.01643203634919
314190,99.01643203634919
314241,60.262290765396244
314292,57.039732648222895
314343,99.01643203634919
314394,19.65786309805308
314445,81.66533445513166
314496,55.557678072828644
314547,99.01643203634919
314598,18.53794001862899
314649,99.01643203634919
314700,99.01643203634919
314751,99.01643203634919
314802,89.45704461464655
314853,99.01643203634919
314904,42.79573033618584
314955,86.19973567316465
315006,80.6384836717223
315057,71.659519469955
315108,99.01643203634919
315159,99.01643203634919
315210,75.71149740337673
315261,99.01643203634919
315312,84.38885500142146
315363,99.01643203634919
315414,82.95879282869525
315465,99.01643203634919
315516,65.64387119579486
315567,99.01643203634919
315618,99.01643203634919
315669,87.74704033818153
315720,26.799429799186274
315771,20.053060874623533
315822,83.97694715537148
315873,91.74700017779453
315924,80.00091290985598
315975,54.73277916610736
316026,76.57351418875908
316077,99.01643203634919
316128,99.01643203634919
316179,99.01643203634919
316230,99.01643203634919
316281,94.79317375644568
316332,29.710272668998073
316383,72.88180556556262
316434,90.61605545925026
316485,99.01643203634919
316536,61.040289190702694
316587,70.42720901860561
316638,99.01643203634919
316689,99.01643203634919
316740,96.3059481757108
316791,99.01643203634919
316842,99.01643203634919
316893,99.01643203634919
316944,99.01643203634919
316995,91.6950405828227
317046,99.01643203634919
317097,99.01643203634919
317148,51.62208760882269
317199,99.01643203634919
317250,92.13278275494247
317301,99.01643203634919
317352,99.01643203634919
317403,73.12014226951251
317454,99.01643203634919
317505,99.01643203634919
317556,73.29108958523605
317607,99.01643203634919
317658,26.441192614275845
317709,39.88491713014714
317760,99.01643203634919
317811,99.01643203634919
317862,70.51556029181798
317913,89.5965784272828
317964,20.147072991525267
318015,61.39787542669847
318066,85.20058372556205
318117,89.3158235017985
318168,86.55445946774837
318219,99.01643203634919
318270,97.62836102480226
318321,37.934646473476484
318372,99.01643203634919
318423,99.01643203634919
318474,34.898579401551125
318525,99.01643203634919
318576,99.01643203634919
318627,99.01643203634919
318678,88.8027379418794
318729,99.01643203634919
318780,99.01643203634919
318831,47.18700835143505
318882,55.31712460854715
318933,99.01643203634919
318984,74.75944749824718
319035,12.593767730371585
319086,40.58930136814508
319137,99.01643203634919
319188,46.06436140341193
319239,72.24168824289498
319290,99.01643203634919
319341,90.45366042472858
319392,99.01643203634919
319443,63.782896451822204
319494,34.08199125610398
319545,99.01643203634919
319596,87.40232785962186
319647,60.07171232845339
319698,87.28638111791466
319749,68.98082607319452
319800,99.01643203634919
319851,61.09643493032333
319902,89.4205506821081
319953,99.01643203634919
320004,67.24909211488085
320055,89.79809699714727
320106,99.01643203634919
320157,99.01643203634919
320208,89.06793684918269
320259,91.78633861581518
320310,99.01643203634919
320361,41.42485731174425
320412,79.63789816673317
320463,99.01643203634919
320514,69.5092024621606
320565,99.01643203634919
320616,46.62056823266896
320667,60.26016993359711
320718,64.95704334339787
320769,99.01643203634919
320820,58.68188047159638
320871,99.01643203634919
320922,99.01643203634919
320973,31.028836484342463
321024,99.01643203634919
321075,99.01643203634919
321126,71.42019033868641
321177,99.01643203634919
321228,78.34131947668952
321279,55.19045107962565
321330,60.558351703694335
321381,18.587539331948708
321432,99.01643203634919
321483,41.11620770611936
321534,89.0549137482564
321585,99.01643203634919
321636,80.96189161462537
321687,99.01643203634919
321738,99.01643203634919
321789,99.01643203634919
321840,99.01643203634919
321891,90.20632603998267
321942,40.86162625928089
321993,90.33997410635666
322044,87.15972304416213
322095,99.01643203634919
322146,89.07312957948041
322197,33.53789433804131
322248,66.51256177542332
322299,34.289258071695734
322350,88.76140574354578
322401,75.60520879529838
322452,99.01643203634919
322503,92.67328031402236
322554,71.02627044802976
322605,99.01643203634919
322656,99.01643203634919
322707,42.41941041044941
322758,99.01643203634919
322809,43.82837559696082
322860,99.01643203634919
322911,44.43706876261408
322962,75.60110702358058
323013,37.19027762271487
323064,92.00030891015166
323115,36.324843020253304
323166,99.01643203634919
323217,65.47499499722332
323268,99.01643203634919
323319,69.39922720446897
323370,99.01643203634919
323421,76.63612956841952
323472,77.48057183737555
323523,83.83383191666228
323574,78.711953115775
323625,99.01643203634919
323676,77.60742781446137
323727,91.28991327597565
323778,86.39973877225603
323829,51.893838299132376
323880,74.69711523111974
323931,84.09506935305207
323982,92.32912802603204
324033,99.01643203634919
324084,99.01643203634919
324135,89.28681410359766
324186,99.01643203634919
324237,67.26884518816996
324288,78.30612283020987
324339,41.29027958254338
324390,46.70800681668698
324441,86.04239024266165
324492,99.01643203634919
324543,55.647047600481415
324594,99.01643203634919
324645,81.71915757650288
324696,99.01643203634919
324747,63.303254668984835
324798,99.01643203634919
324849,99.01643203634919
324900,82.80426532871613
324951,51.33517356415101
325002,37.11469413403653
325053,25.814801606979003
325104,71.89423959462115
325155,91.8278687123265
325206,83.55447002988332
325257,52.087668322639395
325308,99.01643203634919
325359,90.42156756577754
325410,38.570137784610516
325461,36.7950350878704
325512,51.06649910519829
325563,99.01643203634919
325614,99.01643203634919
325665,99.01643203634919
325716,70.56847158410568
325767,52.70431199749
325818,41.168674797285995
325869,99.01643203634919
325920,99.01643203634919
325971,85.94372524073843
326022,37.860291247719985
326073,91.12911638832517
326124,44.79038486526961
326175,72.97253024243193
326226,95.84516888399723
326277,99.01643203634919
326328,99.01643203634919
326379,99.01643203634919
326430,69.70809545287078
326481,46.25564357420737
326532,75.36364705097922
326583,50.09666357277838
326634,53.79512834699216
326685,99.01643203634919
326736,74.88937755414658
326787,65.06434188880999
326838,76.3203523193396
326889,88.80308546315612
326940,99.01643203634919
326991,82.69222049417777
327042,89.116832533908
327093,90.3838145661454
327144,75.51648356688501
327195,83.06585946384901
327246,99.01643203634919
327297,99.01643203634919
327348,33.29957573671076
327399,70.65792535973789
327450,89.05039865556412
327501,69.96249428544733
327552,99.01643203634919
327603,76.30103482886612
327654,83.35630728255406
327705,99.01643203634919
327756,99.01643203634919
327807,46.45749081382903
327858,41.065655873396075
327909,45.899660566290734
327960,76.44754870387786
328011,94.94907335378144
328062,84.8215401505284
328113,20.3812536032021
328164,81.5647724219021
328215,73.7889869438663
328266,73.08930059311663
328317,66.35963732312429
328368,77.28808536073052
328419,92.02030082612912
328470,7.5148019941078354
328521,99.01643203634919
328572,33.881916727156195
328623,91.89597638397521
328674,22.843209557829336
328725,58.70174164618015
328776,99.01643203634919
328827,76.36397523239089
328878,88.66236117148256
328929,91.98433131277064
328980,99.01643203634919
329031,99.01643203634919
329082,97.82144570326625
329133,99.01643203634919
329184,99.01643203634919
329235,77.28109995489831
329286,99.01643203634919
329337,83.10821304360655
329388,99.01643203634919
329439,47.72314978375545
329490,73.10853257204262
329541,92.49046645073689
329592,68.1098202446387
329643,99.01643203634919
329694,42.71610939934647
329745,88.15812332405778
329796,99.01643203634919
329847,51.47687372968421
329898,88.36258082566209
329949,99.01643203634919
330000,76.37139348797854
330051,99.01643203634919
330102,99.01643203634919
330153,46.426870399128774
330204,99.01643203634919
330255,65.08893165649984
330306,20.279104889420665
330357,36.300349142035216
330408,70.51609463244202
330459,99.01643203634919
330510,99.01643203634919
330561,99.01643203634919
330612,99.01643203634919
330663,53.235833676122844
330714,69.76243989077675
330765,84.12279357430924
330816,99.01643203634919
330867,88.88892084972589
330918,56.54156209159542
330969,77.00672794054182
331020,56.365007516934206
331071,65.71454821308508
331122,99.01643203634919
331173,90.69142994364711
331224,99.01643203634919
331275,99.01643203634919
331326,99.01643203634919
331377,95.15607282507236
331428,30.13950061551158
331479,99.01643203634919
331530,99.01643203634919
331581,44.426226886243626
331632,99.01643203634919
331683,43.06124580206464
331734,87.23458871535976
331785,85.71246270121276
331836,84.16624434548282
331887,77.54098440172116
331938,84.53478247879205
331989,75.11768331879503
332040,93.73152351164649
332091,13.344398827306264
332142,68.36817159381557
332193,54.62371228315996
332244,64.53447662009555
332295,99.01643203634919
332346,88.14811084064681
332397,89.08182644189827
332448,99.01643203634919
332499,91.60610956148741
332550,30.983950406407693
332601,84.05780477589363
332652,38.73864714350189
332703,99.01643203634919
332754,99.01643203634919
332805,90.73258341883648
332856,28.188622152340706
332907,79.00945457899913
332958,68.09722844114535
333009,99.01643203634919
333060,99.01643203634919
333111,87.94203196117267
333162,72.14362118375308
333213,99.01643203634919
333264,52.59479821442797
333315,99.01643203634919
333366,53.994346154131584
333417,99.01643203634919
333468,34.74425083416566
333519,99.01643203634919
333570,77.55987588788616
333621,46.61643159240996
333672,85.12844108642237
333723,77.69682829237819
333774,77.89862758110903
333825,99.01643203634919
333876,99.01643203634919
333927,44.126023720873704
333978,43.422817133364155
334029,19.479096982964865
334080,95.09544677067115
334131,75.9528566722147
334182,95.73153032820656
334233,88.84868821066677
334284,99.01643203634919
334335,91.82718512760094
334386,99.01643203634919
334437,99.01643203634919
334488,59.33170362867364
334539,92.19949462931922
334590,77.1097212337448
334641,40.78190317241241
334692,99.01643203634919
334743,84.9342960385937
334794,99.01643203634919
334845,45.47960758911003
334896,99.01643203634919
334947,81.007486151199
334998,99.01643203634919
335049,46.76601763090326
335100,99.01643203634919
335151,45.73444377302323
335202,99.01643203634919
335253,99.01643203634919
335304,17.95588691238841
335355,99.01643203634919
335406,99.01643203634919
335457,99.01643203634919
335508,87.07005721103643
335559,82.34502509406963
335610,99.01643203634919
335661,99.01643203634919
335712,84.88774774551004
335763,68.38472449894795
335814,32.05653244107253
335865,73.98501335785052
335916,60.19743075320836
335967,99.01643203634919
336018,86.90342335543292
336069,31.707918666126435
336120,84.56356493862918
336171,99.01643203634919
336222,65.94341349993056
336273,39.74463358099849
336324,99.01643203634919
336375,99.01643203634919
336426,68.91799166359272
336477,99.01643203634919
336528,85.08659715048644
336579,99.01643203634919
336630,99.01643203634919
336681,83.32181872393207
336732,99.01643203634919
336783,99.01643203634919
336834,54.70987109553631
336885,90.54307878882103
336936,99.01643203634919
336987,12.000601486362179
337038,48.870806739775546
337089,99.01643203634919
337140,68.51124595316388
337191,52.40351962927592
337242,84.51092840229532
337293,70.0198734351197
337344,99.01643203634919
337395,99.01643203634919
337446,99.01643203634919
337497,61.608493589589685
337548,99.01643203634919
337599,88.05862837021992
337650,92.54966293629639
337701,75.6243744519561
337752,53.01616777018091
337803,48.81655999181729
337854,80.50953060611266
337905,99.01643203634919
337956,40.65441138424357
338007,50.69856077713983
338058,99.01643203634919
338109,67.21498250594713
338160,47.931332322301344
338211,29.27711462295912
338262,99.01643203634919
338313,55.26641127650779
338364,70.44677040742732
338415,80.18463284753928
338466,99.01643203634919
338517,99.01643203634919
338568,99.01643203634919
338619,99.01643203634919
338670,50.732233658255716
338721,89.52006797555244
338772,99.01643203634919
338823,85.94682516198986
338874,96.51439873256068
338925,99.01643203634919
338976,99.01643203634919
339027,88.76018479583776
339078,99.01643203634919
339129,99.01643203634919
339180,27.635887745619417
339231,99.01643203634919
339282,99.01643203634919
339333,53.538412508136126
339384,37.74924179882931
339435,75.81826249967641
339486,94.5679096643506
339537,99.01643203634919
339588,45.446431936536236
339639,82.44141360402384
339690,75.68479559936539
339741,92.0737933273868
339792,81.47329097828593
339843,60.642684784813596
339894,99.01643203634919
339945,99.01643203634919
339996,99.01643203634919
340047,62.63220251431772
340098,99.01643203634919
340149,99.01643203634919
340200,46.71028733030251
340251,94.1744758187968
340302,50.09106878117382
340353,83.99488367472328
340404,39.53685264432094
340455,80.74442293949798
340506,58.57382270284068
340557,99.01643203634919
340608,66.90756543722306
340659,99.01643203634919
340710,19.696834502579645
340761,99.01643203634919
340812,8.248819320942268
340863,63.65640084036943
340914,60.79971849376508
340965,99.01643203634919
341016,50.2676141546845
341067,90.94206020215861
341118,99.01643203634919
341169,66.00673711458084
341220,82.77245725099903
341271,87.89691888840694
341322,74.70097612667509
341373,30.770362303636386
341424,99.01643203634919
341475,99.01643203634919
341526,78.28848095287616
341577,99.01643203634919
341628,78.93332285394474
341679,60.13818326734592
341730,92.16261667329442
341781,38.08499718149857
341832,91.52386793931726
341883,99.01643203634919
341934,99.01643203634919
341985,93.47021556436562
342036,83.05391603552398
342087,65.22115973762902
342138,99.01643203634919
342189,99.01643203634919
342240,84.31866139109623
342291,99.01643203634919
342342,59.10766982729964
342393,86.00449512424494
342444,55.90879888476782
342495,84.53953743196053
342546,78.83917443964799
342597,71.85390892655325
342648,99.01643203634919
342699,99.01643203634919
342750,99.01643203634919
342801,77.68665558186194
342852,92.82645046860817
342903,49.515679291171956
342954,84.07029857912839
343005,46.07303153245306
343056,75.39453661340674
343107,99.01643203634919
343158,99.01643203634919
343209,87.42364304146557
343260,85.02253793829674
343311,82.99830234964867
343362,99.01643203634919
343413,60.08522031167649
343464,99.01643203634919
343515,86.44910901294088
343566,64.00926808631473
343617,95.36915596960473
343668,63.440611164972964
343719,90.00132761205032
343770,76.73803743394974
343821,90.46288699083671
343872,99.01643203634919
343923,99.01643203634919
343974,99.01643203634919
344025,99.01643203634919
344076,99.01643203634919
344127,99.01643203634919
344178,99.01643203634919
344229,47.9237942466735
344280,57.6621133733654
344331,87.75430627764437
344382,26.701927450181714
344433,76.05276646608634
344484,52.24637843361327
344535,72.87697175732967
344586,80.30121665066672
344637,99.01643203634919
344688,83.09820395684181
344739,49.43837057378001
344790,72.05296888374222
344841,99.01643203634919
344892,78.09789373942557
344943,70.31776988322046
344994,99.01643203634919
345045,80.03237781269655
345096,80.08396694832133
345147,99.01643203634919
345198,58.166088681684286
345249,86.69790361735265
345300,48.58276265393433
345351,99.01643203634919
345402,68.95875302414959
345453,90.65015028257561
345504,99.01643203634919
345555,87.47388305165497
345606,99.01643203634919
345657,99.01643203634919
345708,59.81833317489792
345759,99.01643203634919
345810,77.91892936061522
345861,37.75622131610851
345912,99.01643203634919
345963,99.01643203634919
346014,81.09812694521597
346065,99.01643203634919
346116,26.332996106960504
346167,99.01643203634919
346218,99.01643203634919
346269,44.497453308440704
346320,53.41594127341421
346371,99.01643203634919
346422,45.66680029050066
346473,99.01643203634919
346524,80.36388873744143
346575,99.01643203634919
346626,99.01643203634919
346677,92.78695849630886
346728,35.69413464152458
346779,65.84257040460727
346830,79.8520236363403
346881,76.58790779905286
346932,84.39480262570679
346983,99.01643203634919
347034,87.00793383539543
347085,68.19828801911918
347136,99.01643203634919
347187,99.01643203634919
347238,99.01643203634919
347289,99.01643203634919
347340,99.01643203634919
347391,99.01643203634919
347442,99.01643203634919
347493,99.01643203634919
347544,99.01643203634919
347595,31.508800764617764
347646,99.01643203634919
347697,69.5984804490323
347748,49.1706058343233
347799,82.05059268351837
347850,99.01643203634919
347901,57.23834900880249
347952,17.989258277799912
348003,89.14856399485983
348054,74.63463963941756
348105,99.01643203634919
348156,74.50451889446205
348207,81.08437387306222
348258,27.921346833399596
348309,99.01643203634919
348360,39.86542321582121
348411,75.5836543111482
348462,62.40086995936555
348513,70.87434225946383
348564,89.16084025568503
348615,95.51119148064387
348666,71.2938702836186
348717,77.86554867443448
348768,99.01643203634919
348819,54.10709694589262
348870,44.740376799822755
348921,53.77353881923985
348972,99.01643203634919
349023,95.71488632762926
349074,89.81482794477196
349125,36.65424166233877
349176,99.01643203634919
349227,51.46490170129984
349278,89.18219245909557
349329,82.55474619349481
349380,83.5535631972529
349431,93.29244162309242
349482,99.01643203634919
349533,17.3358831464314
349584,35.73892804621822
349635,99.01643203634919
349686,99.01643203634919
349737,35.43711067115113
349788,39.61204285523362
349839,52.05443765943829
349890,70.40031125449404
349941,99.01643203634919
349992,40.59641798461152
350043,99.01643203634919
350094,37.72213567156609
350145,99.01643203634919
350196,43.70297982509154
350247,74.18856165221169
350298,71.38155412465527
350349,99.01643203634919
350400,99.01643203634919
350451,99.01643203634919
350502,75.77738504677505
350553,99.01643203634919
350604,70.31718698325368
350655,99.01643203634919
350706,49.40935629468523
350757,50.34838549154643
350808,49.697643980028396
350859,99.01643203634919
350910,93.00163312353766
350961,99.01643203634919
351012,99.01643203634919
351063,99.01643203634919
351114,75.16819132320727
351165,83.10619644686308
351216,75.36106346244249
351267,42.00923392174447
351318,69.90527291684047
351369,75.1585694930275
351420,99.01643203634919
351471,99.01643203634919
351522,90.44338826819127
351573,99.01643203634919
351624,48.16315555287886
351675,99.01643203634919
351726,52.01778532883336
351777,70.07715827911319
351828,80.74999783613866
351879,70.48864540247041
351930,77.92786181245306
351981,58.47806452253607
352032,95.24237186430246
352083,65.40471217103588
352134,99.01643203634919
352185,99.01643203634919
352236,99.01643203634919
352287,70.43688710358323
352338,78.31274677564241
352389,99.01643203634919
352440,84.19245641007876
352491,99.01643203634919
352542,65.16164432125532
352593,77.04697074083698
352644,99.01643203634919
352695,87.63893400908235
352746,55.27395412394426
352797,99.01643203634919
352848,99.01643203634919
352899,46.57181418510505
352950,99.01643203634919
353001,81.07789481482222
353052,54.04360249554024
353103,78.62153069529158
353154,91.13258505823848
353205,99.01643203634919
353256,85.0110697049893
353307,59.560582856503984
353358,62.230808337501436
353409,99.01643203634919
353460,86.583330501469
353511,19.86135614517986
353562,99.01643203634919
353613,82.61311721781426
353664,99.01643203634919
353715,57.28919487259743
353766,77.91950491529138
353817,99.01643203634919
353868,77.22248373764093
353919,77.30969813338041
353970,17.70675258520066
354021,73.20635461049514
354072,46.29097587240996
354123,99.01643203634919
354174,99.01643203634919
354225,99.01643203634919
354276,99.01643203634919
354327,48.57636027056093
354378,99.01643203634919
354429,59.843312560340486
354480,99.01643203634919
354531,68.28606032180518
354582,78.75970213974598
354633,40.337710142999796
354684,99.01643203634919
354735,91.04078500880973
354786,66.72261647886927
354837,51.09671108910755
354888,26.41812494007016
354939,99.01643203634919
354990,43.284743339330525
355041,99.01643203634919
355092,71.91654603548128
355143,83.35354497378898
355194,99.01643203634919
355245,31.4510141833745
355296,83.14006878315116
355347,99.01643203634919
355398,73.4528137556857
355449,99.01643203634919
355500,77.91445420231791
355551,57.59669187166832
355602,85.07300643644317
355653,99.01643203634919
355704,99.01643203634919
355755,69.88669810273268
355806,31.297923120169244
355857,99.01643203634919
355908,99.01643203634919
355959,68.28696330469364
356010,99.01643203634919
356061,99.01643203634919
356112,99.01643203634919
356163,85.23406888449071
356214,63.641493978965315
356265,52.83717031437795
356316,88.29143787008452
356367,86.5158007664786
356418,93.08882710735307
356469,99.01643203634919
356520,99.01643203634919
356571,86.21015313189675
356622,99.01643203634919
356673,84.83745383931826
356724,99.01643203634919
356775,82.32616090395852
356826,71.89003441507646
356877,54.4714142213531
356928,85.23641850557283
356979,60.37091304691856
357030,81.05691101747375
357081,99.01643203634919
357132,81.9866427203816
357183,99.01643203634919
357234,95.09985672159782
357285,89.15769024454116
357336,93.84020310498205
357387,79.98260350098603
357438,99.01643203634919
357489,99.01643203634919
357540,99.01643203634919
357591,99.01643203634919
357642,99.01643203634919
357693,99.01643203634919
357744,99.01643203634919
357795,99.01643203634919
357846,99.01643203634919
357897,63.92368957899124
357948,99.01643203634919
357999,72.64393124938705
358050,99.01643203634919
358101,78.9857011721518
358152,92.59170989477941
358203,99.01643203634919
358254,99.01643203634919
358305,85.38435625013307
358356,99.01643203634919
358407,75.72277295976158
358458,99.01643203634919
358509,57.894850989908306
358560,99.01643203634919
358611,99.01643203634919
358662,99.01643203634919
358713,71.39669793200467
358764,81.58747705075237
358815,99.01643203634919
358866,72.76508229673314
358917,76.87001233277908
358968,39.46786780509053
359019,27.854660698240632
359070,99.01643203634919
359121,84.59318348279587
359172,30.80606506713211
359223,99.01643203634919
359274,99.01643203634919
359325,71.89885078420849
359376,51.18345674862969
359427,67.82440642905738
359478,99.01643203634919
359529,99.01643203634919
359580,69.65484226897841
359631,80.56600609334704
359682,89.66966724035096
359733,55.18818653681618
359784,99.01643203634919
359835,99.01643203634919
359886,99.01643203634919
359937,56.011784455371604
359988,99.01643203634919
360039,99.01643203634919
360090,53.13331962992903
360141,37.27866461661511
360192,85.56434651903798
360243,82.7167201318942
360294,56.1946948320625
360345,99.01643203634919
360396,86.21403574216767
360447,42.41143100649208
360498,75.82656414281321
360549,89.16668418782587
360600,85.28068507930183
360651,99.01643203634919
360702,82.23928982277651
360753,99.01643203634919
360804,83.11669593001443
360855,99.01643203634919
360906,49.66724714297446
360957,53.02141714836406
361008,18.131615112077377
361059,78.11380302114283
361110,99.01643203634919
361161,71.96617180979112
361212,81.20093788284335
361263,99.01643203634919
361314,87.21764042470623
361365,99.01643203634919
361416,99.01643203634919
361467,87.52641159167437
361518,92.27003487273697
361569,99.01643203634919
361620,69.31093978500904
361671,56.14587655033114
361722,78.0078335561618
361773,99.01643203634919
361824,94.54403205645403
361875,99.01643203634919
361926,89.47203711272934
361977,61.02014781668223
362028,99.01643203634919
362079,83.64353497307619
362130,81.94047319082196
362181,99.01643203634919
362232,16.5839340702291
362283,50.92775130357524
362334,99.01643203634919
362385,84.06837283895656
362436,77.53373618345671
362487,46.25272333258971
362538,99.01643203634919
362589,97.03821176490723
362640,89.30670184028048
362691,51.30040216261778
362742,88.0300235529998
362793,99.01643203634919
362844,85.67632666899246
362895,88.47143027598145
362946,99.01643203634919
362997,99.01643203634919
363048,47.05580303977626
363099,82.44508673210132
363150,99.01643203634919
363201,99.01643203634919
363252,56.35792431029395
363303,66.48900711240306
363354,99.01643203634919
363405,99.01643203634919
363456,86.23709129724692
363507,99.01643203634919
363558,99.01643203634919
363609,88.75759403913256
363660,68.76906467664196
363711,73.43618222152685
363762,47.04516401842149
363813,45.89008090572111
363864,62.4546136757755
363915,99.01643203634919
363966,79.68316317159564
364017,53.73879077737304
364068,28.390620086824647
364119,99.01643203634919
364170,76.36907636491895
364221,99.01643203634919
364272,99.01643203634919
364323,88.87264645939902
364374,36.03238183209781
364425,99.01643203634919
364476,99.01643203634919
364527,38.57232618274531
364578,81.88711508525833
364629,32.390664784597256
364680,69.88325698848499
364731,99.01643203634919
364782,60.60141462923983
364833,59.08807375551485
364884,45.636260354809124
364935,99.01643203634919
364986,92.26552997982022
365037,99.01643203634919
365088,47.44605593192073
365139,91.36277607697897
365190,89.28139346420691
365241,64.08551522445099
365292,99.01643203634919
365343,99.01643203634919
365394,99.01643203634919
365445,84.7485027988363
365496,79.95826388996885
365547,85.8652952812682
365598,99.01643203634919
365649,99.01643203634919
365700,95.59333119940668
365751,72.99248569839091
365802,99.01643203634919
365853,84.65118526568082
365904,82.38974118698309
365955,69.77529107872823
366006,99.01643203634919
366057,99.01643203634919
366108,99.01643203634919
366159,4.486389871054278
366210,99.01643203634919
366261,81.96310993929498
366312,99.01643203634919
366363,99.01643203634919
366414,71.71315079303386
366465,99.01643203634919
366516,99.01643203634919
366567,62.45690688100962
366618,99.01643203634919
366669,99.01643203634919
366720,99.01643203634919
366771,79.14102166123928
366822,82.16230815023036
366873,77.28220375525477
366924,28.640823119537934
366975,99.01643203634919
367026,99.01643203634919
367077,50.606297632011795
367128,99.01643203634919
367179,44.26292488466311
367230,67.21891531392265
367281,74.41703636356864
367332,65.2473728169003
367383,57.310112415214356
367434,69.12067630785602
367485,41.37106235728493
367536,84.36857126334947
367587,90.3976449954969
367638,89.80723382741732
367689,62.832809107189014
367740,99.01643203634919
367791,99.01643203634919
367842,73.36642198700578
367893,46.19379544876479
367944,95.05792505660693
367995,99.01643203634919
368046,77.41279226963081
368097,43.71986139490857
368148,99.01643203634919
368199,99.01643203634919
368250,64.00159899602136
368301,99.01643203634919
368352,69.6218280730842
368403,99.01643203634919
368454,99.01643203634919
368505,99.01643203634919
368556,58.39600672712353
368607,99.01643203634919
368658,88.53334180188928
368709,32.65203627164247
368760,99.01643203634919
368811,53.95202479427978
368862,53.20424602612776
368913,99.01643203634919
368964,71.41022115951365
369015,99.01643203634919
369066,79.66722320413864
369117,87.7771060974989
369168,37.989444620236476
369219,99.01643203634919
369270,99.01643203634919
369321,99.01643203634919
369372,99.01643203634919
369423,84.52612810551763
369474,52.978664623070124
369525,99.01643203634919
369576,81.80914063267974
369627,71.32761071432026
369678,83.68890288555755
369729,96.98831961769051
369780,99.01643203634919
369831,43.220145649352226
369882,99.01643203634919
369933,95.66363468562979
369984,96.63146056852345
370035,74.50171995913702
370086,70.73595784429118
370137,99.01643203634919
370188,99.01643203634919
370239,77.1190018369872
370290,78.70477239872329
370341,75.1492721257295
370392,94.67688551592887
370443,33.40621699270987
370494,99.01643203634919
370545,47.390762031022504
370596,99.01643203634919
370647,99.01643203634919
370698,99.01643203634919
370749,99.01643203634919
370800,47.25557222734576
370851,76.90569209026275
370902,94.57279430387904
370953,64.6910468984113
371004,99.01643203634919
371055,34.07158700523812
371106,99.01643203634919
371157,84.4535030865828
371208,99.01643203634919
371259,99.01643203634919
371310,63.190662135708294
371361,99.01643203634919
371412,87.87634187997737
371463,79.55124793811588
371514,15.497481662184367
371565,91.22381132847161
371616,99.01643203634919
371667,99.01643203634919
371718,19.112776610746465
371769,75.54410698585683
371820,72.62661008425373
371871,75.93592828126309
371922,82.98174781723509
371973,99.01643203634919
372024,99.01643203634919
372075,99.01643203634919
372126,70.65666320965614
372177,99.01643203634919
372228,72.98823634780831
372279,99.01643203634919
372330,99.01643203634919
372381,79.84434337404025
372432,99.01643203634919
372483,99.01643203634919
372534,99.01643203634919
372585,99.01643203634919
372636,88.97760739072612
372687,97.11980468287085
372738,91.05485114768253
372789,36.05269507336216
372840,85.55094318086884
372891,72.56837468022898
372942,99.01643203634919
372993,42.61183159707517
373044,99.01643203634919
373095,33.66558668829227
373146,72.35162108374759
373197,45.81014579565969
373248,79.43384370352837
373299,88.55979249108525
373350,53.921425658293536
373401,99.01643203634919
373452,99.01643203634919
373503,73.10400938928528
373554,99.01643203634919
373605,43.16648843414689
373656,52.626884723783
373707,29.874297431163296
373758,75.89359817635906
373809,99.01643203634919
373860,90.03204784011203
373911,35.532500271217515
373962,61.28457659211979
374013,97.20113170137809
374064,77.95110835972648
374115,68.83083353378275
374166,99.01643203634919
374217,81.74530074843024
374268,90.91712378507393
374319,40.908715190262654
374370,81.81690463584727
374421,28.790787080737715
374472,67.11348622533423
374523,88.8146929529829
374574,32.71182310472291
374625,47.894867674955265
374676,99.01643203634919
374727,99.01643203634919
374778,43.850183667619916
374829,78.05687476934378
374880,79.57385094671072
374931,53.27414247752987
374982,59.39178601526158
375033,99.01643203634919
375084,53.597103277526394
375135,72.03369401383708
375186,87.01884264413785
375237,91.72439545294971
375288,49.27271127321386
375339,79.46565088462893
375390,99.01643203634919
375441,44.85249889016726
375492,99.01643203634919
375543,99.01643203634919
375594,93.37503521397328
375645,93.25815040711426
375696,99.01643203634919
375747,57.1157743486263
375798,89.290887359595
375849,99.01643203634919
375900,99.01643203634919
375951,40.61143912690784
376002,90.64859521822635
376053,99.01643203634919
376104,86.287695330506
376155,75.39928744259639
376206,99.01643203634919
376257,85.24958593795823
376308,54.368049486628074
376359,55.30471480361911
376410,99.01643203634919
376461,78.39428420633365
376512,99.01643203634919
376563,42.25429820242929
376614,82.33745072279655
376665,85.25395667181563
376716,99.01643203634919
376767,66.81798291537388
376818,74.13151939060437
376869,99.01643203634919
376920,84.96449601004313
376971,99.01643203634919
377022,63.019340080738075
377073,99.01643203634919
377124,84.74861135531717
377175,79.44470256087162
377226,71.31519918870333
377277,92.18222082155029
377328,99.01643203634919
377379,90.45742901279644
377430,74.04879106725005
377481,99.01643203634919
377532,99.01643203634919
377583,95.59981017487743
377634,48.470565827161316
377685,88.38365023724931
377736,99.01643203634919
377787,34.03815509560392
377838,84.87080666222623
377889,94.16974078006993
377940,92.34399593548348
377991,56.02867298721191
378042,74.25955137584708
378093,45.59289685247399
378144,99.01643203634919
378195,99.01643203634919
378246,99.01643203634919
378297,99.01643203634919
378348,92.56292430227963
378399,90.75958177387844
378450,99.01643203634919
378501,99.01643203634919
378552,99.01643203634919
378603,99.01643203634919
378654,55.87817318581193
378705,71.34406012172323
378756,60.92638304101637
378807,71.31854764810346
378858,18.762493442618933
378909,45.22993962290816
378960,87.63314361110724
379011,99.01643203634919
379062,99.01643203634919
379113,86.16152278597667
379164,99.01643203634919
379215,99.01643203634919
379266,99.01643203634919
379317,54.40591585207375
379368,99.01643203634919
379419,88.8770347307493
379470,84.14854253393223
379521,99.01643203634919
379572,99.01643203634919
379623,99.01643203634919
379674,82.99750124264709
379725,45.34106433765875
379776,99.01643203634919
379827,25.18776840006085
379878,99.01643203634919
379929,99.01643203634919
379980,90.3732255482107
380031,47.25007853941812
380082,62.71007688296766
380133,75.27893892410161
380184,99.01643203634919
380235,99.01643203634919
380286,99.01643203634919
380337,99.01643203634919
380388,99.01643203634919
380439,99.01643203634919
380490,99.01643203634919
380541,60.3524916723075
380592,43.44016991492541
380643,82.07413868991179
380694,66.41166834359224
380745,74.82597418396827
380796,60.923196028487126
380847,99.01643203634919
380898,74.2392560296671
380949,32.10948911583134
381000,49.04882459674404
381051,13.486346646672668
381102,99.01643203634919
381153,99.01643203634919
381204,76.88551522409008
381255,55.11843155886412
381306,65.3448728688431
381357,99.01643203634919
381408,47.960409661661984
381459,74.75050169197995
381510,52.17099538321705
381561,99.01643203634919
381612,65.89720687627944
381663,99.01643203634919
381714,85.13550273569467
381765,99.01643203634919
381816,50.66395747624789
381867,99.01643203634919
381918,87.42619964286723
381969,99.01643203634919
382020,56.27917963284283
382071,99.01643203634919
382122,99.01643203634919
382173,28.208858864616012
382224,85.17100402903269
382275,88.59567661925918
382326,99.01643203634919
382377,52.31904332187758
382428,99.01643203634919
382479,42.140647351149084
382530,59.93373852743812
382581,70.24668835678753
382632,99.01643203634919
382683,99.01643203634919
382734,99.01643203634919
382785,99.01643203634919
382836,66.29727680978081
382887,52.7933381226487
382938,99.01643203634919
382989,99.01643203634919
383040,35.46287134934235
383091,89.50574227182274
383142,50.982583417929675
383193,99.01643203634919
383244,21.724144115763448
383295,91.15005827618091
383346,68.06628908469257
383397,99.01643203634919
383448,99.01643203634919
383499,99.01643203634919
383550,87.19447863121592
383601,99.01643203634919
383652,99.01643203634919
383703,99.01643203634919
383754,61.67158698692344
383805,81.0879300208849
383856,99.01643203634919
383907,68.45429099419162
383958,71.16912403020224
384009,99.01643203634919
384060,54.52643909943264
384111,43.14740696813153
384162,99.01643203634919
384213,99.01643203634919
384264,99.01643203634919
384315,99.01643203634919
384366,40.19369861895297
384417,99.01643203634919
384468,73.72152967931132
384519,34.11209979914091
384570,79.30111430608576
384621,56.019810632289925
384672,1.5459273540126532
384723,17.683979694632388
384774,74.86193275493282
384825,35.93178505142759
384876,52.14629810629449
384927,77.84901512883556
384978,77.54684015895981
385029,72.15188241818838
385080,99.01643203634919
385131,47.95896477821506
385182,99.01643203634919
385233,88.83174995090988
385284,74.36436456595295
385335,51.995800590231674
385386,72.34768846394486
385437,33.21671852110967
385488,85.58483890950981
385539,77.6838702135042
385590,99.01643203634919
385641,99.01643203634919
385692,99.01643203634919
385743,99.01643203634919
385794,99.01643203634919
385845,99.01643203634919
385896,99.01643203634919
385947,99.01643203634919
385998,70.68898026468271
386049,69.34848015039518
386100,90.12321444435888
386151,91.0563069614848
386202,99.01643203634919
386253,49.08184535150041
386304,99.01643203634919
386355,99.01643203634919
386406,32.39360347537181
386457,99.01643203634919
386508,37.74420095257739
386559,99.01643203634919
386610,99.01643203634919
386661,30.190878903852987
386712,43.420608481179464
386763,99.01643203634919
386814,81.08046602948141
386865,99.01643203634919
386916,83.64495214286048
386967,15.52772846746852
387018,35.38882379539847
387069,24.83181070200026
387120,99.01643203634919
387171,99.01643203634919
387222,95.47010451402916
387273,60.277082879108264
387324,81.1789549306834
387375,15.773966698737356
387426,99.01643203634919
387477,99.01643203634919
387528,59.23193846970535
387579,90.0734367029956
387630,86.73806044141776
387681,99.01643203634919
387732,26.64760489378136
387783,83.36926624976317
387834,48.33517454582383
387885,93.57485331441539
387936,74.1889946709707
387987,88.65202786995654
388038,83.59629591820517
388089,29.99082620441851
388140,99.01643203634919
388191,99.01643203634919
388242,68.86845171750004
388293,72.36277823855744
388344,99.01643203634919
388395,82.04623240289018
388446,47.61022573524175
388497,69.01386858710187
388548,99.01643203634919
388599,40.771302130000954
388650,68.78735789560878
388701,99.01643203634919
388752,85.31012817439472
388803,59.97962281098941
388854,81.40911486383878
388905,99.01643203634919
388956,99.01643203634919
389007,29.77253019879739
389058,99.01643203634919
389109,87.66626495109473
389160,99.01643203634919
389211,99.01643203634919
389262,89.64133145246011
389313,82.95639047495409
389364,99.01643203634919
389415,83.74010980173044
389466,99.01643203634919
389517,61.28331308377735
389568,99.01643203634919
389619,27.745007560949645
389670,41.76799986711859
389721,51.89849347383234
389772,89.58797347434466
389823,99.01643203634919
389874,83.28490332366218
389925,23.411942577001252
389976,88.08651963145766
390027,99.01643203634919
390078,63.080135552818284
390129,63.341475553137954
390180,95.1875814530344
390231,74.79167836050753
390282,67.43709553411853
390333,99.01643203634919
390384,99.01643203634919
390435,42.44285828856222
390486,72.06868309732053
390537,53.50147148554004
390588,80.54187240891066
390639,88.74891253741468
390690,82.54341309469409
390741,57.37940359033829
390792,92.43050184292608
390843,52.50757249584821
390894,19.914605987630893
390945,75.63911061897629
390996,44.625243981401546
391047,89.6911562504727
391098,99.01643203634919
391149,94.50763858394622
391200,88.9228822965013
391251,56.11891271171322
391302,33.275413459574345
391353,99.01643203634919
391404,73.96992518512
391455,46.649697377390844
391506,82.16301049310105
391557,82.64692519674527
391608,87.56782574187018
391659,41.74702657557777
391710,49.915028508668726
391761,64.25304290850286
391812,92.13983989511463
391863,91.81630714264084
391914,28.814285664806107
391965,99.01643203634919
392016,81.5776775441137
392067,90.06197771139418
392118,42.825278098348356
392169,99.01643203634919
392220,65.2674440832229
392271,76.50702507927892
392322,84.48281117140301
392373,14.876470622771183
392424,58.461963360879324
392475,99.01643203634919
392526,71.45004559145703
392577,99.01643203634919
392628,93.50370437532433
392679,99.01643203634919
392730,21.846768346159894
392781,99.01643203634919
392832,99.01643203634919
392883,42.321280112950326
392934,89.35470131758268
392985,48.584083453840826
393036,99.01643203634919
393087,85.378798322705
393138,47.50648580391427
393189,89.83041537570304
393240,99.01643203634919
393291,99.01643203634919
393342,99.01643203634919
393393,90.41775407433653
393444,99.01643203634919
393495,99.01643203634919
393546,99.01643203634919
393597,99.01643203634919
393648,99.01643203634919
393699,99.01643203634919
393750,34.68631442988606
393801,99.01643203634919
393852,99.01643203634919
393903,82.48727429576294
393954,99.01643203634919
394005,80.95244495096786
394056,96.98056377663875
394107,99.01643203634919
394158,99.01643203634919
394209,99.01643203634919
394260,81.80113426885039
394311,70.83304803365353
394362,99.01643203634919
394413,93.69785254265186
394464,99.01643203634919
394515,99.01643203634919
394566,58.096239647966954
394617,96.02542996487547
394668,35.696488117774784
394719,87.2573891635486
394770,75.34589389174884
394821,81.64220771342816
394872,74.16365873848943
394923,70.2490389909687
394974,84.65631498620915
395025,64.37403525915502
395076,99.01643203634919
395127,70.50697604892062
395178,99.01643203634919
395229,99.01643203634919
395280,81.42575866265399
395331,99.01643203634919
395382,60.04490477082872
395433,69.73612533997337
395484,40.202195752423435
395535,93.09913822391339
395586,92.52110322675337
395637,99.01643203634919
395688,99.01643203634919
395739,87.9683376530159
395790,31.395660839654806
395841,99.01643203634919
395892,89.70379494548763
395943,43.144102203633494
395994,99.01643203634919
396045,73.85866318807882
396096,47.42892668508457
396147,99.01643203634919
396198,58.88430391710446
396249,95.14680740420387
396300,99.01643203634919
396351,88.89818358793609
396402,99.01643203634919
396453,99.01643203634919
396504,90.36544107939018
396555,50.731587383240665
396606,99.01643203634919
396657,51.15971505899711
396708,99.01643203634919
396759,89.71093977531878
396810,99.01643203634919
396861,52.353236769375165
396912,99.01643203634919
396963,69.9257737134732
397014,84.16088988290637
397065,23.494102400283314
397116,99.01643203634919
397167,99.01643203634919
397218,99.01643203634919
397269,99.01643203634919
397320,83.44611931592375
397371,78.01356589629049
397422,39.559214998425645
397473,99.01643203634919
397524,99.01643203634919
397575,93.80682188049346
397626,76.92282940681513
397677,94.37900863257082
397728,99.01643203634919
397779,52.39616599696688
397830,56.16881477230643
397881,72.804600794995
397932,84.5513046932868
397983,99.01643203634919
398034,99.01643203634919
398085,35.20018008953728
398136,86.58903005971847
398187,48.531784645035316
398238,93.23084577017822
398289,81.86045591819247
398340,70.1165157202072
398391,67.51942075017539
398442,99.01643203634919
398493,99.01643203634919
398544,99.01643203634919
398595,99.01643203634919
398646,81.96959823427358
398697,80.79531602925155
398748,83.41425268945814
398799,99.01643203634919
398850,90.32414541005629
398901,99.01643203634919
398952,96.97184571354636
399003,83.6120457107099
399054,34.968244119081504
399105,42.669670053322726
399156,99.01643203634919
399207,61.448810217711696
399258,73.024844191026
399309,29.418032414631575
399360,93.16941000572338
399411,99.01643203634919
399462,47.82035426278633
399513,93.8814286683042
399564,99.01643203634919
399615,99.01643203634919
399666,36.819381219040004
399717,99.01643203634919
399768,80.09267974737496
399819,51.97667800388478
399870,74.56318174223726
399921,55.391520811824655
399972,20.481720619289554
400023,35.295287482139145
400074,82.67931894722605
400125,99.01643203634919
400176,99.01643203634919
400227,79.46627355830019
400278,99.01643203634919
400329,67.56979050756159
400380,89.59838517805562
400431,78.28905491852024
400482,40.618871372235446
400533,84.16193800550309
400584,36.808283327064835
400635,91.88891406949767
400686,76.87639681426342
400737,80.11622315528088
400788,99.01643203634919
400839,99.01643203634919
400890,86.64728980252727
400941,39.237913680035795
400992,45.463817622123585
401043,68.93549357145864
401094,43.09813572950603
401145,90.05296981245229
401196,99.01643203634919
401247,38.98230162182506
401298,26.12263506623486
401349,50.47880897069293
401400,70.27741451766478
401451,64.96029482363781
401502,87.08944608021832
401553,48.12614510700864
401604,79.56383345233236
401655,91.57235387798696
401706,47.78404273944207
401757,99.01643203634919
401808,88.53334091840543
401859,99.01643203634919
401910,99.01643203634919
401961,87.18313229242526
402012,99.01643203634919
402063,84.8174461430454
402114,92.5879319852538
402165,33.420918735230316
402216,75.64425832130725
402267,99.01643203634919
402318,99.01643203634919
402369,69.24795115546844
402420,99.01643203634919
402471,78.92354069453536
402522,99.01643203634919
402573,43.326832328673085
402624,72.14722268072474
402675,72.6116534017092
402726,26.09312329907458
402777,91.26866727217062
402828,73.38925352766647
402879,99.01643203634919
402930,99.01643203634919
402981,99.01643203634919
403032,99.01643203634919
403083,99.01643203634919
403134,99.01643203634919
403185,40.677219859622284
403236,91.22206362917086
403287,99.01643203634919
403338,99.01643203634919
403389,99.01643203634919
403440,76.05603513053647
403491,82.26981593305393
403542,41.47440288761155
403593,99.01643203634919
403644,99.01643203634919
403695,63.82018858024877
403746,99.01643203634919
403797,99.01643203634919
403848,47.94253334688292
403899,89.5922097857021
403950,34.445930512551485
404001,99.01643203634919
404052,78.85463180898421
404103,99.01643203634919
404154,80.38009764947665
404205,81.22962109400179
404256,89.1958732596445
404307,38.711726471482315
404358,99.01643203634919
404409,99.01643203634919
404460,33.89684827736159
404511,40.268096643692566
404562,74.69795183074092
404613,99.01643203634919
404664,93.93662557803722
404715,48.94763545676887
404766,99.01643203634919
404817,90.40213326669726
404868,99.01643203634919
404919,76.5048961205452
404970,89.66339396057334
405021,82.54606787322066
405072,99.01643203634919
405123,99.01643203634919
405174,99.01643203634919
405225,39.9861750798379
405276,92.86231031945563
405327,99.01643203634919
405378,99.01643203634919
405429,79.03290641721397
405480,85.90648172262306
405531,99.01643203634919
405582,99.01643203634919
405633,68.00916478468422
405684,37.906316306666355
405735,99.01643203634919
405786,52.090745950888056
405837,99.01643203634919
405888,39.24713126317049
405939,90.39570143685955
405990,92.8989198603012
406041,99.01643203634919
406092,35.71039670759871
406143,79.37611836664784
406194,99.01643203634919
406245,74.90856882356512
406296,87.7044698970588
406347,93.96120845020928
406398,37.79906770522305
406449,99.01643203634919
406500,47.25367031928491
406551,92.98187249100785
406602,99.01643203634919
406653,99.01643203634919
406704,99.01643203634919
406755,99.01643203634919
406806,99.01643203634919
406857,99.01643203634919
406908,88.91885982481058
406959,99.01643203634919
407010,85.03017429582334
407061,99.01643203634919
407112,85.00553922556779
407163,78.89538513986916
407214,49.01922723029703
407265,99.01643203634919
407316,99.01643203634919
407367,69.11656808703155
407418,57.96482510408454
407469,89.69428659129264
407520,64.93616058518636
407571,39.58404043023621
407622,99.01643203634919
407673,40.8011384247722
407724,36.96224666204632
407775,82.44401773874284
407826,49.087059040825444
407877,99.01643203634919
407928,99.01643203634919
407979,78.4987879937725
408030,81.47014293975144
408081,93.67318961699362
408132,99.01643203634919
408183,52.52001409224437
408234,86.09509280388296
408285,87.93340335546743
408336,99.01643203634919
408387,74.38893716319716
408438,99.01643203634919
408489,45.277664131373115
408540,94.75982064221398
408591,34.854274276378
408642,80.54709554603423
408693,18.388898211237887
408744,87.46490387841534
408795,49.85684098027088
408846,44.624396677382975
408897,40.36137998518832
408948,99.01643203634919
408999,91.0007378125126
409050,99.01643203634919
409101,85.24047207051477
409152,99.01643203634919
409203,99.01643203634919
409254,57.92513090420069
409305,63.51627602695568
409356,90.92804285620093
409407,84.08519798165244
409458,35.49929986052264
409509,55.8473962259434
409560,99.01643203634919
409611,99.01643203634919
409662,83.26561469855463
409713,99.01643203634919
409764,88.18072895989411
409815,86.33794807887656
409866,99.01643203634919
409917,99.01643203634919
409968,90.16499772855832
410019,99.01643203634919
410070,54.118883298666965
410121,82.53084864880067
410172,72.80874250641287
410223,90.68840147753671
410274,38.19199801047936
410325,99.01643203634919
410376,65.161202699587
410427,99.01643203634919
410478,99.01643203634919
410529,99.01643203634919
410580,66.9944956198978
410631,24.575556356731298
410682,79.77283459042148
410733,59.95592723499349
410784,56.45464310971622
410835,60.23919299448752
410886,72.9517416775389
410937,99.01643203634919
410988,46.6318371177888
411039,72.76387728104025
411090,99.01643203634919
411141,48.297927249231016
411192,99.01643203634919
411243,99.01643203634919
411294,99.01643203634919
411345,39.69337423121535
411396,54.05041740953874
411447,36.035654303240634
411498,99.01643203634919
411549,36.763375122475274
411600,99.01643203634919
411651,82.09823961544282
411702,60.623870200219585
411753,10.282978766875821
411804,54.884799647932645
411855,23.017148605707426
411906,99.01643203634919
411957,99.01643203634919
412008,88.95440609453057
412059,72.00951249009103
412110,93.99761495199883
412161,89.50514086973581
412212,99.01643203634919
412263,85.85938684605935
412314,88.3780823976134
412365,49.28464811777891
412416,99.01643203634919
412467,76.272471598189
412518,74.8963186580243
412569,70.11065007497331
412620,99.01643203634919
412671,99.01643203634919
412722,99.01643203634919
412773,90.63011991594968
412824,99.01643203634919
412875,99.01643203634919
412926,91.14971581269823
412977,55.295921982302126
413028,99.01643203634919
413079,72.55001659860153
413130,18.1192754816216
413181,57.45421467277583
413232,49.85719823454488
413283,99.01643203634919
413334,41.1616965628266
413385,72.01752658159747
413436,99.01643203634919
413487,45.258349157210404
413538,37.78881251340407
413589,78.84610881517301
413640,99.01643203634919
413691,99.01643203634919
413742,91.45888028852315
413793,99.01643203634919
413844,75.64886670949193
413895,34.62528189466765
413946,99.01643203634919
413997,99.01643203634919
414048,80.55936989436671
414099,77.9998650821694
414150,33.98969545729952
414201,80.16683858417775
414252,99.01643203634919
414303,93.10891543970916
414354,89.91579115060671
414405,80.91220352737487
414456,99.01643203634919
414507,99.01643203634919
414558,91.23144262758046
414609,99.01643203634919
414660,39.775390801538215
414711,99.01643203634919
414762,99.01643203634919
414813,99.01643203634919
414864,99.01643203634919
414915,91.27152505215213
414966,80.84610552777768
415017,74.9029781697566
415068,76.72323327767131
415119,92.58533954660692
415170,80.68164968953873
415221,99.01643203634919
415272,89.69087786378896
415323,46.11025989483736
415374,52.292791701409186
415425,74.7392312715933
415476,83.4163046606533
415527,90.64653532073199
415578,94.5747062928305
415629,45.12895900410258
415680,83.05018431950747
415731,95.30928722976881
415782,44.72573841360621
415833,99.01643203634919
415884,54.61486329523843
415935,99.01643203634919
415986,67.1774021032582
416037,69.17212067444214
416088,99.01643203634919
416139,46.657440154906006
416190,34.21288204660155
416241,99.01643203634919
416292,68.42551183440659
416343,99.01643203634919
416394,28.860269771115934
416445,63.10942509762725
416496,99.01643203634919
416547,59.54930411474157
416598,88.60126494658631
416649,88.31129493945107
416700,54.371083892430576
416751,86.03201074419555
416802,87.680051506619
416853,66.47110584105731
416904,75.84064263506326
416955,34.867629610777286
417006,82.83956183594434
417057,26.048597084563514
417108,83.514391634658
417159,27.110012308084286
417210,99.01643203634919
417261,71.23582502980662
417312,99.01643203634919
417363,51.106758285465126
417414,99.01643203634919
417465,99.01643203634919
417516,99.01643203634919
417567,82.46673160250138
417618,78.59895919065497
417669,95.9797179321975
417720,35.2338004133544
417771,40.23350577239453
417822,99.01643203634919
417873,91.59995375700137
417924,57.64587655770694
417975,68.60538409624526
418026,99.01643203634919
418077,31.01768390764291
418128,27.47722112063895
418179,99.01643203634919
418230,99.01643203634919
418281,83.1105161622767
418332,99.01643203634919
418383,68.10462542485241
418434,54.98382798846318
418485,99.01643203634919
418536,99.01643203634919
418587,36.59111536540066
418638,74.24217617029294
418689,99.01643203634919
418740,32.19141952421097
418791,26.792991588484323
418842,99.01643203634919
418893,79.56328422926455
418944,99.01643203634919
418995,31.056729990024927
419046,99.01643203634919
419097,75.13822101212583
419148,99.01643203634919
419199,99.01643203634919
419250,99.01643203634919
419301,99.01643203634919
419352,59.30831897421908
419403,64.83948951844152
419454,86.15392729770329
419505,87.37255916916288
419556,68.99855979015824
419607,33.62249676088756
419658,38.29397374458619
419709,34.50519480965984
419760,32.6875255185463
419811,57.22292311301774
419862,99.01643203634919
419913,99.01643203634919
419964,99.01643203634919
420015,74.91197391235296
420066,87.42912605576035
420117,99.01643203634919
420168,71.08525442682982
420219,99.01643203634919
420270,55.467985548352935
420321,99.01643203634919
420372,84.14478146267533
420423,80.53805351429483
420474,90.6116496077479
420525,89.06573229653746
420576,98.15605747424063
420627,33.75478215151771
420678,99.01643203634919
420729,99.01643203634919
420780,74.96399737133765
420831,75.27799531634506
420882,93.58311259960998
420933,96.32327677374079
420984,99.01643203634919
421035,99.01643203634919
421086,99.01643203634919
421137,43.78972158562675
421188,99.01643203634919
421239,44.943001491783264
421290,68.65495742661707
421341,88.61840311738656
421392,75.09446324057956
421443,68.17079466931973
421494,36.486238742251665
421545,99.01643203634919
421596,88.92121950182931
421647,86.54439962860229
421698,93.22984149741289
421749,87.99747285792449
421800,70.96682543683221
421851,40.94290494568538
421902,29.056311656004986
421953,71.87861530080441
422004,83.83083569451708
422055,99.01643203634919
422106,43.4766102451586
422157,42.629376203878415
422208,44.36147509458772
422259,91.32511714095608
422310,99.01643203634919
422361,99.01643203634919
422412,99.01643203634919
422463,99.01643203634919
422514,79.67515058832966
422565,52.720350872345044
422616,84.01386628707061
422667,99.01643203634919
422718,88.99341006135161
422769,58.47463933510234
422820,99.01643203634919
422871,99.01643203634919
422922,99.01643203634919
422973,57.93383089593807
423024,79.34609202114441
423075,56.4599201631207
423126,69.4076978733071
423177,46.968908878619025
423228,94.30997114140767
423279,78.50754471032491
423330,93.1330453066822
423381,72.23267446508429
423432,99.01643203634919
423483,78.72405619437687
423534,90.9242808278593
423585,88.93652148597862
423636,92.87426566246701
423687,99.01643203634919
423738,50.8272124594625
423789,91.55671698545744
423840,90.51646019001552
423891,99.01643203634919
423942,60.49643791126287
423993,99.01643203634919
424044,99.01643203634919
424095,99.01643203634919
424146,73.5026836562551
424197,99.01643203634919
424248,91.5012990944085
424299,29.991141534046637
424350,74.00138080411679
424401,84.58256019303748
424452,26.890808270738862
424503,87.47754339641831
424554,74.44691699288103
424605,85.76979666840668
424656,99.01643203634919
424707,92.80129310414016
424758,58.54536998208295
424809,66.63432009500733
424860,52.614921261637484
424911,99.01643203634919
424962,52.346471159970555
425013,99.01643203634919
425064,68.86542412930727
425115,99.01643203634919
425166,82.90204523000772
425217,51.97086236981862
425268,46.93431160858073
425319,99.01643203634919
425370,26.661570001833944
425421,79.02573761476437
425472,42.183551307534486
425523,83.71426832116471
425574,99.01643203634919
425625,99.01643203634919
425676,86.27588413479548
425727,99.01643203634919
425778,99.01643203634919
425829,23.94425264628333
425880,18.383076885326783
425931,99.01643203634919
425982,81.45447221686531
426033,75.05925805378736
426084,83.94011205172816
426135,58.33401395281427
426186,99.01643203634919
426237,99.01643203634919
426288,99.01643203634919
426339,99.01643203634919
426390,99.01643203634919
426441,98.37746486080415
426492,51.018030668378415
426543,87.38082987104389
426594,99.01643203634919
426645,90.68010794513393
426696,81.67694608865723
426747,26.702110234833278
426798,89.45408350037384
426849,99.01643203634919
426900,99.01643203634919
426951,67.3736155106659
427002,76.86290599062421
427053,72.44435884520311
427104,87.73712559045579
427155,93.58558469368374
427206,99.01643203634919
427257,88.96726812755107
427308,99.01643203634919
427359,99.01643203634919
427410,77.21466166203386
427461,77.34798088356486
427512,99.01643203634919
427563,46.56556813658382
427614,99.01643203634919
427665,99.01643203634919
427716,42.845105333369894
427767,38.88316845812559
427818,44.08181070964066
427869,95.39469126485169
427920,27.07549219674118
427971,55.18833807863893
428022,44.62998069733593
428073,99.01643203634919
428124,99.01643203634919
428175,99.01643203634919
428226,83.1108631724463
428277,45.31316074654931
428328,99.01643203634919
428379,27.31350087609255
428430,60.932872396997965
428481,82.1440566748552
428532,78.6916481890362
428583,55.17024210127853
428634,28.81015542247657
428685,99.01643203634919
428736,78.84449131988904
428787,67.33421352478773
428838,34.38568171738268
428889,91.2363713946199
428940,99.01643203634919
428991,99.01643203634919
429042,99.01643203634919
429093,87.8889500228663
429144,99.01643203634919
429195,99.01643203634919
429246,51.65953544735769
429297,54.719153044635206
429348,99.01643203634919
429399,75.27705286538195
429450,88.81630625295699
429501,50.69999044487366
429552,99.01643203634919
429603,99.01643203634919
429654,99.01643203634919
429705,30.01233838233988
429756,34.03940499601308
429807,71.11459987412587
429858,99.01643203634919
429909,92.60177547087909
429960,66.23663810635527
430011,99.01643203634919
430062,68.67006410808821
430113,35.559678079595294
430164,67.15588098815951
430215,99.01643203634919
430266,99.01643203634919
430317,77.41653434099358
430368,89.81194515564127
430419,91.27914272267112
430470,12.587288283991597
430521,79.73211811722435
430572,99.01643203634919
430623,99.01643203634919
430674,79.01955680110906
430725,99.01643203634919
430776,78.31162516459155
430827,85.01184233441771
430878,67.70167978852014
430929,44.40644879354661
430980,81.07292854263575
431031,92.58327318273847
431082,99.01643203634919
431133,72.77237048815783
431184,77.52894345334424
431235,56.82556297119213
431286,88.52194301157934
431337,99.01643203634919
431388,99.01643203634919
431439,85.19336574562112
431490,76.61390605905643
431541,72.28260730995756
431592,83.17531599962429
431643,53.336367074146374
431694,99.01643203634919
431745,93.60701978486019
431796,57.36185141962441
431847,59.81683190588307
431898,99.01643203634919
431949,90.27031161663957
432000,99.01643203634919
432051,99.01643203634919
432102,99.01643203634919
432153,34.405284124459826
432204,99.01643203634919
432255,99.01643203634919
432306,80.98699688984564
432357,67.54133650562375
432408,75.1479036676562
432459,72.79510519701996
432510,99.01643203634919
432561,99.01643203634919
432612,75.93593304602476
432663,99.01643203634919
432714,69.69603591513629
432765,87.07332199747434
432816,37.58199673314647
432867,99.01643203634919
432918,64.7918227821955
432969,99.01643203634919
433020,70.24799475180139
433071,80.43983612024155
433122,66.38142558208693
433173,69.58448124751524
433224,99.01643203634919
433275,89.63468693555585
433326,44.61804145925478
433377,99.01643203634919
433428,99.01643203634919
433479,99.01643203634919
433530,35.79054750530451
433581,70.097934783464
433632,95.93183571492895
433683,86.19397308438518
433734,77.25499121149743
433785,99.01643203634919
433836,69.48645793635235
433887,99.01643203634919
433938,14.411828084999524
433989,92.52210836942457
434040,45.61757095848667
434091,19.704035371462027
434142,90.41846269842988
434193,48.035460541031085
434244,90.16146508128156
434295,99.01643203634919
434346,30.779805445946508
434397,99.01643203634919
434448,99.01643203634919
434499,99.01643203634919
434550,60.47074761209847
434601,93.7690931996202
434652,48.30684831658109
434703,86.35248627499202
434754,99.01643203634919
434805,59.57164499609353
434856,60.50363228264021
434907,99.01643203634919
434958,46.74077122601892
435009,78.57840685623283
435060,99.01643203634919
435111,80.11686593114014
435162,65.87501931155354
435213,87.21196527592396
435264,66.6580460050457
435315,83.86927169624614
435366,99.01643203634919
435417,58.84510610779417
435468,4.825431206076245
435519,83.45464553258734
435570,99.01643203634919
435621,79.28666725507628
435672,90.77891877601627
435723,81.47244694570006
435774,78.47101407883574
435825,94.26221306089319
435876,99.01643203634919
435927,41.264684556602745
435978,79.21077964134899
436029,99.01643203634919
436080,99.01643203634919
436131,91.24638854005055
436182,57.7467311141774
436233,92.39224516427
436284,26.61574843113652
436335,62.551803612148255
436386,42.54241562559403
436437,35.53772681913463
436488,59.644069687106985
436539,31.147016217914647
436590,92.41879245767133
436641,65.54676768083006
436692,80.42503712705174
436743,99.01643203634919
436794,35.37543543295798
436845,99.01643203634919
436896,83.34778120966564
436947,49.79138081071233
436998,65.02954210268409
437049,69.77916933985173
437100,99.01643203634919
437151,99.01643203634919
437202,34.649100671903305
437253,76.25328704680584
437304,87.53281262708938
437355,99.01643203634919
437406,99.01643203634919
437457,85.27110224755363
437508,82.95274601793533
437559,79.2274065745276
437610,90.72075885768193
437661,99.01643203634919
437712,99.01643203634919
437763,43.13757027474375
437814,99.01643203634919
437865,36.9279821954398
437916,99.01643203634919
437967,99.01643203634919
438018,30.889406899328996
438069,99.01643203634919
438120,99.01643203634919
438171,76.59669044638966
438222,70.53042580268941
438273,25.41778562989508
438324,99.01643203634919
438375,99.01643203634919
438426,86.70564497260692
438477,99.01643203634919
438528,99.01643203634919
438579,77.36249114098038
438630,80.12369031065546
438681,84.86941566047834
438732,38.66424181222826
438783,48.52223889701353
438834,76.977949758546
438885,59.725331622243075
438936,76.60355027943449
438987,46.005961445666365
439038,43.409531860007476
439089,99.01643203634919
439140,99.01643203634919
439191,83.85991569931667
439242,78.58580568186085
439293,52.71054330817261
439344,99.01643203634919
439395,73.54759939979473
439446,99.01643203634919
439497,87.25032085589355
439548,93.56150168792499
439599,99.01643203634919
439650,99.01643203634919
439701,18.00738144468493
439752,94.28978337975363
439803,22.695233649465134
439854,56.491409369771965
439905,36.263737565986446
439956,99.01643203634919
440007,17.265488070999364
440058,68.49531057012776
440109,97.24907091534413
440160,99.01643203634919
440211,99.01643203634919
440262,99.01643203634919
440313,83.94532910191592
440364,92.83131783221839
440415,99.01643203634919
440466,99.01643203634919
440517,74.61813499119503
440568,99.01643203634919
440619,99.01643203634919
440670,88.90432550987141
440721,69.28420790409918
440772,40.44184879505935
440823,79.20194220516781
440874,73.77744437613677
440925,99.01643203634919
440976,99.01643203634919
441027,92.69223647668143
441078,95.69503821225159
441129,99.01643203634919
441180,64.90335972026594
441231,33.26881763803872
441282,83.2529371262398
441333,78.69834530910427
441384,13.832436555010759
441435,70.5984914675157
441486,99.01643203634919
441537,99.01643203634919
441588,89.74787115323285
441639,45.97003635893693
441690,56.208225569212516
441741,70.92937474701554
441792,99.01643203634919
441843,27.061191636834664
441894,99.01643203634919
441945,93.63984571981076
441996,43.63011472447306
442047,74.72235913306473
442098,58.79099020917879
442149,99.01643203634919
442200,81.2820684555141
442251,99.01643203634919
442302,90.67368149988067
442353,44.26491922668245
442404,70.60577745695879
442455,99.01643203634919
442506,99.01643203634919
442557,99.01643203634919
442608,75.96167676095135
442659,80.90218359517263
442710,99.01643203634919
442761,33.5885095989023
442812,68.59284337701678
442863,84.11954264459635
442914,74.13288479106777
442965,71.98190332177987
443016,99.01643203634919
443067,99.01643203634919
443118,42.27425885254622
443169,99.01643203634919
443220,88.24214495010712
443271,78.59990224898701
443322,54.81632069627039
443373,35.25599246271414
443424,99.01643203634919
443475,85.87186661447531
443526,61.2103615595611
443577,76.50075430147633
443628,25.46741045415352
443679,54.2079844679252
443730,99.01643203634919
443781,92.41572417578747
443832,83.8668466857369
443883,80.11060569058579
443934,80.67483351151168
443985,99.01643203634919
444036,76.69339122397783
444087,99.01643203634919
444138,88.75088012251403
444189,76.02800977764066
444240,35.91997658929476
444291,88.84082988168787
444342,83.96633515079472
444393,74.8427365418876
444444,99.01643203634919
444495,99.01643203634919
444546,97.57430787438506
444597,99.01643203634919
444648,90.72699271887748
444699,99.01643203634919
444750,99.01643203634919
444801,68.4890934967688
444852,88.67955911201565
444903,68.30247592173731
444954,52.31415358496056
445005,59.77063430753921
445056,52.70957317416321
445107,30.31712159160013
445158,99.01643203634919
445209,99.01643203634919
445260,85.12943769570057
445311,44.947944165127815
445362,80.66748545754184
445413,99.01643203634919
445464,90.09490322625328
445515,99.01643203634919
445566,66.04411555377791
445617,42.2162428664859
445668,67.19670654278089
445719,99.01643203634919
445770,84.04832343082921
445821,99.01643203634919
445872,99.01643203634919
445923,99.01643203634919
445974,99.01643203634919
446025,74.71685174137174
446076,82.13113931348178
446127,90.98143407413342
446178,78.44496030319425
446229,99.01643203634919
446280,76.94386393219602
446331,99.01643203634919
446382,90.42159914174925
446433,99.01643203634919
446484,54.15257530321776
446535,99.01643203634919
446586,88.8154502832094
446637,99.01643203634919
446688,27.211813559541376
446739,36.13340724331589
446790,99.01643203634919
446841,75.08590604382866
446892,96.07171744173273
446943,99.01643203634919
446994,41.259594362416706
447045,25.952341678730907
447096,57.80150209360266
447147,99.01643203634919
447198,50.20720192423283
447249,99.01643203634919
447300,95.05033045213567
447351,50.949200491620175
447402,70.16170627700662
447453,66.46041279062878
447504,43.59392664064611
447555,60.708340821659206
447606,62.32106875967242
447657,64.29298828208107
447708,99.01643203634919
447759,99.01643203634919
447810,56.73056323064708
447861,99.01643203634919
447912,99.01643203634919
447963,91.16849994450695
448014,33.83738974876011
448065,99.01643203634919
448116,99.01643203634919
448167,99.01643203634919
448218,99.01643203634919
448269,75.80265506596257
448320,42.72729046043874
448371,84.93100108728274
448422,99.01643203634919
448473,99.01643203634919
448524,99.01643203634919
448575,99.01643203634919
448626,99.01643203634919
448677,82.59573240655094
448728,99.01643203634919
448779,71.3238914532626
448830,99.01643203634919
448881,99.01643203634919
448932,84.67485201774787
448983,81.81843393687302
449034,18.187400266975366
449085,63.60829731652545
449136,87.73334096187043
449187,99.01643203634919
449238,99.01643203634919
449289,59.54155307833192
449340,89.75252693359838
449391,76.21760843409595
449442,84.28819124470618
449493,20.328083583479724
449544,99.01643203634919
449595,99.01643203634919
449646,99.01643203634919
449697,63.99261235052422
449748,93.70766258252839
449799,99.01643203634919
449850,99.01643203634919
449901,76.3856895546574
449952,83.99752468477067
450003,99.01643203634919
450054,99.01643203634919
450105,42.221658097645275
450156,99.01643203634919
450207,99.01643203634919
450258,95.44547751845893
450309,26.29412519104446
450360,46.397730439963496
450411,79.65954202941428
450462,94.66034154608343
450513,99.01643203634919
450564,56.9610902738972
450615,12.705974545077156
450666,99.01643203634919
450717,29.98018402325503
450768,82.17883427983715
450819,99.01643203634919
450870,85.57926932572988
450921,78.28189024839524
450972,15.682844402065081
451023,99.01643203634919
451074,96.30068416702913
451125,99.01643203634919
451176,85.54632962231321
451227,74.57938592679913
451278,81.7674724109035
451329,87.79499820177507
451380,67.46032398039527
451431,74.77645876459565
451482,99.01643203634919
451533,83.8459890269988
451584,99.01643203634919
451635,96.49955061808146
451686,74.00034504842525
451737,84.20025568170104
451788,72.09778229719844
451839,99.01643203634919
451890,92.24837453767933
451941,99.01643203634919
451992,84.9219085649774
452043,42.442275848385854
452094,99.01643203634919
452145,99.01643203634919
452196,92.54081097134234
452247,99.01643203634919
452298,79.32216430215713
452349,91.16907159801572
452400,79.73303927989399
452451,99.01643203634919
452502,86.57694512193089
452553,84.15080376113711
452604,77.12638255178706
452655,99.01643203634919
452706,99.01643203634919
452757,57.52123552992514
452808,99.01643203634919
452859,84.24057843133421
452910,99.01643203634919
452961,78.85230320076788
453012,76.04735838502361
453063,99.01643203634919
453114,84.68678134997063
453165,63.05909251501827
453216,99.01643203634919
453267,99.01643203634919
453318,50.054961994608846
453369,86.58697759907112
453420,66.09926295010659
453471,93.53028487299935
453522,87.22130025626548
453573,99.01643203634919
453624,75.76647698343635
453675,99.01643203634919
453726,99.01643203634919
453777,99.01643203634919
453828,48.42565218158319
453879,75.73001609989166
453930,99.01643203634919
453981,99.01643203634919
454032,99.01643203634919
454083,69.09394097810376
454134,68.70105360235998
454185,41.246488536026476
454236,50.40728179719385
454287,99.01643203634919
454338,99.01643203634919
454389,73.70865148118993
454440,99.01643203634919
454491,99.01643203634919
454542,86.74694760559044
454593,89.97604476121678
454644,79.19545927542606
454695,92.46595463018033
454746,80.25789984791572
454797,31.859263457370048
454848,75.66409992609611
454899,41.83717695194421
454950,9.775071218283005
455001,38.864597636424314
455052,62.208868000451666
455103,75.69934688860309
455154,86.37117784051088
455205,99.01643203634919
455256,48.55631503108658
455307,88.96429045889599
455358,76.59864659773838
455409,64.67124536432311
455460,86.79061760278931
455511,75.02480276038416
455562,83.32007645133548
455613,99.01643203634919
455664,93.27440920487638
455715,77.24606449643079
455766,73.66280642938769
455817,46.7279859715498
455868,99.01643203634919
455919,70.16138453297877
455970,27.602330939618987
456021,71.32280722968767
456072,58.81919109046525
456123,54.565796512651666
456174,69.67847352126194
456225,28.238108750968888
456276,38.83886575492407
456327,37.989071370079756
456378,99.01643203634919
456429,78.64484147824146
456480,99.01643203634919
456531,72.95359843668534
456582,85.47550794336664
456633,99.01643203634919
456684,82.12157520063639
456735,91.56272410219302
456786,99.01643203634919
456837,94.77284565920893
456888,52.41363156398876
456939,90.46183321163147
456990,50.45195022984524
457041,99.01643203634919
457092,99.01643203634919
457143,59.434393843056334
457194,29.312582839279415
457245,33.99597259224307
457296,42.199002407164386
457347,89.68310388554245
457398,75.98811609233282
457449,79.12804790395802
457500,78.98297609769044
457551,31.746119593774246
457602,94.01996209909694
457653,20.601832607959427
457704,93.42523888104867
457755,99.01643203634919
457806,80.71357749462742
457857,99.01643203634919
457908,90.48223890980324
457959,93.35094389158373
458010,99.01643203634919
458061,19.740590796917733
458112,99.01643203634919
458163,29.528676334781593
458214,93.27900362938148
458265,72.8263426584407
458316,71.63752464244514
458367,58.28045215488691
458418,92.49002458013686
458469,99.01643203634919
458520,99.01643203634919
458571,79.95422224012927
458622,59.92620365808665
458673,99.01643203634919
458724,90.62787446101868
458775,99.01643203634919
458826,99.01643203634919
458877,99.01643203634919
458928,85.00360808226442
458979,82.09761045541302
459030,99.01643203634919
459081,99.01643203634919
459132,54.3129863149952
459183,67.60271741975127
459234,47.769085008131775
459285,22.957224160555707
459336,82.23346443863876
459387,99.01643203634919
459438,71.63440003241861
459489,78.14149232538797
459540,78.3865316545556
459591,99.01643203634919
459642,99.01643203634919
459693,99.01643203634919
459744,99.01643203634919
459795,99.01643203634919
459846,99.01643203634919
459897,24.086137864528826
459948,85.72239548553492
459999,99.01643203634919
460050,69.50206105375997
460101,99.01643203634919
460152,99.01643203634919
460203,86.29597130160029
460254,99.01643203634919
460305,99.01643203634919
460356,86.65478590868639
460407,93.25531667996505
460458,74.49278042465819
460509,99.01643203634919
460560,85.99431337430842
460611,78.96975048431239
460662,99.01643203634919
460713,99.01643203634919
460764,82.61335201943808
460815,99.01643203634919
460866,74.24141184284042
460917,99.01643203634919
460968,89.45084422236697
461019,99.01643203634919
461070,99.01643203634919
461121,99.01643203634919
461172,24.669117815573255
461223,99.01643203634919
461274,99.01643203634919
461325,39.94398076708399
461376,90.72541807135822
461427,27.188013122869545
461478,99.01643203634919
461529,89.20093017227765
461580,88.20722592633072
461631,99.01643203634919
461682,99.01643203634919
461733,85.86150221990071
461784,99.01643203634919
461835,73.32431067662243
461886,99.01643203634919
461937,69.68715284899223
461988,99.01643203634919
462039,99.01643203634919
462090,90.63307843654884
462141,47.33857922544828
462192,80.90683989533085
462243,99.01643203634919
462294,99.01643203634919
462345,99.01643203634919
462396,81.05934714595615
462447,33.149577866972535
462498,36.14697097632486
462549,39.098450675123715
462600,75.25184885539966
462651,85.122956167318
462702,67.42158307023654
462753,99.01643203634919
462804,83.60128551730669
462855,74.79974908278493
462906,91.31173633089597
462957,87.77604425686764
463008,99.01643203634919
463059,84.80472293431394
463110,99.01643203634919
463161,77.14164441594092
463212,99.01643203634919
463263,96.86598015764561
463314,53.023338413020994
463365,99.01643203634919
463416,23.8530229089756
463467,99.01643203634919
463518,99.01643203634919
463569,87.09611152792267
463620,75.35289854374562
463671,99.01643203634919
463722,95.96365765548701
463773,99.01643203634919
463824,81.29224009180871
463875,99.01643203634919
463926,85.50404735270322
463977,86.69908033726071
464028,63.1580969486022
464079,99.01643203634919
464130,91.18105254151466
464181,91.01683858483392
464232,99.01643203634919
464283,88.14333802628903
464334,99.01643203634919
464385,99.01643203634919
464436,99.01643203634919
464487,99.01643203634919
464538,82.67081768217932
464589,34.21785068602552
464640,99.01643203634919
464691,52.72359092853178
464742,73.65294766718122
464793,85.40815798769519
464844,86.85180983843928
464895,99.01643203634919
464946,88.2101259380396
464997,99.01643203634919
465048,99.01643203634919
465099,96.17893663979511
465150,99.01643203634919
465201,75.02147301002317
465252,82.13520045439412
465303,99.01643203634919
465354,38.006469227671424
465405,40.44817613869776
465456,52.93993368527745
465507,29.161398872419152
465558,89.51968829205653
465609,35.597732671120056
465660,99.01643203634919
465711,99.01643203634919
465762,72.59973622926982
465813,99.01643203634919
465864,75.91898820874412
465915,84.61000425031442
465966,94.25936637388803
466017,99.01643203634919
466068,72.07035616485688
466119,99.01643203634919
466170,99.01643203634919
466221,84.04361697740623
466272,50.38915157600671
466323,69.76111027110474
466374,99.01643203634919
466425,99.01643203634919
466476,28.9544788262268
466527,74.81041393027012
466578,99.01643203634919
466629,22.44798946608495
466680,43.451882710462414
466731,99.01643203634919
466782,99.01643203634919
466833,80.38717836835092
466884,99.01643203634919
466935,78.37997539870149
466986,85.0932471530619
467037,99.01643203634919
467088,99.01643203634919
467139,65.49902597166398
467190,99.01643203634919
467241,28.6609626298377
467292,99.01643203634919
467343,89.57103346113222
467394,99.01643203634919
467445,99.01643203634919
467496,81.15429532035084
467547,99.01643203634919
467598,69.50978569365944
467649,80.07343073931904
467700,49.83644607426787
467751,82.68955716131285
467802,99.01643203634919
467853,99.01643203634919
467904,99.01643203634919
467955,84.87053862742712
468006,79.62604618604996
468057,99.01643203634919
468108,99.01643203634919
468159,99.01643203634919
468210,78.23996626144678
468261,70.28043284519349
468312,87.49829895206744
468363,99.01643203634919
468414,80.57887061874177
468465,64.41710592943225
468516,59.839582954568115
468567,90.64142564979882
468618,66.10350147510715
468669,87.00347589073404
468720,99.01643203634919
468771,99.01643203634919
468822,76.61275019696981
468873,50.56796386440597
468924,48.026122440079426
468975,62.4239997951587
469026,73.53277329832191
469077,71.88757786516915
469128,80.7690290170489
469179,87.24446451448978
469230,52.5058989070545
469281,99.01643203634919
469332,99.01643203634919
469383,99.01643203634919
469434,75.97270055779457
469485,68.53338995838612
469536,99.01643203634919
469587,99.01643203634919
469638,91.14453052164336
469689,99.01643203634919
469740,60.955549178584825
469791,81.65863795636952
469842,99.01643203634919
469893,61.342354551791644
469944,99.01643203634919
469995,99.01643203634919
470046,81.79198982109554
470097,27.674542701566704
470148,81.20675858891448
470199,80.73755256344013
470250,90.09828124483637
470301,99.01643203634919
470352,43.249413241022296
470403,99.01643203634919
470454,80.52976573264836
470505,75.04988643686528
470556,99.01643203634919
470607,78.93182170004746
470658,84.28834445174006
470709,85.3953799573307
470760,77.26264159999289
470811,92.26440821615742
470862,81.3469937601933
470913,85.22886512293682
470964,99.01643203634919
471015,99.01643203634919
471066,66.5799883884718
471117,43.2687438592572
471168,30.262112987909624
471219,99.01643203634919
471270,58.88011951624673
471321,41.81922488864584
471372,99.01643203634919
471423,99.01643203634919
471474,99.01643203634919
471525,43.055202540895955
471576,88.51686973007465
471627,99.01643203634919
471678,99.01643203634919
471729,85.70228077545987
471780,99.01643203634919
471831,34.029021896332
471882,88.53417092917213
471933,82.63608705832131
471984,68.15052163877147
472035,80.53825431396442
472086,63.79705273492664
472137,42.53130954751136
472188,68.5777666389076
472239,99.01643203634919
472290,99.01643203634919
472341,99.01643203634919
472392,56.589153750379886
472443,92.27025886751915
472494,99.01643203634919
472545,29.47512311717132
472596,99.01643203634919
472647,99.01643203634919
472698,93.8542450838287
472749,52.337860322475166
472800,99.01643203634919
472851,99.01643203634919
472902,66.48565763384674
472953,99.01643203634919
473004,87.62622043904031
473055,61.47578114154103
473106,99.01643203634919
473157,91.62870210636468
473208,90.74904415142653
473259,97.57204270565255
473310,41.907280352772055
473361,99.01643203634919
473412,66.97533439309956
473463,64.65581327225594
473514,99.01643203634919
473565,74.53796159084926
473616,79.80692811183538
473667,85.63510807683859
473718,66.05038277989125
473769,99.01643203634919
473820,99.01643203634919
473871,99.01643203634919
473922,95.36214274918504
473973,99.01643203634919
474024,57.291329973667516
474075,43.05432082780452
474126,68.32232141383126
474177,84.90043917541462
474228,74.98662198023585
474279,99.01643203634919
474330,35.82190659789765
474381,94.29723347553242
474432,69.52680012863068
474483,92.08191953341398
474534,93.3930150799858
474585,99.01643203634919
474636,99.01643203634919
474687,99.01643203634919
474738,99.01643203634919
474789,68.78428478820607
474840,42.3630192957251
474891,89.29588347057631
474942,99.01643203634919
474993,43.198895963115774
475044,99.01643203634919
475095,88.39069521033117
475146,35.43442083661759
475197,61.24087866375651
475248,99.01643203634919
475299,27.607208314449874
475350,28.629020815250428
475401,99.01643203634919
475452,99.01643203634919
475503,23.82289218277457
475554,46.70845136138477
475605,99.01643203634919
475656,99.01643203634919
475707,74.93450029822813
475758,99.01643203634919
475809,97.84336048900111
475860,99.01643203634919
475911,99.01643203634919
475962,99.01643203634919
476013,62.22212416406109
476064,20.036399115375097
476115,90.0958103063362
476166,75.83980584039767
476217,91.10972189909036
476268,84.5397631782805
476319,99.01643203634919
476370,75.640888614933
476421,99.01643203634919
476472,99.01643203634919
476523,74.98824063352723
476574,99.01643203634919
476625,88.78902074678513
476676,99.01643203634919
476727,99.01643203634919
476778,45.8050123975777
476829,60.63692257986088
476880,80.66949849623009
476931,99.01643203634919
476982,31.29311382718826
477033,81.198355072731
477084,99.01643203634919
477135,85.5647226584929
477186,73.52391718253998
477237,10.119020239999577
477288,99.01643203634919
477339,99.01643203634919
477390,99.01643203634919
477441,87.10918321920502
477492,99.01643203634919
477543,57.73353885518538
477594,99.01643203634919
477645,42.5457037440613
477696,84.77668145588753
477747,99.01643203634919
477798,29.304907183579164
477849,75.79402500971007
477900,95.54612194864208
477951,99.01643203634919
478002,73.71920829765986
478053,99.01643203634919
478104,99.01643203634919
478155,72.86114076808077
478206,99.01643203634919
478257,71.11497290641488
478308,99.01643203634919
478359,55.729250376835445
478410,16.56462983196588
478461,99.01643203634919
478512,93.25619047085618
478563,87.9375668947276
478614,82.76857985011834
478665,77.2489277563843
478716,90.33470841619058
478767,92.75728117047413
478818,85.42434231685327
478869,65.60847913568513
478920,70.9684644677786
478971,74.15786538020096
479022,99.01643203634919
479073,92.18742782941308
479124,84.88868370740421
479175,25.182020777934188
479226,25.004770732467765
479277,99.01643203634919
479328,73.19156341239943
479379,99.01643203634919
479430,68.40312452063306
479481,89.13874038024987
479532,99.01643203634919
479583,57.973551320866285
479634,64.86184296562283
479685,71.28274227809632
479736,90.2757784686817
479787,99.01643203634919
479838,99.01643203634919
479889,99.01643203634919
479940,78.25774622318713
479991,99.01643203634919
480042,88.5737846090856
480093,89.63582185775036
480144,40.05014254074896
480195,71.82075412669572
480246,99.01643203634919
480297,76.76880045045908
480348,48.2700629129092
480399,89.63286927204585
480450,90.35441949411346
480501,83.82149549764807
480552,39.44267622787103
480603,42.644894018459
480654,33.49455726764793
480705,69.16187860993298
480756,99.01643203634919
480807,69.28154435751392
480858,32.532419207244544
480909,99.01643203634919
480960,93.09129503084236
481011,33.3116468211232
481062,99.01643203634919
481113,99.01643203634919
481164,99.01643203634919
481215,99.01643203634919
481266,99.01643203634919
481317,19.643976546776287
481368,99.01643203634919
481419,85.76613513016522
481470,91.83779188442767
481521,66.41584706583362
481572,99.01643203634919
481623,92.17961534775955
481674,67.19272899854971
481725,46.46606602931599
481776,99.01643203634919
481827,99.01643203634919
481878,87.57381267978704
481929,99.01643203634919
481980,89.58623254506
482031,99.01643203634919
482082,44.655508781144256
482133,90.95030212719696
482184,99.01643203634919
482235,89.00946162768489
482286,55.0513926012811
482337,99.01643203634919
482388,47.71954040815482
482439,55.16959940216045
482490,73.47047442810889
482541,36.589244901141285
482592,43.92030554310261
482643,72.15743438077735
482694,87.10639175301651
482745,99.01643203634919
482796,43.016256352064545
482847,99.01643203634919
482898,83.45283958435388
482949,99.01643203634919
483000,86.61000319580452
483051,49.035935335333676
483102,68.3843869005614
483153,99.01643203634919
483204,52.027988514302535
483255,99.01643203634919
483306,72.79482597058346
483357,78.18187863384831
483408,28.30080676359511
483459,99.01643203634919
483510,76.00712648793127
483561,41.93209301319779
483612,39.9299629527914
483663,67.78799123623116
483714,99.01643203634919
483765,42.06921308909516
483816,99.01643203634919
483867,86.93798948320337
483918,78.23492735500325
483969,99.01643203634919
484020,84.17496707626671
484071,99.01643203634919
484122,99.01643203634919
484173,99.01643203634919
484224,99.01643203634919
484275,97.73339971040625
484326,31.63393700098259
484377,69.81022454017067
484428,38.56464720633745
484479,99.01643203634919
484530,45.55325331803943
484581,85.29713871255103
484632,99.01643203634919
484683,91.5773995549009
484734,74.00300631200777
484785,99.01643203634919
484836,63.395536860696616
484887,93.70360767830549
484938,59.15572933390995
484989,33.90789462315979
485040,99.01643203634919
485091,84.57991935033779
485142,99.01643203634919
485193,99.01643203634919
485244,99.01643203634919
485295,65.87615239856017
485346,64.91004662461923
485397,82.82802240116992
485448,70.86923737072559
485499,83.04434273458159
485550,91.66154609543636
485601,99.01643203634919
485652,99.01643203634919
485703,99.01643203634919
485754,53.19164713857895
485805,31.499014458659662
485856,40.396126137249716
485907,99.01643203634919
485958,56.15901580058288
486009,80.08795661033139
486060,85.28569484453303
486111,99.01643203634919
486162,35.2813088409083
486213,99.01643203634919
486264,87.81881178365836
486315,85.39054763427833
486366,99.01643203634919
486417,52.29854314036449
486468,89.20780624658961
486519,99.01643203634919
486570,99.01643203634919
486621,92.51599307357668
486672,95.51318327340073
486723,82.93735739671313
486774,62.42728593971599
486825,99.01643203634919
486876,67.65791380465265
486927,39.94311214552935
486978,80.1628033403733
487029,99.01643203634919
487080,99.01643203634919
487131,99.01643203634919
487182,99.01643203634919
487233,99.01643203634919
487284,99.01643203634919
487335,59.31549054937497
487386,99.01643203634919
487437,90.48888019136469
487488,99.01643203634919
487539,75.43348299061563
487590,99.01643203634919
487641,56.42020096131993
487692,87.15498826392056
487743,99.01643203634919
487794,71.72709842681968
487845,71.26734527362271
487896,99.01643203634919
487947,67.65565065065165
487998,66.34747088456626
488049,45.095982868344706
488100,89.69632831798262
488151,66.78473328101786
488202,47.52280379956167
488253,44.244713053324205
488304,99.01643203634919
488355,54.05767130203262
488406,65.16335643666393
488457,87.87279320958459
488508,42.7349545824867
488559,73.06756549604567
488610,61.74864659200112
488661,58.510569166817106
488712,99.01643203634919
488763,85.13184878702003
488814,25.771057161917245
488865,99.01643203634919
488916,51.09496448919571
488967,99.01643203634919
489018,99.01643203634919
489069,42.8301489038317
489120,99.01643203634919
489171,94.93806792497631
489222,99.01643203634919
489273,80.73372863452528
489324,99.01643203634919
489375,73.89890839160762
489426,99.01643203634919
489477,99.01643203634919
489528,99.01643203634919
489579,73.52819138946033
489630,99.01643203634919
489681,99.01643203634919
489732,90.47925901136
489783,64.63474300825764
489834,34.30650475067742
489885,99.01643203634919
489936,46.073703828469334
489987,51.91669764736498
490038,49.66837005634165
490089,77.18620963843581
490140,56.74755251616963
490191,99.01643203634919
490242,70.47959970587176
490293,75.16895139087939
490344,99.01643203634919
490395,86.62510537460447
490446,81.73718928273267
490497,38.782470092211135
490548,29.554511743281083
490599,99.01643203634919
490650,72.92369975327748
490701,78.65876578293081
490752,45.61136412018483
490803,35.08120770963797
490854,87.04684925870494
490905,64.31916080736498
490956,69.73871198873195
491007,39.34067821910947
491058,43.839570112475826
491109,82.48682490812068
491160,78.37282660553353
491211,91.26306052098188
491262,68.83676476537866
491313,83.32932987903853
491364,99.01643203634919
491415,99.01643203634919
491466,73.61340500815692
491517,75.88884804010473
491568,23.863341603255446
491619,94.13837497180971
491670,78.89180721187536
491721,13.288016443018385
491772,99.01643203634919
491823,91.71464696556059
491874,69.20166014673097
491925,99.01643203634919
491976,23.1998043935395
492027,99.01643203634919
492078,40.53862406941669
492129,88.00002628732271
492180,99.01643203634919
492231,90.81690554130896
492282,99.01643203634919
492333,39.88220739398245
492384,58.93828293306166
492435,61.99115358921992
492486,86.97225898077915
492537,60.029460964161004
492588,99.01643203634919
492639,86.2580675704785
492690,70.0069894695018
492741,99.01643203634919
492792,99.01643203634919
492843,71.61562200406291
492894,91.61694428418966
492945,75.79145840703308
492996,99.01643203634919
493047,70.09068328472944
493098,64.17320618367242
493149,99.01643203634919
493200,91.96232910106522
493251,99.01643203634919
493302,99.01643203634919
493353,92.38327353777747
493404,99.01643203634919
493455,99.01643203634919
493506,83.40394578034628
493557,55.82449652387025
493608,82.08532254719618
493659,78.57229158084023
493710,40.721405748153266
493761,99.01643203634919
493812,99.01643203634919
493863,99.01643203634919
493914,92.96156863076452
493965,87.97228394493455
494016,44.094311303287
494067,95.08938239321954
494118,87.54694205643125
494169,87.35189951017719
494220,99.01643203634919
494271,99.01643203634919
494322,99.01643203634919
494373,63.05135847316357
494424,99.01643203634919
494475,96.70978171066339
494526,90.76418272767462
494577,93.62533481397723
494628,84.8729956672484
494679,99.01643203634919
494730,89.54189274152368
494781,99.01643203634919
494832,85.9551787077757
494883,89.91490696284046
494934,78.6980414774274
494985,64.83545924627474
495036,60.968856948721225
495087,39.091284405048334
495138,79.36309804059779
495189,99.01643203634919
495240,99.01643203634919
495291,49.58621015853966
495342,53.344482835322246
495393,77.2518341307563
495444,44.77981721441607
495495,94.43345064570318
495546,71.92055989186417
495597,99.01643203634919
495648,99.01643203634919
495699,99.01643203634919
495750,84.85113745535811
495801,45.55677587071331
495852,99.01643203634919
495903,66.04984554004942
495954,68.04479481370726
496005,99.01643203634919
496056,56.0516012948796
496107,66.38479145014402
496158,51.09476084819749
496209,54.39323028490768
496260,99.01643203634919
496311,53.48713254119367
496362,87.97772565257871
496413,71.80457421665942
496464,87.62061274303939
496515,90.32679389340868
496566,75.9812072844157
496617,85.45207805097606
496668,99.01643203634919
496719,33.058304458306075
496770,67.36496570775265
496821,70.90130242421097
496872,99.01643203634919
496923,87.10205700146051
496974,38.70247047178401
497025,99.01643203634919
497076,35.88958126289092
497127,94.17964138410463
497178,40.66056801438197
497229,92.75560591785131
497280,35.80330721069043
497331,99.01643203634919
497382,76.70290363068973
497433,99.01643203634919
497484,99.01643203634919
497535,99.01643203634919
497586,99.01643203634919
497637,99.01643203634919
497688,79.65202088983519
497739,82.0823494241269
497790,87.82602610662454
497841,64.31360967496158
497892,53.74307986530819
497943,33.7154517090979
497994,39.319576551841585
498045,99.01643203634919
498096,99.01643203634919
498147,88.24257204390028
498198,99.01643203634919
498249,23.612728400051456
498300,91.63821375826294
498351,85.53851248827252
498402,99.01643203634919
498453,81.62842474350275
498504,65.07302581085901
498555,99.01643203634919
498606,78.94792693619142
498657,99.01643203634919
498708,84.63548361346767
498759,60.88541431798817
498810,90.18882792237335
498861,99.01643203634919
498912,93.9114276229328
498963,99.01643203634919
499014,99.01643203634919
499065,99.01643203634919
499116,47.29884599540663
499167,99.01643203634919
499218,99.01643203634919
499269,99.01643203634919
499320,75.95084499671337
499371,99.01643203634919
499422,89.01267291786648
499473,39.120585302177005
499524,99.01643203634919
499575,99.01643203634919
499626,76.47503040024442
499677,50.90412208085559
499728,99.01643203634919
499779,41.977396011642675
499830,99.01643203634919
499881,42.90243166942986
499932,99.01643203634919
499983,99.01643203634919
500034,99.01643203634919
500085,99.01643203634919
500136,43.23233623648003
500187,86.03501408213297
500238,44.35236308325958
500289,92.03084834975323
500340,99.01643203634919
500391,96.48127308247297
500442,47.00504018802953
500493,58.54240318878185
500544,85.9746390290929
500595,98.16167042556245
500646,56.88300384878347
500697,92.38343712590823
500748,94.7481597624271
500799,49.091702421971455
500850,99.01643203634919
500901,85.6613812087189
500952,99.01643203634919
501003,99.01643203634919
501054,54.75300588516134
501105,99.01643203634919
501156,95.03580764858229
501207,99.01643203634919
501258,48.371918016508275
501309,99.01643203634919
501360,67.70791356790672
501411,89.18951458693206
501462,91.36136154717138
501513,73.0174736199245
501564,75.73834580278759
501615,82.4958388967323
501666,99.01643203634919
501717,88.5042821240981
501768,69.93410549024752
501819,75.84388981856974
501870,99.01643203634919
501921,99.01643203634919
501972,89.24366724693756
502023,99.01643203634919
502074,76.99351883797962
502125,35.05399975236867
502176,99.01643203634919
502227,70.83457652193829
502278,61.88117317998305
502329,99.01643203634919
502380,80.03741341062992
502431,46.94983045025556
502482,48.001388541419935
502533,83.74719936239181
502584,99.01643203634919
502635,99.01643203634919
502686,99.01643203634919
502737,80.53894245468994
502788,99.01643203634919
502839,61.11669471435804
502890,55.426550672376415
502941,99.01643203634919
502992,93.70714904377331
503043,50.29947298984554
503094,67.43689616911404
503145,99.01643203634919
503196,82.5600375538463
503247,64.55759006216564
503298,99.01643203634919
503349,99.01643203634919
503400,99.01643203634919
503451,99.01643203634919
503502,74.37931879108069
503553,46.685382060260494
503604,99.01643203634919
503655,99.01643203634919
503706,30.755897320844294
503757,46.40826015257897
503808,29.86723580020187
503859,69.35194513576167
503910,91.78924038580962
503961,54.01113377067646
504012,92.35391665473091
504063,99.01643203634919
504114,99.01643203634919
504165,99.01643203634919
504216,95.52977582312302
504267,35.480464781417645
504318,99.01643203634919
504369,99.01643203634919
504420,50.56766573070471
504471,59.19784142942197
504522,99.01643203634919
504573,99.01643203634919
504624,91.60848920530127
504675,99.01643203634919
504726,99.01643203634919
504777,99.01643203634919
504828,43.30163268639979
504879,77.76068665691464
504930,89.89562758653602
504981,75.19951186647938
505032,99.01643203634919
505083,99.01643203634919
505134,99.01643203634919
505185,99.01643203634919
505236,68.05681541671782
505287,54.69130881827142
505338,78.76358469656608
505389,85.85868126460986
505440,89.40395683656396
505491,90.9233002612538
505542,99.01643203634919
505593,69.23612038008967
505644,11.508561773097114
505695,41.91205846037399
505746,94.84989052426333
505797,90.85457842635302
505848,90.09719084709756
505899,41.98050348702134
505950,99.01643203634919
506001,92.11115395747336
506052,25.738214906696903
506103,81.68128735469776
506154,69.30615191179821
506205,63.57444412177047
506256,66.29740086381491
506307,39.99782124081197
506358,39.92254716140142
506409,89.99682132467105
506460,73.70309257057272
506511,91.36404406085288
506562,54.687842731893646
506613,59.06655648059115
506664,84.04567239336826
506715,99.01643203634919
506766,85.81935064799862
506817,86.10062714507362
506868,69.43645670812869
506919,99.01643203634919
506970,88.32617979980982
507021,33.76703851699064
507072,99.01643203634919
507123,75.54542665844049
507174,62.3947469964595
507225,95.72086133776648
507276,81.33916101605475
507327,99.01643203634919
507378,99.01643203634919
507429,86.72593721942279
507480,73.83191679825623
507531,95.28353641289614
507582,99.01643203634919
507633,99.01643203634919
507684,82.01102696523243
507735,89.18135464452884
507786,64.71209070441827
507837,99.01643203634919
507888,71.44448676019964
507939,99.01643203634919
507990,99.01643203634919
508041,69.75902210617677
508092,54.01638272478011
508143,39.90966369999857
508194,70.29777564755766
508245,84.08961050522629
508296,45.6774185472303
508347,95.80466334783051
508398,99.01643203634919
508449,39.95854017472081
508500,82.05754352998231
508551,49.70709422788266
508602,64.49411038529388
508653,99.01643203634919
508704,89.33695099429116
508755,55.26730269445132
508806,83.31804582162819
508857,99.01643203634919
508908,80.00227102444786
508959,80.41318060599419
509010,55.72906490695909
509061,64.82930991025216
509112,83.26451061100808
509163,99.01643203634919
509214,90.40776451332133
509265,42.233726491603015
509316,60.431739156347
509367,76.91657587666052
509418,99.01643203634919
509469,99.01643203634919
509520,46.776271453668365
509571,92.96412475349817
509622,64.55650458029854
509673,99.01643203634919
509724,99.01643203634919
509775,99.01643203634919
509826,99.01643203634919
509877,99.01643203634919
509928,21.89732492165311
509979,85.30993669725716
