,effective_capacity_MW_end
30,66.04229669400222
81,99.01643203634919
132,78.65146856403378
183,70.95391820269698
234,99.01643203634919
285,99.01643203634919
336,61.184097591988596
387,85.74732236066767
438,68.94042057995827
489,99.01643203634919
540,92.47020063702716
591,28.941738000768545
642,99.01643203634919
693,99.01643203634919
744,70.83111342535845
795,68.50545463511882
846,99.01643203634919
897,59.78820223352834
948,81.47045901030762
999,50.78647090899399
1050,99.01643203634919
1101,61.53243924176332
1152,92.0686765268925
1203,40.74196639049444
1254,71.86841283135212
1305,99.01643203634919
1356,46.62468195435177
1407,71.2033556165084
1458,68.97676479930516
1509,99.01643203634919
1560,72.73623124326522
1611,27.83385026154925
1662,99.01643203634919
1713,99.01643203634919
1764,31.419028314502384
1815,99.01643203634919
1866,99.01643203634919
1917,99.01643203634919
1968,99.01643203634919
2019,55.93358510422254
2070,50.08209977680137
2121,99.01643203634919
2172,45.18257826223803
2223,99.01643203634919
2274,58.11534856848043
2325,99.01643203634919
2376,88.20989460508618
2427,99.01643203634919
2478,87.77864386833596
2529,44.60334550993803
2580,99.01643203634919
2631,36.879836822621556
2682,82.6106726399748
2733,99.01643203634919
2784,85.43053111199684
2835,99.01643203634919
2886,99.01643203634919
2937,80.96893290715687
2988,99.01643203634919
3039,83.90030487350977
3090,99.01643203634919
3141,99.01643203634919
3192,62.50723995811536
3243,99.01643203634919
3294,83.31125779014852
3345,74.10331543553325
3396,99.01643203634919
3447,99.01643203634919
3498,99.01643203634919
3549,82.63709629487309
3600,99.01643203634919
3651,99.01643203634919
3702,99.01643203634919
3753,99.01643203634919
3804,85.06889622407562
3855,99.01643203634919
3906,73.69873363681984
3957,47.631693181297756
4008,43.732501126592744
4059,45.88594216836502
4110,99.01643203634919
4161,84.21804650058228
4212,27.42823982022461
4263,77.45366458953416
4314,37.95684143788178
4365,99.01643203634919
4416,99.01643203634919
4467,85.71610607162395
4518,99.01643203634919
4569,58.970948265495856
4620,99.01643203634919
4671,99.01643203634919
4722,70.30027721979518
4773,99.01643203634919
4824,99.01643203634919
4875,54.84774700953595
4926,99.01643203634919
4977,80.56996528501912
5028,86.84268192282445
5079,40.50026090446225
5130,45.687701705190385
5181,99.01643203634919
5232,99.01643203634919
5283,36.1535537835891
5334,99.01643203634919
5385,99.01643203634919
5436,99.01643203634919
5487,81.17716250993092
5538,30.60126025867322
5589,78.12828472621696
5640,50.514017168345106
5691,99.01643203634919
5742,99.01643203634919
5793,99.01643203634919
5844,99.01643203634919
5895,35.57214517020424
5946,80.39648425660033
5997,84.87602724539475
6048,99.01643203634919
6099,89.1823891175648
6150,99.01643203634919
6201,58.28376628564394
6252,77.99143241808596
6303,68.98136371486126
6354,87.22114093506956
6405,75.24643530196043
6456,76.203199679067
6507,62.74609867609008
6558,99.01643203634919
6609,62.430478029547984
6660,87.09009773954476
6711,99.01643203634919
6762,99.01643203634919
6813,16.427215137213377
6864,87.5672012152422
6915,33.633830884588924
6966,81.28767650260306
7017,47.57386829746689
7068,44.032067736610145
7119,85.84238815538049
7170,49.06421115087504
7221,99.01643203634919
7272,99.01643203634919
7323,71.9026738249343
7374,99.01643203634919
7425,78.5099960945481
7476,35.43319954768307
7527,27.984246006090675
7578,99.01643203634919
7629,99.01643203634919
7680,69.23801877962727
7731,60.98469434483562
7782,99.01643203634919
7833,99.01643203634919
7884,80.94061655202401
7935,70.58871972678511
7986,43.43361245063717
8037,53.32847493510644
8088,73.61656969808261
8139,70.03902576456676
8190,99.01643203634919
8241,99.01643203634919
8292,33.97793891697838
8343,80.99396202540497
8394,43.47228608611393
8445,99.01643203634919
8496,69.83717949858216
8547,70.92544398587366
8598,85.38099700600615
8649,69.5812285758835
8700,60.252565291563656
8751,99.01643203634919
8802,99.01643203634919
8853,76.52843851611625
8904,84.03398901339364
8955,99.01643203634919
9006,84.11855720546501
9057,91.09223907540051
9108,79.59834082961798
9159,75.51337847750312
9210,85.1204197498344
9261,99.01643203634919
9312,61.58869178787731
9363,64.67643918327046
9414,99.01643203634919
9465,68.90504549761847
9516,5.868594593594965
9567,13.218880370230048
9618,87.47012926347519
9669,99.01643203634919
9720,99.01643203634919
9771,79.21628883459616
9822,99.01643203634919
9873,90.73461854320308
9924,73.93089752966327
9975,40.07221313481705
10026,80.58378904046111
10077,23.84158952593866
10128,99.01643203634919
10179,84.08251403133552
10230,99.01643203634919
10281,88.2909573746818
10332,92.89473975089514
10383,97.13261630118858
10434,99.01643203634919
10485,60.357522597150975
10536,49.22815725299125
10587,39.716012440861576
10638,99.01643203634919
10689,71.92780176802594
10740,99.01643203634919
10791,86.55270290116754
10842,99.01643203634919
10893,99.01643203634919
10944,49.29449241146287
10995,92.61525154728052
11046,77.46040440309316
11097,54.01287827528414
11148,33.400821032027
11199,86.81002610304658
11250,48.97208313091497
11301,94.46879507153484
11352,88.04141313378705
11403,21.87981601214809
11454,99.01643203634919
11505,67.70717530214863
11556,89.016191365395
11607,99.01643203634919
11658,99.01643203634919
11709,85.79436663037814
11760,49.34859508809002
11811,99.01643203634919
11862,68.50829037481837
11913,99.01643203634919
11964,99.01643203634919
12015,51.49737369390101
12066,78.2521503586841
12117,26.478110740436474
12168,82.81219967142123
12219,99.01643203634919
12270,23.09971078034674
12321,88.65128785565872
12372,86.76729386179959
12423,88.80589087509266
12474,99.01643203634919
12525,52.65786921106034
12576,84.7169404720347
12627,37.833539434038855
12678,99.01643203634919
12729,88.46543500316294
12780,99.01643203634919
12831,92.43303955182134
12882,54.26885083009187
12933,3.68482829251355
12984,80.49595728681388
13035,22.30539143501537
13086,85.07832213336648
13137,99.01643203634919
13188,45.92567538373339
13239,38.88452390857863
13290,53.027720835366296
13341,97.07802844553136
13392,99.01643203634919
13443,65.7075866947858
13494,45.31594833034295
13545,58.587572872677036
13596,99.01643203634919
13647,42.48154242655613
13698,99.01643203634919
13749,86.95260932972899
13800,83.84734798605406
13851,99.01643203634919
13902,99.01643203634919
13953,84.3334767328698
14004,79.94764863212148
14055,86.74849913189496
14106,49.27125712931678
14157,46.456049470093035
14208,48.340021680561186
14259,99.01643203634919
14310,99.01643203634919
14361,82.34787934386114
14412,99.01643203634919
14463,84.15271304386891
14514,37.94270905303058
14565,99.01643203634919
14616,97.1181761221719
14667,85.02177727891242
14718,99.01643203634919
14769,76.65676097858417
14820,72.66598247944478
14871,99.01643203634919
14922,99.01643203634919
14973,84.10252666889173
15024,93.99837667141581
15075,30.530187379278765
15126,99.01643203634919
15177,99.01643203634919
15228,50.4419150257021
15279,99.01643203634919
15330,99.01643203634919
15381,99.01643203634919
15432,99.01643203634919
15483,99.01643203634919
15534,69.83772319220783
15585,99.01643203634919
15636,99.01643203634919
15687,99.01643203634919
15738,99.01643203634919
15789,99.01643203634919
15840,77.29768393572328
15891,87.03522802312014
15942,88.27651576478318
15993,99.01643203634919
16044,89.64507142810288
16095,99.01643203634919
16146,27.943169952199053
16197,93.25506592829174
16248,99.01643203634919
16299,99.01643203634919
16350,86.17159726445388
16401,99.01643203634919
16452,99.01643203634919
16503,99.01643203634919
16554,86.81100847003992
16605,99.01643203634919
16656,72.72395600855816
16707,26.469235199591154
16758,29.868494158259153
16809,33.63058850729312
16860,38.41052226280279
16911,72.87188958785731
16962,88.10299112098471
17013,99.01643203634919
17064,66.8329611936078
17115,99.01643203634919
17166,83.35093864356806
17217,99.01643203634919
17268,88.98223603230691
17319,99.01643203634919
17370,36.55132349420273
17421,66.16337801205479
17472,99.01643203634919
17523,26.41070391566648
17574,86.95275206445915
17625,67.62820369776361
17676,39.446433879710916
17727,99.01643203634919
17778,54.37258626960935
17829,99.01643203634919
17880,54.946802093687076
17931,84.84500904920814
17982,99.01643203634919
18033,43.88874290760244
18084,91.83212456467504
18135,73.33844751704596
18186,99.01643203634919
18237,99.01643203634919
18288,62.89928164883169
18339,61.41702899375285
18390,60.593260630559605
18441,69.76720516060067
18492,88.19568815560564
18543,73.25243882523934
18594,99.01643203634919
18645,99.01643203634919
18696,80.22342442729973
18747,94.82399637497734
18798,79.2730305729973
18849,99.01643203634919
18900,71.17474264545145
18951,99.01643203634919
19002,37.984844303772235
19053,71.35160316204177
19104,99.01643203634919
19155,72.06484380615967
19206,99.01643203634919
19257,99.01643203634919
19308,20.083753957188826
19359,32.552340160358675
19410,99.01643203634919
19461,75.07456236755593
19512,83.38952033595451
19563,79.75145946745592
19614,43.94238119102576
19665,88.77418196467478
19716,99.01643203634919
19767,93.90891782753766
19818,99.01643203634919
19869,72.35430778337863
19920,99.01643203634919
19971,82.39621288615008
20022,79.34966706743472
20073,87.47170409294564
20124,99.01643203634919
20175,99.01643203634919
20226,86.56412296758869
20277,99.01643203634919
20328,90.9858598487679
20379,31.89743451887595
20430,99.01643203634919
20481,99.01643203634919
20532,34.024468167556456
20583,81.99576998691128
20634,99.01643203634919
20685,81.4762270434003
20736,99.01643203634919
20787,70.01231874879095
20838,28.08381191959374
20889,75.55676483595933
20940,66.08564863403646
20991,99.01643203634919
21042,99.01643203634919
21093,81.24692725123542
21144,99.01643203634919
21195,93.40655630135603
21246,68.71728819004358
21297,73.49391509392863
21348,99.01643203634919
21399,73.65855341586376
21450,91.78048921139501
21501,99.01643203634919
21552,78.81210811443101
21603,99.01643203634919
21654,95.36555227053256
21705,35.28762837844767
21756,99.01643203634919
21807,99.01643203634919
21858,77.2066834989933
21909,99.01643203634919
21960,90.16462919888794
22011,19.057467115152846
22062,15.754785910386508
22113,99.01643203634919
22164,96.06089150767944
22215,45.57878772264719
22266,87.32456281645457
22317,22.173308653677925
22368,76.8818866177774
22419,24.590750069354087
22470,99.01643203634919
22521,99.01643203634919
22572,78.54570906948513
22623,55.909637928476386
22674,59.34023086072096
22725,99.01643203634919
22776,51.64615502648183
22827,83.84880843588228
22878,99.01643203634919
22929,99.01643203634919
22980,99.01643203634919
23031,62.79714880917079
23082,68.56581210633388
23133,99.01643203634919
23184,59.46749407879834
23235,99.01643203634919
23286,30.72503745138982
23337,41.88216788155268
23388,78.14473543818822
23439,99.01643203634919
23490,99.01643203634919
23541,62.31353089052268
23592,99.01643203634919
23643,78.91376603926128
23694,99.01643203634919
23745,99.01643203634919
23796,99.01643203634919
23847,42.04408242496795
23898,72.34773096823099
23949,99.01643203634919
24000,99.01643203634919
24051,99.01643203634919
24102,99.01643203634919
24153,99.01643203634919
24204,28.416710008852778
24255,77.83807614441992
24306,99.01643203634919
24357,75.87935058037063
24408,82.04733887954974
24459,66.17964657822128
24510,66.06579853194037
24561,91.12029850330684
24612,46.66587225111696
24663,99.01643203634919
24714,99.01643203634919
24765,99.01643203634919
24816,67.46917664060376
24867,65.67847602326498
24918,61.06325106443458
24969,99.01643203634919
25020,99.01643203634919
25071,71.89620065072938
25122,99.01643203634919
25173,99.01643203634919
25224,99.01643203634919
25275,99.01643203634919
25326,99.01643203634919
25377,79.89329445668419
25428,56.716066991987645
25479,99.01643203634919
25530,75.35530707966552
25581,12.083186995771134
25632,82.88082027988953
25683,99.01643203634919
25734,80.56219136478461
25785,80.5228780493495
25836,70.99856183996961
25887,82.50427294310144
25938,56.058239475817416
25989,33.1834012198161
26040,99.01643203634919
26091,86.46864929467874
26142,99.01643203634919
26193,99.01643203634919
26244,72.68357105693441
26295,99.01643203634919
26346,79.69500468448065
26397,89.43118227147589
26448,99.01643203634919
26499,99.01643203634919
26550,99.01643203634919
26601,99.01643203634919
26652,66.07692283620544
26703,6.603757553261088
26754,51.3823184729538
26805,41.85144899332581
26856,99.01643203634919
26907,63.14181981878742
26958,35.10207267550908
27009,99.01643203634919
27060,72.03683344431853
27111,45.842871621671975
27162,62.95103148651304
27213,99.01643203634919
27264,91.95555195789547
27315,61.97996648237466
27366,31.917453977566655
27417,64.29539255432879
27468,99.01643203634919
27519,75.07142342834538
27570,33.04298755512772
27621,74.78173748995576
27672,29.713380657886976
27723,37.71638419202709
27774,90.45924594176294
27825,99.01643203634919
27876,90.5547043118729
27927,87.49541765264088
27978,21.023319495935926
28029,99.01643203634919
28080,99.01643203634919
28131,95.37649107663216
28182,77.55222906514761
28233,24.548041428337882
28284,84.49784933585548
28335,99.01643203634919
28386,66.9974033000207
28437,99.01643203634919
28488,84.16148387806172
28539,99.01643203634919
28590,99.01643203634919
28641,99.01643203634919
28692,86.64417640086381
28743,76.27171732061662
28794,93.4183943411301
28845,62.390992387359965
28896,99.01643203634919
28947,99.01643203634919
28998,62.20015376974901
29049,99.01643203634919
29100,60.88299121630744
29151,99.01643203634919
29202,99.01643203634919
29253,99.01643203634919
29304,99.01643203634919
29355,99.01643203634919
29406,91.09659678440539
29457,57.35158066160893
29508,55.04045128929139
29559,82.6849869172848
29610,58.039128525669376
29661,61.74367825502699
29712,99.01643203634919
29763,60.69332421835956
29814,47.43616081434875
29865,86.50794360565308
29916,50.97567783530981
29967,80.84909635791729
30018,70.69581719593157
30069,99.01643203634919
30120,99.01643203634919
30171,99.01643203634919
30222,99.01643203634919
30273,83.97282793836828
30324,99.01643203634919
30375,62.56159945121898
30426,99.01643203634919
30477,64.23499880002427
30528,99.01643203634919
30579,91.59997841322084
30630,24.691325468358166
30681,99.01643203634919
30732,58.76149740328556
30783,91.48930662228399
30834,25.70437565790983
30885,89.36850405980408
30936,30.518425455285584
30987,32.93087587103794
31038,81.72527675963444
31089,88.92407618103907
31140,36.641650152742415
31191,39.75442266614745
31242,99.01643203634919
31293,59.003285929955005
31344,99.01643203634919
31395,99.01643203634919
31446,87.25850626316304
31497,87.96752858164616
31548,86.06872534486186
31599,74.93145171802861
31650,83.48404478646106
31701,88.69079581240787
31752,95.24499161470712
31803,89.81477733043104
31854,63.75701163204514
31905,31.310389717521318
31956,70.00886524225879
32007,99.01643203634919
32058,99.01643203634919
32109,99.01643203634919
32160,75.55347197011884
32211,61.57954621560983
32262,77.33433061667935
32313,99.01643203634919
32364,84.48113505089894
32415,39.18764490039368
32466,87.77029753421509
32517,57.835850752713185
32568,99.01643203634919
32619,84.06441580314055
32670,57.77957234422725
32721,33.16322181359389
32772,78.1467032126959
32823,85.0686471672088
32874,99.01643203634919
32925,99.01643203634919
32976,68.14808246805826
33027,82.76155003183185
33078,99.01643203634919
33129,87.5575304101874
33180,69.7917026069216
33231,81.54288045965667
33282,88.33249859073624
33333,67.6877756178986
33384,93.19421179316465
33435,99.01643203634919
33486,99.01643203634919
33537,99.01643203634919
33588,99.01643203634919
33639,21.544719366091318
33690,55.097737453334275
33741,99.01643203634919
33792,16.45818986131699
33843,99.01643203634919
33894,40.672682654683726
33945,99.01643203634919
33996,63.12861837277069
34047,99.01643203634919
34098,83.72631392374207
34149,43.1725856307443
34200,85.51762305106489
34251,87.37724794901645
34302,90.40743291492815
34353,99.01643203634919
34404,44.676622906349415
34455,28.861513506296784
34506,99.01643203634919
34557,99.01643203634919
34608,37.70037036547005
34659,99.01643203634919
34710,65.78117491587376
34761,80.24752412026022
34812,68.43575304680623
34863,30.33029327375418
34914,78.17874525679177
34965,46.98774336437583
35016,99.01643203634919
35067,99.01643203634919
35118,73.39072938415624
35169,70.47988676835591
35220,90.19461288488986
35271,99.01643203634919
35322,99.01643203634919
35373,99.01643203634919
35424,24.21026919649848
35475,82.02606969072383
35526,79.57870429107345
35577,58.46315445871061
35628,99.01643203634919
35679,99.01643203634919
35730,99.01643203634919
35781,86.12243636413221
35832,89.86786936611796
35883,53.892201452112005
35934,17.424721744111626
35985,99.01643203634919
36036,99.01643203634919
36087,99.01643203634919
36138,92.14692265689484
36189,64.69603270646668
36240,33.52445401932278
36291,69.80534517105036
36342,41.38886048065028
36393,61.506035212968555
36444,67.1369301176584
36495,75.3257734357351
36546,59.72416916238011
36597,91.6042834553508
36648,78.87383114089849
36699,99.01643203634919
36750,99.01643203634919
36801,67.14448163784091
36852,91.9651520210998
36903,99.01643203634919
36954,89.2877607532798
37005,99.01643203634919
37056,25.23128770696809
37107,99.01643203634919
37158,84.53353944274028
37209,35.06820950389223
37260,99.01643203634919
37311,21.555933189224735
37362,82.0706777847978
37413,89.96544000603215
37464,99.01643203634919
37515,77.39730904808604
37566,99.01643203634919
37617,92.66249212587445
37668,67.96261317508647
37719,86.10345369789056
37770,44.89786884939218
37821,39.17956963725842
37872,99.01643203634919
37923,73.12453962264222
37974,40.22092528307765
38025,99.01643203634919
38076,99.01643203634919
38127,83.7562507474335
38178,99.01643203634919
38229,84.25096943193661
38280,65.8841130764535
38331,99.01643203634919
38382,74.75808114153352
38433,63.08295921752074
38484,85.24126028525603
38535,92.96479275601125
38586,64.76768587754293
38637,23.934433175311998
38688,99.01643203634919
38739,99.01643203634919
38790,92.69434283120184
38841,49.18939166976806
38892,39.947165603170546
38943,66.19101443117081
38994,90.97034742682025
39045,35.63625794714376
39096,84.27867369014956
39147,30.613961606190415
39198,99.01643203634919
39249,99.01643203634919
39300,99.01643203634919
39351,54.53292193381271
39402,23.24892397564914
39453,99.01643203634919
39504,67.93168081158291
39555,99.01643203634919
39606,99.01643203634919
39657,99.01643203634919
39708,88.36639944874257
39759,97.11971527904936
39810,99.01643203634919
39861,72.01262963288255
39912,99.01643203634919
39963,89.58473021017603
40014,99.01643203634919
40065,99.01643203634919
40116,34.93849359691715
40167,99.01643203634919
40218,51.01653514552681
40269,80.89311328816251
40320,86.63351545260785
40371,88.63894240468134
40422,99.01643203634919
40473,99.01643203634919
40524,39.40827054565147
40575,99.01643203634919
40626,74.6084710055447
40677,52.89405354289565
40728,99.01643203634919
40779,24.46219623363395
40830,58.564665926407024
40881,76.21150445180984
40932,99.01643203634919
40983,99.01643203634919
41034,72.88517067741557
41085,72.01011920990531
41136,99.01643203634919
41187,90.04857428163946
41238,74.28524496431727
41289,48.62562731139178
41340,93.47934447388498
41391,99.01643203634919
41442,99.01643203634919
41493,99.01643203634919
41544,99.01643203634919
41595,99.01643203634919
41646,42.94586965774961
41697,99.01643203634919
41748,99.01643203634919
41799,99.01643203634919
41850,99.01643203634919
41901,84.12797758856632
41952,65.09820664856066
42003,80.52219441288213
42054,73.76724042503373
42105,99.01643203634919
42156,99.01643203634919
42207,99.01643203634919
42258,45.62701443390355
42309,48.57393483932463
42360,74.19368624686552
42411,51.12267347412155
42462,99.01643203634919
42513,99.01643203634919
42564,71.4827005754224
42615,35.249997404091246
42666,77.73401006399226
42717,99.01643203634919
42768,75.23260379159433
42819,99.01643203634919
42870,99.01643203634919
42921,28.847652912328055
42972,99.01643203634919
43023,99.01643203634919
43074,42.784930212998376
43125,56.629517433196675
43176,90.71566004753012
43227,99.01643203634919
43278,47.94217787942311
43329,33.90961950664521
43380,87.60237639590368
43431,99.01643203634919
43482,99.01643203634919
43533,99.01643203634919
43584,45.76518293773628
43635,88.1175778607663
43686,99.01643203634919
43737,84.20935889957393
43788,77.87244350706901
43839,72.43463177741606
43890,99.01643203634919
43941,99.01643203634919
43992,99.01643203634919
44043,99.01643203634919
44094,99.01643203634919
44145,74.69961680215924
44196,99.01643203634919
44247,99.01643203634919
44298,69.70870270155442
44349,99.01643203634919
44400,75.48457070261945
44451,85.97591918114267
44502,99.01643203634919
44553,24.40473152987637
44604,82.17028622809623
44655,99.01643203634919
44706,86.04044156259414
44757,99.01643203634919
44808,99.01643203634919
44859,99.01643203634919
44910,79.23887811325585
44961,99.01643203634919
45012,99.01643203634919
45063,99.01643203634919
45114,32.573125006970976
45165,26.525471829688527
45216,89.11300350596342
45267,24.479613017008543
45318,99.01643203634919
45369,99.01643203634919
45420,99.01643203634919
45471,99.01643203634919
45522,88.51098597565738
45573,99.01643203634919
45624,81.47201691034657
45675,99.01643203634919
45726,99.01643203634919
45777,60.14934199568464
45828,99.01643203634919
45879,99.01643203634919
45930,42.301145503864376
45981,89.36331411964146
46032,19.274538939059195
46083,74.04479847152376
46134,99.01643203634919
46185,50.157860553074826
46236,99.01643203634919
46287,39.900997591915505
46338,99.01643203634919
46389,99.01643203634919
46440,26.5362697432193
46491,17.092175641186394
46542,24.960818649783725
46593,49.04193259479825
46644,97.1621706817661
46695,70.13138311553139
46746,83.02205067394625
46797,80.72436340465698
46848,71.4187524313019
46899,99.01643203634919
46950,99.01643203634919
47001,66.37857342192837
47052,54.440954926904865
47103,99.01643203634919
47154,82.50442862272062
47205,87.54184737883901
47256,24.73497764729086
47307,94.24206918214792
47358,99.01643203634919
47409,44.57407133224438
47460,99.01643203634919
47511,90.34407985700423
47562,72.15136330266013
47613,90.06524014324445
47664,33.685744467699884
47715,99.01643203634919
47766,99.01643203634919
47817,86.52675916631763
47868,99.01643203634919
47919,99.01643203634919
47970,42.97296111084835
48021,78.6106922975312
48072,79.17779955170367
48123,78.41978893363137
48174,61.18648359390268
48225,99.01643203634919
48276,69.06679252938416
48327,99.01643203634919
48378,55.077902350479825
48429,99.01643203634919
48480,79.22712134368982
48531,85.958672025722
48582,99.01643203634919
48633,52.11601283933625
48684,76.42862730810475
48735,99.01643203634919
48786,58.766405200904266
48837,48.23121577569507
48888,99.01643203634919
48939,80.75806807064997
48990,99.01643203634919
49041,47.258671942160255
49092,80.277204347823
49143,89.36639012161163
49194,99.01643203634919
49245,99.01643203634919
49296,99.01643203634919
49347,71.65371282012204
49398,68.0738755088754
49449,74.41635117917038
49500,43.30202907222553
49551,99.01643203634919
49602,99.01643203634919
49653,83.83570981043381
49704,99.01643203634919
49755,38.553044697907225
49806,99.01643203634919
49857,44.43037199851462
49908,99.01643203634919
49959,99.01643203634919
50010,86.28203117181737
50061,92.9333082628796
50112,99.01643203634919
50163,76.88573797654074
50214,49.08325484561719
50265,99.01643203634919
50316,76.0591755905778
50367,99.01643203634919
50418,84.5056078604666
50469,99.01643203634919
50520,32.14741957323922
50571,87.98787463507111
50622,69.70450334050221
50673,99.01643203634919
50724,71.28181518986959
50775,78.29237276406135
50826,55.88226056593546
50877,32.730121161294605
50928,70.11637583074831
50979,99.01643203634919
51030,48.18290181533069
51081,82.25244415918156
51132,70.74274791755343
51183,90.72003731554892
51234,99.01643203634919
51285,79.9259662977528
51336,99.01643203634919
51387,50.26932911632383
51438,99.01643203634919
51489,99.01643203634919
51540,99.01643203634919
51591,99.01643203634919
51642,39.115210911842944
51693,92.97136601228802
51744,68.75445392156999
51795,58.05780925344919
51846,89.27190973020988
51897,58.53616850325042
51948,99.01643203634919
51999,92.44841848359025
52050,68.44806348940953
52101,94.3818234141559
52152,70.62538003255273
52203,82.96981514197354
52254,99.01643203634919
52305,42.82324068744026
52356,46.13117102221858
52407,15.692252624319433
52458,31.40308582856107
52509,74.8674541015208
52560,53.859900153518836
52611,44.48258485584393
52662,40.853197780536185
52713,38.46299781880623
52764,64.34876475868201
52815,70.02734192124704
52866,71.51779229128437
52917,34.40829728251823
52968,59.14265780121567
53019,99.01643203634919
53070,30.074876685774285
53121,99.01643203634919
53172,58.92804747276322
53223,91.79449167509291
53274,45.32036010154092
53325,99.01643203634919
53376,99.01643203634919
53427,99.01643203634919
53478,99.01643203634919
53529,93.08117092276058
53580,37.215998042208746
53631,47.04159507245552
53682,99.01643203634919
53733,99.01643203634919
53784,54.047382967139214
53835,99.01643203634919
53886,76.38810997411491
53937,58.448211036336495
53988,46.63823191313598
54039,99.01643203634919
54090,99.01643203634919
54141,87.09196012771856
54192,65.89629787788344
54243,76.14981688723968
54294,49.32675975456674
54345,20.18489522261911
54396,30.22209856854273
54447,99.01643203634919
54498,59.02751408660244
54549,72.88777809983378
54600,83.04736516706869
54651,99.01643203634919
54702,47.37987279311361
54753,90.38803769690855
54804,56.30989034912001
54855,75.91425882188152
54906,99.01643203634919
54957,52.39043152892013
55008,83.54486460744235
55059,99.01643203634919
55110,99.01643203634919
55161,60.2583148081614
55212,99.01643203634919
55263,99.01643203634919
55314,99.01643203634919
55365,25.4637398684524
55416,78.97357462984385
55467,99.01643203634919
55518,99.01643203634919
55569,99.01643203634919
55620,48.82692183294489
55671,51.33106305386995
55722,99.01643203634919
55773,99.01643203634919
55824,99.01643203634919
55875,39.13800060512815
55926,62.436128342048
55977,68.00122236659703
56028,86.70389875108427
56079,93.48459417289122
56130,99.01643203634919
56181,99.01643203634919
56232,99.01643203634919
56283,34.516914252479964
56334,35.736715786111546
56385,73.29317262888358
56436,99.01643203634919
56487,64.953628196946
56538,84.54812567604348
56589,45.90566366504994
56640,74.51588309475392
56691,80.71566520469037
56742,99.01643203634919
56793,99.01643203634919
56844,53.043535044529165
56895,67.25323033252927
56946,27.261966762920654
56997,81.48291721268237
57048,86.20637542661753
57099,70.3231533463063
57150,99.01643203634919
57201,88.02381767197703
57252,77.99221539736796
57303,99.01643203634919
57354,99.01643203634919
57405,76.61059130136117
57456,99.01643203634919
57507,99.01643203634919
57558,63.87693276465932
57609,99.01643203634919
57660,99.01643203634919
57711,68.38977317322275
57762,87.35963270295744
57813,99.01643203634919
57864,71.03062622568311
57915,71.12412782821302
57966,82.83619239580014
58017,91.53899036359175
58068,37.01269410510542
58119,83.37714531069992
58170,99.01643203634919
58221,36.192208759760696
58272,74.36046890912077
58323,99.01643203634919
58374,99.01643203634919
58425,49.34894215549173
58476,33.76123235526843
58527,94.86321440502769
58578,68.19967693392509
58629,41.81451614359452
58680,99.01643203634919
58731,89.9221677947585
58782,71.29990749269724
58833,79.00612319024967
58884,78.93153206735379
58935,85.5143615768521
58986,59.50150927751985
59037,80.28318661747703
59088,99.01643203634919
59139,78.2640921229073
59190,99.01643203634919
59241,99.01643203634919
59292,91.58188446202327
59343,99.01643203634919
59394,76.57467619940377
59445,99.01643203634919
59496,91.17293974659611
59547,83.71284537914589
59598,77.3043210571316
59649,86.84580870673528
59700,99.01643203634919
59751,59.46961073465347
59802,85.05072058278907
59853,46.56922590361229
59904,83.36509458668806
59955,81.39605409307822
60006,64.83262785518063
60057,99.01643203634919
60108,94.47661807220854
60159,86.87209761740134
60210,83.77934009481915
60261,63.495036304649204
60312,99.01643203634919
60363,27.8889812712303
60414,63.10443148705987
60465,85.44880787269125
60516,99.01643203634919
60567,99.01643203634919
60618,99.01643203634919
60669,33.90957233616761
60720,62.865189467352465
60771,89.20584255612197
60822,76.91513545087125
60873,99.01643203634919
60924,17.380708046550886
60975,49.28167031935738
61026,99.01643203634919
61077,34.2997287473088
61128,99.01643203634919
61179,99.01643203634919
61230,89.24556871416253
61281,65.70724203730727
61332,99.01643203634919
61383,80.27873382807236
61434,99.01643203634919
61485,99.01643203634919
61536,73.1305429931605
61587,99.01643203634919
61638,83.25937941414617
61689,66.71833698403115
61740,99.01643203634919
61791,81.93481076980176
61842,99.01643203634919
61893,35.79558566774581
61944,99.01643203634919
61995,55.51455941383811
62046,99.01643203634919
62097,49.93443296426651
62148,99.01643203634919
62199,74.3739615120713
62250,99.01643203634919
62301,88.9993019830363
62352,48.441672635759986
62403,42.92770613106807
62454,49.841162705977126
62505,71.00739774400991
62556,63.25717144336078
62607,65.79920845825346
62658,36.31123344468181
62709,79.96261005174587
62760,82.58357886712267
62811,18.05730015524617
62862,80.03664679555902
62913,99.01643203634919
62964,99.01643203634919
63015,64.90573112089217
63066,89.33164380426487
63117,22.959613486307543
63168,23.621389726800505
63219,99.01643203634919
63270,93.0064124243704
63321,71.67941695488044
63372,43.8755110092005
63423,89.41250857108096
63474,81.86133234667744
63525,99.01643203634919
63576,39.34305052082007
63627,99.01643203634919
63678,53.51888972506217
63729,50.75162536038133
63780,75.80230097141613
63831,86.11931224968008
63882,77.7546489306101
63933,64.80670959974391
63984,99.01643203634919
64035,99.01643203634919
64086,82.82849283644133
64137,62.46238876612301
64188,40.77414812229207
64239,84.37416008684056
64290,42.36122037560375
64341,21.958588414271176
64392,99.01643203634919
64443,99.01643203634919
64494,99.01643203634919
64545,18.689849787945175
64596,99.01643203634919
64647,99.01643203634919
64698,99.01643203634919
64749,80.37647688724446
64800,99.01643203634919
64851,83.52016857905991
64902,80.35349275009703
64953,72.63382548047902
65004,99.01643203634919
65055,55.0348674418022
65106,99.01643203634919
65157,70.60673756021886
65208,59.69777871455831
65259,99.01643203634919
65310,30.12863652690043
65361,68.77239203235887
65412,37.66809348268749
65463,99.01643203634919
65514,83.02446110696627
65565,61.86336990735036
65616,95.33363823110484
65667,29.746498436541504
65718,75.0325997116504
65769,66.52687949385655
65820,53.500767306033765
65871,61.067324285466796
65922,16.138580600318644
65973,90.73078458559924
66024,8.028603875979702
66075,89.74896118412298
66126,99.01643203634919
66177,99.01643203634919
66228,17.958416434360828
66279,99.01643203634919
66330,87.50125442407358
66381,85.0260036433984
66432,85.0621023127538
66483,81.74885684456665
66534,99.01643203634919
66585,99.01643203634919
66636,77.2209003790515
66687,99.01643203634919
66738,82.02691050823024
66789,57.36130579923496
66840,91.0835434333648
66891,55.235653762468814
66942,99.01643203634919
66993,77.75474571205196
67044,99.01643203634919
67095,99.01643203634919
67146,30.87554796168483
67197,99.01643203634919
67248,40.945729142097825
67299,83.25336023151763
67350,65.39891103165263
67401,99.01643203634919
67452,99.01643203634919
67503,66.73702323629387
67554,90.65330183917055
67605,99.01643203634919
67656,99.01643203634919
67707,59.36284259799339
67758,40.29935730088052
67809,28.488027913548386
67860,91.02298861449617
67911,47.2221798709709
67962,99.01643203634919
68013,92.53600535349894
68064,99.01643203634919
68115,99.01643203634919
68166,11.35091972312021
68217,81.64924355032795
68268,99.01643203634919
68319,99.01643203634919
68370,54.321370705349864
68421,99.01643203634919
68472,46.094130018522584
68523,92.52478619684375
68574,99.01643203634919
68625,99.01643203634919
68676,99.01643203634919
68727,87.48645859774747
68778,96.10765004251702
68829,80.57381559965312
68880,87.32552338171547
68931,99.01643203634919
68982,94.30394027503971
69033,87.13870591180759
69084,67.25706154807865
69135,86.19436251452663
69186,99.01643203634919
69237,86.96217038175658
69288,66.71128225129792
69339,76.9473774738591
69390,99.01643203634919
69441,99.01643203634919
69492,67.81520676638706
69543,99.01643203634919
69594,99.01643203634919
69645,99.01643203634919
69696,90.0522922967028
69747,93.13845882045563
69798,99.01643203634919
69849,82.72797527411275
69900,67.98054416127638
69951,43.01648750508134
70002,39.42025065290756
70053,21.162512994616943
70104,99.01643203634919
70155,78.30920182326261
70206,69.8779207065752
70257,46.46766600195457
70308,78.2909336611187
70359,84.5820922421472
70410,99.01643203634919
70461,13.411985304307246
70512,26.85846831105248
70563,99.01643203634919
70614,99.01643203634919
70665,71.10617256068076
70716,34.981107108932584
70767,43.721445566063665
70818,61.76902113154445
70869,26.867451373838676
70920,90.16299138519308
70971,99.01643203634919
71022,99.01643203634919
71073,99.01643203634919
71124,99.01643203634919
71175,99.01643203634919
71226,63.7365715978619
71277,66.76973971099751
71328,87.84715707497917
71379,99.01643203634919
71430,99.01643203634919
71481,43.08259522507882
71532,57.07245300045656
71583,99.01643203634919
71634,44.100520701165486
71685,59.70636780745843
71736,44.5548816926594
71787,50.521992895097995
71838,83.65284495061975
71889,70.57522347179794
71940,20.538433740328152
71991,99.01643203634919
72042,37.88877265343473
72093,69.67190132049868
72144,45.4874756324272
72195,75.94329622320669
72246,99.01643203634919
72297,99.01643203634919
72348,15.054541864307666
72399,88.00763636051626
72450,99.01643203634919
72501,99.01643203634919
72552,99.01643203634919
72603,77.77758760324294
72654,55.38406682228376
72705,39.50925083285752
72756,60.384187376657955
72807,73.972365163763
72858,47.912993258574915
72909,99.01643203634919
72960,99.01643203634919
73011,24.14151079650081
73062,95.3389416020969
73113,99.01643203634919
73164,34.37010748925127
73215,99.01643203634919
73266,80.17192040177645
73317,91.90974609009837
73368,66.34550866589593
73419,31.616565879649347
73470,99.01643203634919
73521,99.01643203634919
73572,99.01643203634919
73623,79.26248947134016
73674,74.14241038494741
73725,99.01643203634919
73776,99.01643203634919
73827,87.58039165952086
73878,43.9374289520913
73929,22.359822208800182
73980,47.78099911150032
74031,28.64602044613687
74082,99.01643203634919
74133,99.01643203634919
74184,99.01643203634919
74235,99.01643203634919
74286,40.767906515452964
74337,63.102814545694386
74388,83.27242789032238
74439,99.01643203634919
74490,34.25596261825554
74541,72.80501386113998
74592,43.92102325153242
74643,40.7637148177905
74694,75.24260344309617
74745,99.01643203634919
74796,99.01643203634919
74847,99.01643203634919
74898,99.01643203634919
74949,91.50489623416972
75000,73.48377139483114
75051,27.621375177873773
75102,85.33242959138367
75153,38.23708681021194
75204,76.35011646568145
75255,62.77785651190845
75306,99.01643203634919
75357,85.84950575641305
75408,58.992453815911595
75459,99.01643203634919
75510,69.25934934308529
75561,99.01643203634919
75612,74.19573620593691
75663,82.23366641895986
75714,81.98193881303725
75765,99.01643203634919
75816,99.01643203634919
75867,45.758561436344856
75918,49.66453463435799
75969,86.22076216083732
76020,95.89271527883656
76071,99.01643203634919
76122,56.614178500806574
76173,21.409533730826045
76224,90.3709835525836
76275,37.72002002804767
76326,99.01643203634919
76377,99.01643203634919
76428,99.01643203634919
76479,45.01834650546022
76530,83.15155707961257
76581,78.56820970831467
76632,83.34729526436183
76683,81.80412311395419
76734,71.21227269528886
76785,82.07705793629229
76836,99.01643203634919
76887,63.51680490147912
76938,34.75601598281728
76989,64.54494283931494
77040,99.01643203634919
77091,71.96860338469357
77142,77.17510006761586
77193,84.49812370678183
77244,91.08526508494107
77295,93.91417194382714
77346,90.43258912870454
77397,79.52884000796436
77448,35.70722064825805
77499,87.18530369651923
77550,51.66163717927836
77601,30.651049193125523
77652,70.8462847979091
77703,62.928628484721756
77754,51.346290565944095
77805,10.527967550226881
77856,91.34303964697061
77907,89.74246877865735
77958,51.942455891217904
78009,64.32525880909088
78060,88.13990065559473
78111,99.01643203634919
78162,80.88150383052933
78213,39.3722380112581
78264,71.86171796657828
78315,99.01643203634919
78366,84.02526969418385
78417,99.01643203634919
78468,57.97108928928173
78519,30.974705596170406
78570,38.75333677389806
78621,99.01643203634919
78672,99.01643203634919
78723,72.66490172888294
78774,68.61842224389815
78825,56.67624312535962
78876,99.01643203634919
78927,66.85464554206038
78978,99.01643203634919
79029,69.74101604925364
79080,99.01643203634919
79131,90.4527874290842
79182,20.924784373025474
79233,99.01643203634919
79284,73.39655123048883
79335,89.20520194240477
79386,99.01643203634919
79437,20.074641342492498
79488,50.42737950825855
79539,29.71635135212988
79590,99.01643203634919
79641,99.01643203634919
79692,24.75244658908099
79743,90.84611752145668
79794,63.8568915083987
79845,49.47148283903087
79896,43.10835103727992
79947,34.27325494614722
79998,38.84574170602619
80049,66.88615435765959
80100,85.9625806232863
80151,99.01643203634919
80202,92.29413569116046
80253,87.8947733732023
80304,96.82879701389257
80355,59.9185731341313
80406,99.01643203634919
80457,99.01643203634919
80508,52.24794648909286
80559,99.01643203634919
80610,78.80287681356548
80661,99.01643203634919
80712,20.090048834237706
80763,84.187438637989
80814,49.68484321751746
80865,99.01643203634919
80916,99.01643203634919
80967,52.33866896441586
81018,24.445683324720978
81069,99.01643203634919
81120,99.01643203634919
81171,99.01643203634919
81222,18.235736385955143
81273,61.809239231971766
81324,77.98640386736393
81375,75.68792489333664
81426,99.01643203634919
81477,81.76503396684944
81528,99.01643203634919
81579,99.01643203634919
81630,32.92219081617349
81681,99.01643203634919
81732,99.01643203634919
81783,44.22841299562871
81834,67.1673125611949
81885,87.38605979326253
81936,83.26012982173025
81987,99.01643203634919
82038,29.379238755758852
82089,31.28575440634508
82140,85.61779999894692
82191,99.01643203634919
82242,60.12972175640923
82293,64.45111625850221
82344,99.01643203634919
82395,77.79125136319121
82446,79.66360057282469
82497,22.105125584430507
82548,92.0676636660552
82599,51.724700015647905
82650,19.494986941517485
82701,99.01643203634919
82752,91.0674895607506
82803,72.28558482558209
82854,89.25989929291693
82905,99.01643203634919
82956,21.572522521947665
83007,60.157434620067875
83058,99.01643203634919
83109,83.5373042967326
83160,86.98504277579744
83211,99.01643203634919
83262,52.97313084193987
83313,40.429479807816094
83364,56.590921549274
83415,56.736124685204096
83466,77.26735420483749
83517,99.01643203634919
83568,83.39276176214439
83619,36.02637240219763
83670,37.38132074926352
83721,67.60030401001427
83772,99.01643203634919
83823,75.93078705450982
83874,91.37683680378991
83925,46.81037665341671
83976,82.27871401244333
84027,42.66650843413762
84078,99.01643203634919
84129,92.68728016240658
84180,99.01643203634919
84231,45.9488132356231
84282,72.81621404718418
84333,99.01643203634919
84384,54.621102272337794
84435,99.01643203634919
84486,99.01643203634919
84537,88.20624078796126
84588,33.958403271547695
84639,99.01643203634919
84690,99.01643203634919
84741,47.046065172200926
84792,85.43561421035778
84843,55.65442596433392
84894,79.51009668160408
84945,92.65121622641817
84996,71.27405629551362
85047,99.01643203634919
85098,99.01643203634919
85149,31.16924774634668
85200,77.1977053271909
85251,99.01643203634919
85302,99.01643203634919
85353,99.01643203634919
85404,99.01643203634919
85455,78.02641157679294
85506,91.60757059874257
85557,83.59563863763258
85608,99.01643203634919
85659,80.22170523525762
85710,57.65127613268893
85761,72.23431811892016
85812,69.34754858912017
85863,99.01643203634919
85914,99.01643203634919
85965,18.512012862750552
86016,99.01643203634919
86067,99.01643203634919
86118,35.917286255806
86169,83.99767626640727
86220,99.01643203634919
86271,99.01643203634919
86322,99.01643203634919
86373,36.244990590776624
86424,99.01643203634919
86475,99.01643203634919
86526,59.61004648849347
86577,80.53486364555087
86628,99.01643203634919
86679,42.71680439136611
86730,99.01643203634919
86781,62.6403167568085
86832,85.70733557072916
86883,90.81191896724248
86934,17.398371183930934
86985,99.01643203634919
87036,77.98034614341714
87087,68.55796834194697
87138,99.01643203634919
87189,34.35724924274702
87240,99.01643203634919
87291,88.00422097613307
87342,44.82850344811928
87393,99.01643203634919
87444,99.01643203634919
87495,62.34247999591514
87546,99.01643203634919
87597,99.01643203634919
87648,89.47750127431343
87699,93.1667086995061
87750,72.74356652862004
87801,85.77207180775851
87852,99.01643203634919
87903,99.01643203634919
87954,99.01643203634919
88005,99.01643203634919
88056,88.03401260545617
88107,95.98637415100121
88158,84.95659639904105
88209,99.01643203634919
88260,61.754561821043694
88311,92.60325043040395
88362,99.01643203634919
88413,87.31542076449323
88464,99.01643203634919
88515,72.1767460688344
88566,76.40948725188312
88617,65.1513627449462
88668,41.734644616212
88719,99.01643203634919
88770,99.01643203634919
88821,99.01643203634919
88872,38.014229953961504
88923,99.01643203634919
88974,92.78517519873927
89025,46.48050431064151
89076,43.29045855549663
89127,99.01643203634919
89178,65.92716359458012
89229,63.61592382738994
89280,99.01643203634919
89331,99.01643203634919
89382,99.01643203634919
89433,99.01643203634919
89484,94.83769368880661
89535,19.195273430723095
89586,79.45855380050531
89637,88.79738018939385
89688,77.81901317128816
89739,88.00262521953715
89790,72.06702015251025
89841,90.01155835260231
89892,87.08622885811005
89943,99.01643203634919
89994,99.01643203634919
90045,28.58479761913188
90096,72.09839243856031
90147,99.01643203634919
90198,99.01643203634919
90249,99.01643203634919
90300,28.95802163535426
90351,99.01643203634919
90402,84.77587081329395
90453,49.291299945131655
90504,53.232028749247846
90555,84.61037954604326
90606,99.01643203634919
90657,61.71587819565142
90708,99.01643203634919
90759,99.01643203634919
90810,39.78434766611517
90861,79.45577738237746
90912,44.381946152728936
90963,49.914368451320655
91014,99.01643203634919
91065,99.01643203634919
91116,76.83780377275443
91167,37.522991798485975
91218,37.55592615252734
91269,25.082591444128656
91320,73.04218868467429
91371,87.04313784544208
91422,83.38706650712273
91473,99.01643203634919
91524,71.72464044350266
91575,90.34136629554841
91626,73.78289792891694
91677,72.62677729903146
91728,76.77164233684985
91779,69.9523837183677
91830,99.01643203634919
91881,69.66244969575371
91932,95.72456589493433
91983,99.01643203634919
92034,86.94984157694238
92085,99.01643203634919
92136,78.64166545902769
92187,76.79747396905566
92238,99.01643203634919
92289,99.01643203634919
92340,99.01643203634919
92391,43.491616190069536
92442,99.01643203634919
92493,89.08487549615457
92544,99.01643203634919
92595,83.17806795618031
92646,99.01643203634919
92697,79.14452864124404
92748,66.62965272911507
92799,72.44042230228709
92850,56.5567552559609
92901,99.01643203634919
92952,73.85490652878875
93003,87.53046508750464
93054,30.089490894420017
93105,61.50656528743077
93156,99.01643203634919
93207,99.01643203634919
93258,73.5590559144849
93309,99.01643203634919
93360,84.07534512431559
93411,33.128613186011776
93462,19.248449318955696
93513,40.55530405925829
93564,86.49325351808413
93615,77.58596195367755
93666,99.01643203634919
93717,80.97374903267809
93768,99.01643203634919
93819,74.62477907592783
93870,64.33662892141321
93921,99.01643203634919
93972,99.01643203634919
94023,99.01643203634919
94074,32.42850228009114
94125,87.85459489666044
94176,99.01643203634919
94227,99.01643203634919
94278,60.715191866288215
94329,99.01643203634919
94380,99.01643203634919
94431,88.70760264146863
94482,99.01643203634919
94533,75.32266417500306
94584,99.01643203634919
94635,99.01643203634919
94686,87.42819347154014
94737,67.69448814513595
94788,16.11179094069219
94839,52.70408736191285
94890,93.4963077298179
94941,46.66481294034383
94992,99.01643203634919
95043,46.895211964934894
95094,33.466212772591945
95145,85.2395699375203
95196,99.01643203634919
95247,91.49694711028344
95298,94.95875081703718
95349,90.6568001835671
95400,99.01643203634919
95451,20.05761917831554
95502,99.01643203634919
95553,63.144482425500236
95604,99.01643203634919
95655,99.01643203634919
95706,87.87346878311169
95757,38.048293580262474
95808,64.54091744149615
95859,99.01643203634919
95910,31.678687171591882
95961,50.2168119732426
96012,43.91742477858244
96063,81.7487520294387
96114,99.01643203634919
96165,90.84353464134722
96216,72.22977437097516
96267,84.6856254626759
96318,99.01643203634919
96369,63.283899850799905
96420,45.713756673924074
96471,36.41379393876452
96522,71.09878065549067
96573,99.01643203634919
96624,67.40532610869252
96675,85.05020911602395
96726,61.340385439564535
96777,25.377473646182786
96828,29.241681612822447
96879,99.01643203634919
96930,64.79856005869787
96981,86.8629348360239
97032,24.440426541521035
97083,66.74977454652904
97134,99.01643203634919
97185,51.30705296650534
97236,30.701034073178903
97287,20.250288383165888
97338,99.01643203634919
97389,99.01643203634919
97440,88.93024204921431
97491,99.01643203634919
97542,73.99985593045069
97593,90.50578058213107
97644,99.01643203634919
97695,78.87260325071337
97746,71.16051640259495
97797,99.01643203634919
97848,77.63440170688541
97899,38.60860678256237
97950,75.11059303531943
98001,86.59632127194611
98052,99.01643203634919
98103,99.01643203634919
98154,52.87540390410237
98205,76.30498918512501
98256,99.01643203634919
98307,37.425844466206904
98358,91.47957961648288
98409,33.88409918764782
98460,96.17158085080217
98511,99.01643203634919
98562,25.11286057463145
98613,46.42395854443721
98664,82.75859780805236
98715,99.01643203634919
98766,99.01643203634919
98817,99.01643203634919
98868,99.01643203634919
98919,99.01643203634919
98970,22.371941243399785
99021,86.04879550466175
99072,99.01643203634919
99123,42.7266685163862
99174,38.556429183240816
99225,99.01643203634919
99276,6.600164954216045
99327,83.51085683597353
99378,48.61584459425186
99429,99.01643203634919
99480,99.01643203634919
99531,81.00750482390416
99582,83.13793048794089
99633,81.05847987010638
99684,99.01643203634919
99735,38.648393381318755
99786,99.01643203634919
99837,81.34505190810577
99888,99.01643203634919
99939,75.09980349206349
99990,18.38834736297229
100041,58.21068051387579
100092,99.01643203634919
100143,99.01643203634919
100194,7.1394889445588205
100245,78.11520732515011
100296,99.01643203634919
100347,40.588092419800645
100398,76.35705538150712
100449,34.95591820775488
100500,84.87934988388234
100551,99.01643203634919
100602,41.033323348140556
100653,99.01643203634919
100704,99.01643203634919
100755,99.01643203634919
100806,99.01643203634919
100857,74.31538193753374
100908,99.01643203634919
100959,99.01643203634919
101010,54.14037352050756
101061,99.01643203634919
101112,99.01643203634919
101163,99.01643203634919
101214,99.01643203634919
101265,77.25704482518574
101316,31.488146374340012
101367,99.01643203634919
101418,99.01643203634919
101469,99.01643203634919
101520,99.01643203634919
101571,87.4035239800463
101622,38.70744749792979
101673,99.01643203634919
101724,78.48306937467163
101775,82.16678523945255
101826,29.837838006571605
101877,99.01643203634919
101928,99.01643203634919
101979,99.01643203634919
102030,99.01643203634919
102081,99.01643203634919
102132,87.68654326623133
102183,38.305584202917714
102234,99.01643203634919
102285,80.89596213758252
102336,74.65155516237293
102387,82.70502665428532
102438,99.01643203634919
102489,99.01643203634919
102540,99.01643203634919
102591,92.7727245140562
102642,38.562163947537485
102693,84.45207372940082
102744,86.37961127542658
102795,99.01643203634919
102846,99.01643203634919
102897,90.11561829713344
102948,99.01643203634919
102999,82.0443340683661
103050,30.987683438746714
103101,99.01643203634919
103152,92.73090517158786
103203,90.61894289200225
103254,80.4539724075649
103305,88.46284427011831
103356,99.01643203634919
103407,99.01643203634919
103458,99.01643203634919
103509,52.93310300651951
103560,86.46502026609748
103611,99.01643203634919
103662,99.01643203634919
103713,99.01643203634919
103764,99.01643203634919
103815,99.01643203634919
103866,99.01643203634919
103917,99.01643203634919
103968,87.29304209099796
104019,76.36895725441295
104070,99.01643203634919
104121,83.77484062633322
104172,87.43792482285288
104223,99.01643203634919
104274,57.06417658168903
104325,65.10364204951573
104376,77.37805057558809
104427,90.95827807243118
104478,55.8187378466555
104529,59.85956877899062
104580,85.90626196675713
104631,78.20304493052512
104682,99.01643203634919
104733,99.01643203634919
104784,84.17699360621431
104835,78.67691981627421
104886,34.090997272425994
104937,99.01643203634919
104988,99.01643203634919
105039,99.01643203634919
105090,99.01643203634919
105141,99.01643203634919
105192,99.01643203634919
105243,99.01643203634919
105294,99.01643203634919
105345,99.01643203634919
105396,80.92184343128162
105447,99.01643203634919
105498,90.09283049474284
105549,88.0729718915353
105600,65.32308386798059
105651,24.859618286737653
105702,43.911642214466
105753,88.93191692885846
105804,87.98488255216664
105855,99.01643203634919
105906,99.01643203634919
105957,84.34889666651371
106008,37.802919549921405
106059,83.38193861020227
106110,99.01643203634919
106161,99.01643203634919
106212,66.50977592099962
106263,38.05594586580761
106314,99.01643203634919
106365,34.46786910728811
106416,99.01643203634919
106467,99.01643203634919
106518,47.96515478968076
106569,99.01643203634919
106620,79.47511912506582
106671,83.95505448367503
106722,73.49233188091658
106773,99.01643203634919
106824,99.01643203634919
106875,99.01643203634919
106926,80.54011788653422
106977,99.01643203634919
107028,78.38472682279335
107079,42.88709050590212
107130,78.29454057697727
107181,99.01643203634919
107232,99.01643203634919
107283,22.277978262152335
107334,99.01643203634919
107385,99.01643203634919
107436,69.11751034981307
107487,73.01381961710221
107538,80.84837809978765
107589,82.82461497549119
107640,99.01643203634919
107691,45.9805790528112
107742,66.64932360562088
107793,99.01643203634919
107844,38.759291825386505
107895,48.12741356262685
107946,99.01643203634919
107997,99.01643203634919
108048,83.11218307063646
108099,99.01643203634919
108150,99.01643203634919
108201,83.65996136717628
108252,99.01643203634919
108303,95.09527947985896
108354,99.01643203634919
108405,62.616503274635846
108456,67.67646595518252
108507,75.25489352842027
108558,53.32454310975443
108609,99.01643203634919
108660,88.49810267985077
108711,89.34204908919484
108762,99.01643203634919
108813,19.221831412973597
108864,59.44614440285762
108915,99.01643203634919
108966,88.69053668156188
109017,99.01643203634919
109068,99.01643203634919
109119,58.21092043067388
109170,65.62602449807513
109221,83.75930530971695
109272,61.18637060097698
109323,46.40255212345161
109374,89.00453877500394
109425,97.25718200441872
109476,23.432511156040047
109527,48.268903299676566
109578,99.01643203634919
109629,66.63665721765227
109680,81.55728559522801
109731,85.33124090864646
109782,99.01643203634919
109833,99.01643203634919
109884,99.01643203634919
109935,99.01643203634919
109986,22.191155107335483
110037,27.084338963920306
110088,45.34591327179708
110139,87.08595685323509
110190,76.36073800360649
110241,77.32998773231348
110292,99.01643203634919
110343,99.01643203634919
110394,99.01643203634919
110445,80.7120703693451
110496,34.19646167933011
110547,80.63151118578477
110598,75.93935882578619
110649,88.34321480119318
110700,92.82368351225506
110751,86.31902752990679
110802,91.89963211319875
110853,72.57269363952206
110904,45.82967515927722
110955,29.176046070692692
111006,99.01643203634919
111057,87.0054743733368
111108,63.903830903225
111159,74.07691041493268
111210,87.0759270080738
111261,72.01690159302686
111312,77.4544725195418
111363,40.84972684081222
111414,99.01643203634919
111465,77.71615357139429
111516,37.15650303797973
111567,90.71176114507146
111618,88.45156351446079
111669,65.47001594445626
111720,83.98895056545838
111771,99.01643203634919
111822,53.23505687400397
111873,96.00436221654272
111924,83.8385690669435
111975,76.79393100585625
112026,80.91189836202969
112077,71.54673844981413
112128,49.80835169769883
112179,33.93924786744355
112230,86.79484715215862
112281,87.22147990659263
112332,83.72827622269672
112383,90.8752685990048
112434,69.71143851611
112485,15.060829681751352
112536,46.39956986666329
112587,80.9649991028221
112638,99.01643203634919
112689,99.01643203634919
112740,26.145962197245037
112791,68.62419414615616
112842,99.01643203634919
112893,85.2689723128405
112944,77.44713423455491
112995,99.01643203634919
113046,99.01643203634919
113097,89.06580343626037
113148,99.01643203634919
113199,99.01643203634919
113250,36.933099968398416
113301,47.5033163084008
113352,99.01643203634919
113403,99.01643203634919
113454,90.11278424385397
113505,21.5568552172313
113556,93.89285059216068
113607,62.01612194442236
113658,99.01643203634919
113709,84.39834192462486
113760,80.00075806578926
113811,99.01643203634919
113862,51.51455333913996
113913,99.01643203634919
113964,42.600875573394546
114015,84.52667517064968
114066,99.01643203634919
114117,89.31492214127482
114168,43.32401216564778
114219,94.37806879193421
114270,99.01643203634919
114321,44.15497765603098
114372,89.42289873934654
114423,99.01643203634919
114474,75.85013670199581
114525,99.01643203634919
114576,99.01643203634919
114627,99.01643203634919
114678,40.280938560327854
114729,92.95567736545772
114780,68.50479555724777
114831,26.172013231009366
114882,99.01643203634919
114933,99.01643203634919
114984,99.01643203634919
115035,82.65212014092765
115086,99.01643203634919
115137,77.19613741796245
115188,71.21352371348577
115239,40.42338722117367
115290,80.89974743560073
115341,66.83426143687346
115392,99.01643203634919
115443,99.01643203634919
115494,99.01643203634919
115545,42.35573736156493
115596,99.01643203634919
115647,81.32816125353227
115698,99.01643203634919
115749,88.03692219864404
115800,79.98643982870483
115851,99.01643203634919
115902,33.599214173110866
115953,65.48985461413713
116004,99.01643203634919
116055,99.01643203634919
116106,51.330631680388855
116157,72.28666170959153
116208,99.01643203634919
116259,99.01643203634919
116310,99.01643203634919
116361,77.44336509463214
116412,99.01643203634919
116463,85.23784912752498
116514,87.70869998584391
116565,99.01643203634919
116616,81.64845552261197
116667,78.8640308318524
116718,78.52145754455286
116769,99.01643203634919
116820,91.97731939116193
116871,99.01643203634919
116922,73.38020805015037
116973,86.28415918529912
117024,88.42443603678969
117075,99.01643203634919
117126,65.41103589143886
117177,99.01643203634919
117228,75.32188525621574
117279,32.324223008793844
117330,83.81684321293497
117381,31.142177007730414
117432,71.48999937122827
117483,79.85726764039524
117534,33.957310012389
117585,99.01643203634919
117636,99.01643203634919
117687,55.09112242433236
117738,18.15819969782204
117789,50.19889845890055
117840,91.2552066384115
117891,70.44436439180281
117942,95.19027696611933
117993,99.01643203634919
118044,99.01643203634919
118095,43.12944492753267
118146,99.01643203634919
118197,57.5367001036713
118248,64.91609317289915
118299,5.3310449310173285
118350,82.38381992014267
118401,90.58608023790516
118452,93.43055548454072
118503,99.01643203634919
118554,82.33579882806843
118605,81.55780773542823
118656,99.01643203634919
118707,53.07306761321127
118758,66.65048490601578
118809,99.01643203634919
118860,38.488470984511814
118911,37.892261419907115
118962,63.11973168397462
119013,99.01643203634919
119064,77.80341494572785
119115,76.12750983983726
119166,99.01643203634919
119217,80.29582417857453
119268,41.40181807812124
119319,73.24579833073346
119370,38.55792086579911
119421,89.01551124459986
119472,96.72395646922281
119523,78.64745549649871
119574,34.552121551968796
119625,99.01643203634919
119676,99.01643203634919
119727,99.01643203634919
119778,85.65097790650839
119829,99.01643203634919
119880,67.68459498855856
119931,50.729020310468776
119982,88.42965769112374
120033,99.01643203634919
120084,99.01643203634919
120135,86.25393005014357
120186,99.01643203634919
120237,13.906504469774974
120288,99.01643203634919
120339,89.80846721227111
120390,64.40234106497294
120441,84.06417342477246
120492,75.79372730377784
120543,99.01643203634919
120594,99.01643203634919
120645,99.01643203634919
120696,99.01643203634919
120747,70.74232593246495
120798,99.01643203634919
120849,85.42379905709407
120900,26.305170944315414
120951,58.18695466797239
121002,61.28807657258783
121053,99.01643203634919
121104,74.5934448359402
121155,76.83076293706354
121206,99.01643203634919
121257,99.01643203634919
121308,53.268208122132094
121359,75.42637931465998
121410,6.42191128131083
121461,99.01643203634919
121512,89.24678456539577
121563,39.895923931113366
121614,59.335172565194696
121665,99.01643203634919
121716,37.89452499203971
121767,50.67684054160441
121818,45.81787770887796
121869,99.01643203634919
121920,62.55547082919567
121971,99.01643203634919
122022,77.97634537223453
122073,68.23670271520135
122124,99.01643203634919
122175,83.74343559236594
122226,71.67815384094101
122277,99.01643203634919
122328,50.432987901617274
122379,99.01643203634919
122430,99.01643203634919
122481,99.01643203634919
122532,99.01643203634919
122583,67.55411924551683
122634,99.01643203634919
122685,99.01643203634919
122736,99.01643203634919
122787,41.87265830836808
122838,59.912657882500596
122889,74.15379576187671
122940,88.14800184541198
122991,77.18585263652257
123042,99.01643203634919
123093,54.08599505072557
123144,53.7217975345809
123195,70.08098558164681
123246,61.60037640689551
123297,51.00673922959662
123348,59.87411323766674
123399,87.56333559768058
123450,99.01643203634919
123501,36.45940797819112
123552,99.01643203634919
123603,99.01643203634919
123654,78.47548821905514
123705,99.01643203634919
123756,70.49525096512316
123807,99.01643203634919
123858,68.9820080959668
123909,37.58384399752731
123960,99.01643203634919
124011,70.25424247036023
124062,89.82793106172353
124113,99.01643203634919
124164,99.01643203634919
124215,32.80026337199509
124266,99.01643203634919
124317,99.01643203634919
124368,58.56607873722554
124419,72.00852039741002
124470,46.061928557163874
124521,99.01643203634919
124572,86.9963144692188
124623,45.64223032747755
124674,34.43671860732337
124725,92.87897591144934
124776,59.46228075317822
124827,89.00626072653168
124878,60.96091895845817
124929,82.94509275718788
124980,99.01643203634919
125031,59.92676970531194
125082,99.01643203634919
125133,18.31484211574869
125184,99.01643203634919
125235,99.01643203634919
125286,87.1880448169406
125337,91.58216528127355
125388,86.00324174717738
125439,69.89161271891827
125490,87.16904993356985
125541,78.53533253250492
125592,81.22902080380796
125643,74.99354787431437
125694,99.01643203634919
125745,84.0645745770173
125796,78.94686239734733
125847,68.62999813101142
125898,96.20768931068412
125949,75.21174590957553
126000,57.92581146852141
126051,62.37737298127146
126102,99.01643203634919
126153,41.054552032014044
126204,90.4340865001384
126255,69.17979066617458
126306,79.7962396563376
126357,40.613147731260156
126408,99.01643203634919
126459,49.93603943890837
126510,88.59379909864577
126561,85.54829414925433
126612,57.87465094660158
126663,99.01643203634919
126714,52.66059242296067
126765,99.01643203634919
126816,79.02097152563154
126867,27.683629403450187
126918,43.159807289450356
126969,73.99603438857045
127020,99.01643203634919
127071,53.88485552833408
127122,84.2837958394548
127173,40.68738078057227
127224,99.01643203634919
127275,86.50312414029256
127326,91.77104701735414
127377,30.886857366056763
127428,99.01643203634919
127479,43.06793542413377
127530,99.01643203634919
127581,68.34174138349594
127632,36.188403068257415
127683,85.32414585768012
127734,99.01643203634919
127785,19.419391001488364
127836,88.30646857246197
127887,99.01643203634919
127938,99.01643203634919
127989,99.01643203634919
128040,87.77505010254843
128091,51.20344914604767
128142,87.24935347913684
128193,80.4434223518475
128244,99.01643203634919
128295,99.01643203634919
128346,84.86999613805827
128397,99.01643203634919
128448,99.01643203634919
128499,44.726171971027654
128550,99.01643203634919
128601,99.01643203634919
128652,11.102486708007484
128703,84.99920282363462
128754,99.01643203634919
128805,65.88835160359882
128856,18.836694626801258
128907,99.01643203634919
128958,60.923855195406134
129009,99.01643203634919
129060,77.28798131726839
129111,99.01643203634919
129162,99.01643203634919
129213,64.58623294716047
129264,85.2003037309818
129315,79.9144801262058
129366,61.19694843740045
129417,89.52716516004797
129468,99.01643203634919
129519,41.4033566708542
129570,82.17011062907578
129621,63.04298548680803
129672,99.01643203634919
129723,99.01643203634919
129774,99.01643203634919
129825,44.12232234126272
129876,69.5584762736979
129927,42.13413750835748
129978,82.094227521203
130029,88.2596466855504
130080,73.83712882676208
130131,74.20359547762152
130182,99.01643203634919
130233,99.01643203634919
130284,65.82637768104817
130335,64.40368817042167
130386,43.292549895429254
130437,83.53243625292302
130488,99.01643203634919
130539,99.01643203634919
130590,99.01643203634919
130641,57.52245603322547
130692,53.847984479879585
130743,71.39237688037255
130794,99.01643203634919
130845,73.59297813674135
130896,92.76902650299239
130947,86.07713570006379
130998,66.91600164175895
131049,99.01643203634919
131100,52.90694896711124
131151,66.27297459359202
131202,54.107486945918176
131253,27.13733155714917
131304,31.397015698627722
131355,91.78075996678008
131406,60.10815014206775
131457,99.01643203634919
131508,99.01643203634919
131559,99.01643203634919
131610,99.01643203634919
131661,99.01643203634919
131712,61.95437773405563
131763,63.702678228852186
131814,99.01643203634919
131865,90.68296816022156
131916,40.8497157165924
131967,99.01643203634919
132018,99.01643203634919
132069,99.01643203634919
132120,86.98937808812848
132171,99.01643203634919
132222,99.01643203634919
132273,50.800854726721255
132324,17.85635372509234
132375,99.01643203634919
132426,99.01643203634919
132477,76.27818826675743
132528,64.2264235515622
132579,50.73594158276365
132630,38.86403393931927
132681,99.01643203634919
132732,99.01643203634919
132783,99.01643203634919
132834,79.68460720635134
132885,91.02861022681545
132936,99.01643203634919
132987,69.27480065665169
133038,99.01643203634919
133089,99.01643203634919
133140,99.01643203634919
133191,90.7423615524014
133242,27.51767382437323
133293,99.01643203634919
133344,99.01643203634919
133395,45.61120027371105
133446,99.01643203634919
133497,38.40552618514623
133548,99.01643203634919
133599,48.92851164921299
133650,39.4634062202801
133701,17.721624371990025
133752,52.783067741648836
133803,99.01643203634919
133854,99.01643203634919
133905,78.0332083300216
133956,99.01643203634919
134007,99.01643203634919
134058,61.16163206855173
134109,99.01643203634919
134160,99.01643203634919
134211,82.23191107841718
134262,42.6747294561755
134313,99.01643203634919
134364,88.7795222894551
134415,99.01643203634919
134466,69.10461437491587
134517,94.71178727105395
134568,31.31370514404044
134619,65.94941899747147
134670,77.7180309465244
134721,78.08610054115611
134772,99.01643203634919
134823,82.62546065309853
134874,48.55735917211763
134925,76.77310911707629
134976,99.01643203634919
135027,95.2948244288912
135078,24.479960877968395
135129,68.2465562646103
135180,41.14598387090755
135231,33.622432758592886
135282,96.70297629389125
135333,72.28094127197156
135384,90.77968655864318
135435,99.01643203634919
135486,99.01643203634919
135537,99.01643203634919
135588,33.509380629429685
135639,39.221012519516094
135690,88.983405145686
135741,76.832263754983
135792,54.275663019568256
135843,77.08499253849847
135894,83.51939416526423
135945,27.650259724763544
135996,33.62389171314039
136047,68.2699826125171
136098,32.20042141393842
136149,99.01643203634919
136200,91.69509527656315
136251,99.01643203634919
136302,69.58530927969338
136353,99.01643203634919
136404,90.36164608114329
136455,46.22503295151274
136506,68.80646815884337
136557,93.14454207198575
136608,99.01643203634919
136659,50.793911270005694
136710,20.060091498595767
136761,99.01643203634919
136812,99.01643203634919
136863,99.01643203634919
136914,48.35413667042692
136965,99.01643203634919
137016,90.87379140114118
137067,56.47973903086819
137118,99.01643203634919
137169,99.01643203634919
137220,53.37286812220772
137271,24.078256217432976
137322,68.41176109242977
137373,42.09942045326656
137424,34.96272165060853
137475,99.01643203634919
137526,95.6509743189594
137577,99.01643203634919
137628,64.26152441807655
137679,59.142568770065054
137730,85.06509255746577
137781,79.86428685340402
137832,86.89185235432616
137883,79.43916836118905
137934,82.65789120544912
137985,82.98356168343132
138036,33.11136325205488
138087,99.01643203634919
138138,99.01643203634919
138189,63.054567379120606
138240,24.70823407973191
138291,99.01643203634919
138342,99.01643203634919
138393,67.57608659190893
138444,76.17217578320218
138495,87.75999965945319
138546,99.01643203634919
138597,73.41376369358514
138648,44.889340077968114
138699,81.79692667709737
138750,99.01643203634919
138801,80.01973518338976
138852,99.01643203634919
138903,94.01101572241835
138954,32.25566388861609
139005,32.51387092092787
139056,99.01643203634919
139107,75.55058338693968
139158,99.01643203634919
139209,84.71914417400359
139260,99.01643203634919
139311,90.71253682351038
139362,58.385481811765786
139413,40.46872603308477
139464,33.50052765417416
139515,99.01643203634919
139566,75.44478042620416
139617,81.25697325944135
139668,99.01643203634919
139719,58.71712338011665
139770,74.53931294804677
139821,99.01643203634919
139872,99.01643203634919
139923,99.01643203634919
139974,41.51648846596154
140025,74.48541327094763
140076,92.72828711396622
140127,79.67431290629344
140178,95.17294987609807
140229,56.69437743945033
140280,99.01643203634919
140331,47.68722247580978
140382,99.01643203634919
140433,91.19913501126739
140484,83.99179016789611
140535,99.01643203634919
140586,66.4909670156361
140637,99.01643203634919
140688,60.99383296972446
140739,76.98196799938293
140790,82.79111807387343
140841,29.911976281908128
140892,3.6553715414072054
140943,92.08711676464993
140994,28.888920963819945
141045,99.01643203634919
141096,99.01643203634919
141147,99.01643203634919
141198,99.01643203634919
141249,32.82730393460094
141300,23.375859433374643
141351,70.06393783606069
141402,94.91228231128639
141453,99.01643203634919
141504,53.74452038568686
141555,36.33512868845486
141606,75.86148856785468
141657,99.01643203634919
141708,83.884023007146
141759,99.01643203634919
141810,99.01643203634919
141861,99.01643203634919
141912,99.01643203634919
141963,99.01643203634919
142014,99.01643203634919
142065,99.01643203634919
142116,24.755025439934094
142167,38.68882291374513
142218,81.02429224857963
142269,89.50851600976596
142320,95.98881224846627
142371,82.53124495883704
142422,79.55558653623709
142473,64.95963385599659
142524,9.926554751122133
142575,36.566759997364464
142626,64.18507343142988
142677,71.19831533830366
142728,99.01643203634919
142779,99.01643203634919
142830,99.01643203634919
142881,53.47679027504122
142932,99.01643203634919
142983,99.01643203634919
143034,99.01643203634919
143085,87.3170513919349
143136,66.9097997480719
143187,99.01643203634919
143238,58.721458133850746
143289,99.01643203634919
143340,99.01643203634919
143391,82.0916216658581
143442,65.47902009689889
143493,82.20531080523605
143544,85.68264685059842
143595,89.85702954828844
143646,99.01643203634919
143697,79.26991057788189
143748,99.01643203634919
143799,69.5675122231816
143850,99.01643203634919
143901,64.57554373432644
143952,73.30742914518362
144003,99.01643203634919
144054,50.1718050326969
144105,99.01643203634919
144156,62.03226000221226
144207,31.049817059822345
144258,65.76757133606401
144309,37.05427529606602
144360,99.01643203634919
144411,73.98799328555354
144462,42.735414543804346
144513,84.34176254171183
144564,58.27075729116395
144615,95.24710333199083
144666,99.01643203634919
144717,79.7241798843541
144768,99.01643203634919
144819,39.02926156744677
144870,99.01643203634919
144921,99.01643203634919
144972,79.65598072225161
145023,43.09638663308655
145074,77.84762000167618
145125,99.01643203634919
145176,91.71507399634679
145227,99.01643203634919
145278,85.16128846933644
145329,91.66857476880163
145380,99.01643203634919
145431,75.68698019678179
145482,89.64629295305677
145533,99.01643203634919
145584,36.39677832543969
145635,99.01643203634919
145686,99.01643203634919
145737,71.66651640395862
145788,82.19421735730499
145839,71.92890839702213
145890,99.01643203634919
145941,37.12739792901183
145992,99.01643203634919
146043,69.35776700140732
146094,99.01643203634919
146145,86.90076722598418
146196,99.01643203634919
146247,90.8585483682801
146298,48.40530768970246
146349,99.01643203634919
146400,99.01643203634919
146451,99.01643203634919
146502,36.596271562425855
146553,82.97218133425189
146604,99.01643203634919
146655,89.8427355724224
146706,64.2128368758206
146757,87.83385969838444
146808,46.81804531752604
146859,21.463321170036917
146910,99.01643203634919
146961,52.94173334474911
147012,99.01643203634919
147063,99.01643203634919
147114,87.55213586826203
147165,7.724559474043382
147216,58.33358143977006
147267,78.83860260791221
147318,54.18641687061044
147369,99.01643203634919
147420,99.01643203634919
147471,99.01643203634919
147522,81.06463695664578
147573,84.32906162045212
147624,62.7900953081779
147675,48.789850967464965
147726,78.68574903451396
147777,99.01643203634919
147828,99.01643203634919
147879,99.01643203634919
147930,59.1239943068574
147981,99.01643203634919
148032,99.01643203634919
148083,44.84169025403507
148134,67.470555876533
148185,99.01643203634919
148236,99.01643203634919
148287,93.34448371164676
148338,79.68011029059136
148389,38.55077004947
148440,99.01643203634919
148491,28.742837401873132
148542,99.01643203634919
148593,99.01643203634919
148644,51.92864798096702
148695,69.26275920148272
148746,99.01643203634919
148797,85.86356117661437
148848,82.31464652890341
148899,99.01643203634919
148950,99.01643203634919
149001,87.88947119728951
149052,99.01643203634919
149103,79.60137690542258
149154,92.87089535645713
149205,86.47726491378528
149256,20.817490618462074
149307,35.32140649348049
149358,99.01643203634919
149409,99.01643203634919
149460,46.017222429060496
149511,69.52602453090806
149562,99.01643203634919
149613,87.96767317115217
149664,99.01643203634919
149715,58.83915307336548
149766,99.01643203634919
149817,84.7541798175367
149868,24.083340752865073
149919,80.02603940604035
149970,65.60048046011251
150021,84.01646557505713
150072,99.01643203634919
150123,99.01643203634919
150174,99.01643203634919
150225,47.995393295798465
150276,36.67258805858068
150327,76.13849227182416
150378,69.61812201867964
150429,61.53800384420162
150480,67.80803079530641
150531,65.32174763352477
150582,49.4934088426344
150633,59.47991651600316
150684,89.83097460067337
150735,99.01643203634919
150786,99.01643203634919
150837,99.01643203634919
150888,99.01643203634919
150939,91.54344681456872
150990,99.01643203634919
151041,39.94203936839886
151092,33.5515431588206
151143,99.01643203634919
151194,99.01643203634919
151245,22.794045172774474
151296,26.237483429978095
151347,60.88295403131019
151398,77.6315112985907
151449,79.02249958129819
151500,99.01643203634919
151551,99.01643203634919
151602,44.250432713960016
151653,94.42789244414406
151704,40.93113010359738
151755,99.01643203634919
151806,99.01643203634919
151857,99.01643203634919
151908,77.90220773136002
151959,71.65889770784631
152010,65.99447150215542
152061,65.93569679713674
152112,90.66373259101144
152163,85.00121539855455
152214,45.925606951395274
152265,25.786130027952368
152316,9.687705306218398
152367,79.07255074315216
152418,81.7464733112906
152469,83.48096664271826
152520,99.01643203634919
152571,99.01643203634919
152622,59.6454399226556
152673,99.01643203634919
152724,52.06671336715977
152775,99.01643203634919
152826,27.67506543838683
152877,99.01643203634919
152928,99.01643203634919
152979,88.22741832516179
153030,99.01643203634919
153081,73.80685199880833
153132,83.78166186725467
153183,99.01643203634919
153234,99.01643203634919
153285,99.01643203634919
153336,99.01643203634919
153387,99.01643203634919
153438,99.01643203634919
153489,76.46101926069242
153540,99.01643203634919
153591,89.88662179448293
153642,99.01643203634919
153693,99.01643203634919
153744,73.26213785061901
153795,99.01643203634919
153846,81.88340739127898
153897,33.62030104664545
153948,85.33984391720053
153999,26.091460929898123
154050,65.0023003001996
154101,93.21585114402589
154152,40.55150587746126
154203,64.91741943614956
154254,34.47892622398518
154305,87.21235901288108
154356,78.94047331076945
154407,65.96213345354454
154458,59.18460570369218
154509,99.01643203634919
154560,99.01643203634919
154611,99.01643203634919
154662,99.01643203634919
154713,99.01643203634919
154764,86.72609332402828
154815,37.50017774170472
154866,99.01643203634919
154917,76.5978960971921
154968,84.5357806577271
155019,72.12145855281669
155070,60.11078206905847
155121,18.757577353051406
155172,54.96507488306268
155223,36.403748292990024
155274,77.81737221571103
155325,99.01643203634919
155376,99.01643203634919
155427,99.01643203634919
155478,24.311491908156924
155529,99.01643203634919
155580,99.01643203634919
155631,85.46965497249775
155682,82.29328893262374
155733,78.69515157759193
155784,80.52020066863673
155835,39.39809264343259
155886,66.4119738476943
155937,51.219858347642436
155988,68.18063417219425
156039,73.22601313838062
156090,78.62289453868432
156141,15.450737059690107
156192,99.01643203634919
156243,88.92410876375007
156294,26.308889820727984
156345,63.127476665008366
156396,91.00305751916505
156447,99.01643203634919
156498,94.49055410758355
156549,68.43381500977006
156600,33.44858681511681
156651,73.7729705434873
156702,40.28631246713709
156753,99.01643203634919
156804,99.01643203634919
156855,89.7050886422194
156906,84.3578719208186
156957,63.441215362672935
157008,75.02571200535388
157059,99.01643203634919
157110,95.68658600612198
157161,99.01643203634919
157212,88.69830902238009
157263,99.01643203634919
157314,38.62089100795033
157365,42.030203247906606
157416,42.83107180427575
157467,82.6529312763015
157518,85.49554482943353
157569,99.01643203634919
157620,78.5931974542543
157671,69.97696626966196
157722,61.19010956760247
157773,65.2131388346461
157824,99.01643203634919
157875,55.78028914538122
157926,99.01643203634919
157977,55.22177503168232
158028,34.84299549475594
158079,56.912618111601475
158130,92.6303954214824
158181,85.13882045578414
158232,66.53824459816057
158283,99.01643203634919
158334,70.03294530005117
158385,90.11212863624
158436,30.02327746663105
158487,83.73422368674451
158538,99.01643203634919
158589,95.23033366208075
158640,36.74526501208257
158691,77.82651423142433
158742,57.72668884893287
158793,78.09829176212216
158844,92.82048631860218
158895,68.87261787846488
158946,99.01643203634919
158997,81.37746231478594
159048,99.01643203634919
159099,99.01643203634919
159150,99.01643203634919
159201,74.08373152305657
159252,99.01643203634919
159303,62.06738489887147
159354,99.01643203634919
159405,99.01643203634919
159456,91.64112899225056
159507,91.06240541085093
159558,55.677322568508266
159609,74.2695451038886
159660,54.12952135431679
159711,99.01643203634919
159762,93.16407022174128
159813,91.41866862622815
159864,79.32523267995099
159915,99.01643203634919
159966,29.530717632275273
160017,37.39662653121435
160068,99.01643203634919
160119,15.922591296550513
160170,81.34372206890271
160221,99.01643203634919
160272,77.64075159932905
160323,65.30345976644419
160374,99.01643203634919
160425,94.79296848431855
160476,99.01643203634919
160527,77.57194432692064
160578,77.9416312264636
160629,41.839529826194706
160680,99.01643203634919
160731,75.02379356732204
160782,99.01643203634919
160833,80.50885798749161
160884,99.01643203634919
160935,84.05728098167852
160986,99.01643203634919
161037,99.01643203634919
161088,84.63468029903753
161139,33.73930421424441
161190,58.37982303614738
161241,36.70851197548021
161292,99.01643203634919
161343,81.54416285017972
161394,99.01643203634919
161445,54.223664848602795
161496,75.94803712466565
161547,40.49566533166785
161598,25.252954373636296
161649,77.51327153051692
161700,60.14917704322278
161751,99.01643203634919
161802,8.799382456398696
161853,43.8760864540184
161904,36.68202303990014
161955,99.01643203634919
162006,99.01643203634919
162057,81.2994695459787
162108,99.01643203634919
162159,86.60571731608884
162210,99.01643203634919
162261,50.04586823728533
162312,19.74172682070762
162363,99.01643203634919
162414,99.01643203634919
162465,58.23741745885745
162516,99.01643203634919
162567,99.01643203634919
162618,99.01643203634919
162669,99.01643203634919
162720,87.93069976384335
162771,89.65211807569442
162822,99.01643203634919
162873,99.01643203634919
162924,82.28889345136412
162975,99.01643203634919
163026,70.01985569960479
163077,84.51569402518048
163128,99.01643203634919
163179,39.40912834817073
163230,36.3315096991157
163281,99.01643203634919
163332,90.71299548274011
163383,47.51042807147085
163434,51.35880126968614
163485,62.19380299794858
163536,69.97174519847218
163587,50.65700651798558
163638,99.01643203634919
163689,99.01643203634919
163740,93.18929918004989
163791,99.01643203634919
163842,75.50984250799043
163893,18.791656733592514
163944,77.20179254443678
163995,48.296211527217075
164046,99.01643203634919
164097,86.44586756358527
164148,99.01643203634919
164199,45.611609665556855
164250,19.14990999968215
164301,89.19367913024178
164352,86.78412416781136
164403,99.01643203634919
164454,72.9276309354203
164505,99.01643203634919
164556,62.3384207175541
164607,99.01643203634919
164658,86.66956340744711
164709,24.996708855427155
164760,84.08018752174009
164811,83.22082396523075
164862,80.63591997815278
164913,99.01643203634919
164964,79.55487592246024
165015,86.68966581614623
165066,74.20317169924928
165117,99.01643203634919
165168,99.01643203634919
165219,41.32600946167638
165270,99.01643203634919
165321,40.21323921060723
165372,25.070218505998525
165423,60.39331499300521
165474,41.87501863486127
165525,99.01643203634919
165576,20.28675914171817
165627,81.65811798568204
165678,99.01643203634919
165729,29.356433941682916
165780,99.01643203634919
165831,65.45776630537831
165882,59.00663309353542
165933,49.969576598681236
165984,76.91709103141758
166035,67.04351423768135
166086,39.468706023231675
166137,52.865381875974236
166188,99.01643203634919
166239,63.82989186665985
166290,99.01643203634919
166341,50.97130707608167
166392,99.01643203634919
166443,92.3282474948594
166494,18.24837850939068
166545,57.17422409690649
166596,99.01643203634919
166647,73.66013136719042
166698,99.01643203634919
166749,92.05390025147575
166800,99.01643203634919
166851,99.01643203634919
166902,99.01643203634919
166953,69.42069511874315
167004,17.32265386899544
167055,88.50370728501316
167106,32.104383544025815
167157,50.085843147399686
167208,99.01643203634919
167259,40.89289366862319
167310,36.71289569115792
167361,66.34532818566629
167412,80.88609570943044
167463,84.82813570007633
167514,53.50942444515119
167565,46.31190805651364
167616,34.6838574890304
167667,49.036978607827535
167718,50.412995552047704
167769,99.01643203634919
167820,75.20028198705103
167871,92.88389036922906
167922,84.10013859871461
167973,57.089357669239575
168024,70.16622326312996
168075,39.67743699187314
168126,29.016997172667114
168177,84.44289560006641
168228,99.01643203634919
168279,37.685820502307415
168330,55.12885712098985
168381,88.63403906425813
168432,99.01643203634919
168483,49.89513840736283
168534,89.88651972310117
168585,89.58747141526555
168636,76.30288632147575
168687,63.0867342026977
168738,94.18391443414473
168789,99.01643203634919
168840,63.012208569124354
168891,51.12716116503681
168942,66.40340763319904
168993,54.08170392568245
169044,24.012033188093127
169095,81.77760348358566
169146,36.53426309554721
169197,50.15850331139446
169248,99.01643203634919
169299,99.01643203634919
169350,72.93536452831025
169401,62.49061324176314
169452,99.01643203634919
169503,85.79955759638594
169554,99.01643203634919
169605,56.562714204205
169656,99.01643203634919
169707,85.1725229920746
169758,87.19669552214351
169809,46.578589227616995
169860,80.36197353884532
169911,98.06133453703329
169962,61.94113733975475
170013,54.66228394930088
170064,80.47808401471106
170115,92.85762510398624
170166,26.0409512818598
170217,99.01643203634919
170268,29.151014764060346
170319,99.01643203634919
170370,36.19373484756394
170421,99.01643203634919
170472,40.61066812671698
170523,33.81957727829463
170574,99.01643203634919
170625,39.83752024021277
170676,99.01643203634919
170727,85.37541228865707
170778,85.46489876114771
170829,99.01643203634919
170880,99.01643203634919
170931,99.01643203634919
170982,68.2228966867278
171033,48.631462475617944
171084,72.41154627549308
171135,93.94423664759185
171186,66.6557196542526
171237,99.01643203634919
171288,77.22403933766302
171339,84.53527493276306
171390,43.207535277229034
171441,99.01643203634919
171492,99.01643203634919
171543,78.8547726947797
171594,78.14588580939959
171645,99.01643203634919
171696,67.99307036105907
171747,99.01643203634919
171798,99.01643203634919
171849,76.43198218930883
171900,34.478787396680495
171951,32.86950001588942
172002,72.84758063632277
172053,95.24880205064643
172104,76.04961027830987
172155,24.750763117247786
172206,94.24330383900502
172257,78.14762457466762
172308,72.39061323647992
172359,91.84541045465366
172410,75.45282404432295
172461,89.13016775543244
172512,73.82665863477412
172563,82.2295931664581
172614,99.01643203634919
172665,99.01643203634919
172716,99.01643203634919
172767,51.406084525338386
172818,80.05528041016824
172869,99.01643203634919
172920,76.32490872424708
172971,99.01643203634919
173022,99.01643203634919
173073,65.68862470617259
173124,99.01643203634919
173175,99.01643203634919
173226,99.01643203634919
173277,99.01643203634919
173328,82.6414897542891
173379,65.09840062703421
173430,93.27585914101178
173481,99.01643203634919
173532,99.01643203634919
173583,63.90758406043576
173634,50.001624001573305
173685,99.01643203634919
173736,86.75302677998899
173787,99.01643203634919
173838,76.6121609376017
173889,36.95248635410713
173940,99.01643203634919
173991,99.01643203634919
174042,99.01643203634919
174093,84.90939401047821
174144,99.01643203634919
174195,99.01643203634919
174246,99.01643203634919
174297,91.25987103914034
174348,90.20787317596228
174399,74.90849223980238
174450,81.88861654569433
174501,11.87522915524779
174552,68.5588219334872
174603,99.01643203634919
174654,99.01643203634919
174705,99.01643203634919
174756,84.00111114890838
174807,99.01643203634919
174858,99.01643203634919
174909,99.01643203634919
174960,88.2137592822263
175011,76.4851690417711
175062,99.01643203634919
175113,99.01643203634919
175164,91.03282044912399
175215,76.78470225989139
175266,60.90378306788469
175317,46.122735126943226
175368,85.97524343634666
175419,82.01998902405953
175470,86.90429415118123
175521,83.00372193969842
175572,48.45256081866277
175623,99.01643203634919
175674,99.01643203634919
175725,99.01643203634919
175776,99.01643203634919
175827,99.01643203634919
175878,39.86585579539336
175929,99.01643203634919
175980,87.02310504826714
176031,99.01643203634919
176082,99.01643203634919
176133,73.81000056834559
176184,29.87399357995616
176235,80.48290169328588
176286,72.89270959174384
176337,43.67321622094378
176388,99.01643203634919
176439,22.695126434011954
176490,76.96568710759198
176541,99.01643203634919
176592,48.52496094587972
176643,75.92800468635792
176694,92.03852056500854
176745,99.01643203634919
176796,41.09535237088096
176847,87.9495153904427
176898,26.44320298534722
176949,55.24373552048905
177000,54.45635357056214
177051,99.01643203634919
177102,96.88284838418747
177153,62.17009538012168
177204,99.01643203634919
177255,64.81605917977838
177306,87.95417262115188
177357,99.01643203634919
177408,85.2034126909778
177459,99.01643203634919
177510,88.07467845925585
177561,99.01643203634919
177612,76.79697566760412
177663,85.52823196623721
177714,99.01643203634919
177765,37.91584103542614
177816,99.01643203634919
177867,71.8869990328628
177918,99.01643203634919
177969,93.29757438276577
178020,88.26978358937367
178071,34.87357038096639
178122,99.01643203634919
178173,99.01643203634919
178224,65.319517796225
178275,99.01643203634919
178326,19.040678504056853
178377,74.5287613778471
178428,99.01643203634919
178479,82.17822087375384
178530,99.01643203634919
178581,64.3857268485082
178632,88.96938344887546
178683,99.01643203634919
178734,99.01643203634919
178785,99.01643203634919
178836,72.10972035136778
178887,99.01643203634919
178938,62.895506078596775
178989,30.288452172597054
179040,42.88472405308214
179091,99.01643203634919
179142,15.80350086646541
179193,99.01643203634919
179244,99.01643203634919
179295,16.27072893235089
179346,53.46172587851181
179397,99.01643203634919
179448,85.483628468341
179499,29.90459706513445
179550,99.01643203634919
179601,76.5171855877329
179652,57.62913879117874
179703,62.79379912248698
179754,40.895257188286635
179805,80.11285058866405
179856,66.52582910178536
179907,63.32108491677147
179958,99.01643203634919
180009,99.01643203634919
180060,99.01643203634919
180111,99.01643203634919
180162,99.01643203634919
180213,60.156987236710684
180264,58.41576196833302
180315,99.01643203634919
180366,99.01643203634919
180417,92.53276328870068
180468,84.03479120637985
180519,73.29643145504444
180570,91.47113469223164
180621,99.01643203634919
180672,46.358384562694134
180723,99.01643203634919
180774,39.598393649096536
180825,51.63135693975978
180876,84.9084349144663
180927,99.01643203634919
180978,89.82044450947745
181029,99.01643203634919
181080,72.27008716374327
181131,99.01643203634919
181182,99.01643203634919
181233,71.75187192380227
181284,99.01643203634919
181335,70.50270182117863
181386,99.01643203634919
181437,38.41567963794037
181488,76.46595917206396
181539,90.59451782819329
181590,64.64658714263878
181641,81.20091196281726
181692,91.04923248951272
181743,74.73497082939556
181794,78.41088250794658
181845,72.12467590222161
181896,44.832747593096514
181947,78.55841274133053
181998,99.01643203634919
182049,99.01643203634919
182100,41.6273469145414
182151,84.4130423011286
182202,99.01643203634919
182253,99.01643203634919
182304,77.27548963378922
182355,77.42461252013659
182406,42.970753144856765
182457,31.56266244815774
182508,41.73248570350875
182559,99.01643203634919
182610,41.36139988821506
182661,36.45604076453691
182712,99.01643203634919
182763,23.876993358259924
182814,90.32265577219044
182865,99.01643203634919
182916,99.01643203634919
182967,66.24200130385556
183018,88.26791664337648
183069,99.01643203634919
183120,99.01643203634919
183171,77.15768262942693
183222,77.55990849882424
183273,63.00626521365218
183324,73.0630557880953
183375,99.01643203634919
183426,68.79752969472395
183477,99.01643203634919
183528,91.9122885809848
183579,43.47295062458436
183630,99.01643203634919
183681,75.23536429264915
183732,20.400876475524612
183783,63.01755527853851
183834,50.22446596431387
183885,79.76520259730243
183936,91.68180876346477
183987,99.01643203634919
184038,99.01643203634919
184089,78.48018812434731
184140,35.32699757943505
184191,89.89830784770633
184242,99.01643203634919
184293,75.87755647135911
184344,70.86540776149022
184395,48.56680857861255
184446,99.01643203634919
184497,80.9928109319416
184548,47.382905550625715
184599,99.01643203634919
184650,99.01643203634919
184701,45.257515618348926
184752,70.36942501115848
184803,43.325578949807756
184854,99.01643203634919
184905,50.960595746539994
184956,19.905192404384696
185007,73.72363477223456
185058,70.88150633702931
185109,60.865490637079866
185160,99.01643203634919
185211,67.55093748017549
185262,61.030828256287165
185313,99.01643203634919
185364,68.67477937233095
185415,99.01643203634919
185466,99.01643203634919
185517,82.42448912596598
185568,64.97046955500917
185619,34.122384052685106
185670,66.91049942035957
185721,71.39330549860593
185772,90.58667849964469
185823,99.01643203634919
185874,19.064168035699762
185925,99.01643203634919
185976,82.4184596200885
186027,99.01643203634919
186078,99.01643203634919
186129,99.01643203634919
186180,70.9939605912966
186231,87.86925644290709
186282,31.28480620575978
186333,88.68650897777846
186384,99.01643203634919
186435,78.5231083383371
186486,59.34722810494375
186537,18.55842317883497
186588,99.01643203634919
186639,69.86639798596883
186690,37.35406425242007
186741,99.01643203634919
186792,99.01643203634919
186843,88.92511791013723
186894,58.71037673797264
186945,69.0518629722016
186996,89.25613010572147
187047,99.01643203634919
187098,73.11508708723747
187149,67.58802292637658
187200,51.30057439141119
187251,73.5915224511083
187302,89.50254701591552
187353,99.01643203634919
187404,46.86100479034527
187455,64.89686821686678
187506,93.42355883847934
187557,99.01643203634919
187608,99.01643203634919
187659,34.65043495285254
187710,70.3483211397015
187761,99.01643203634919
187812,41.976701861638226
187863,87.23562583197223
187914,55.95315860916354
187965,99.01643203634919
188016,99.01643203634919
188067,99.01643203634919
188118,71.87346626116036
188169,99.01643203634919
188220,99.01643203634919
188271,51.11825058769115
188322,99.01643203634919
188373,99.01643203634919
188424,88.61123700491768
188475,45.0184884447346
188526,99.01643203634919
188577,70.56060059431644
188628,68.58460707971552
188679,41.28329971086708
188730,99.01643203634919
188781,77.24903116926758
188832,74.70663357637491
188883,99.01643203634919
188934,99.01643203634919
188985,79.9281394699866
189036,77.63937220389127
189087,80.2480977570888
189138,66.38927167021735
189189,99.01643203634919
189240,92.34810162378872
189291,99.01643203634919
189342,99.01643203634919
189393,99.01643203634919
189444,99.01643203634919
189495,96.73977672769095
189546,22.368529705661278
189597,76.95666454207483
189648,87.77641948234958
189699,99.01643203634919
189750,72.76028458561152
189801,75.03217936214871
189852,92.81799669837154
189903,42.308539934249
189954,82.80896173683838
190005,99.01643203634919
190056,87.36071261853212
190107,77.12304111771921
190158,99.01643203634919
190209,88.07609407334205
190260,76.63998075760426
190311,99.01643203634919
190362,77.40559305258444
190413,76.9336988236181
190464,83.25766305976433
190515,99.01643203634919
190566,76.4795993163632
190617,99.01643203634919
190668,99.01643203634919
190719,99.01643203634919
190770,60.67435349317136
190821,93.3542833039382
190872,99.01643203634919
190923,99.01643203634919
190974,79.41002186094603
191025,90.5726731700775
191076,86.2478697704302
191127,99.01643203634919
191178,99.01643203634919
191229,99.01643203634919
191280,99.01643203634919
191331,99.01643203634919
191382,99.01643203634919
191433,38.49761541422292
191484,79.65002905710712
191535,82.81457291127447
191586,92.42022585075689
191637,56.12633342449411
191688,82.2786088373503
191739,76.86574265546089
191790,51.60735152997723
191841,70.9589625968251
191892,99.01643203634919
191943,85.44920598847499
191994,60.328764349718185
192045,71.0075170353707
192096,99.01643203634919
192147,99.01643203634919
192198,47.30515732105656
192249,77.1908527935761
192300,99.01643203634919
192351,99.01643203634919
192402,82.84490838466465
192453,83.52381639947608
192504,99.01643203634919
192555,99.01643203634919
192606,99.01643203634919
192657,99.01643203634919
192708,95.34372060886055
192759,99.01643203634919
192810,20.748424227013867
192861,84.51161524294794
192912,79.5802064072127
192963,99.01643203634919
193014,35.471274974985626
193065,99.01643203634919
193116,48.28629052530108
193167,66.64370976520114
193218,66.5668422138076
193269,32.003333799559186
193320,99.01643203634919
193371,76.16370451974961
193422,99.01643203634919
193473,60.811141753760566
193524,99.01643203634919
193575,2.241572156936218
193626,72.41809939821233
193677,99.01643203634919
193728,39.62314930897412
193779,25.556455330419006
193830,82.66362395801873
193881,92.05292773263906
193932,99.01643203634919
193983,99.01643203634919
194034,99.01643203634919
194085,24.35573609258439
194136,28.779150530577326
194187,91.52437825719028
194238,99.01643203634919
194289,87.34056732177622
194340,99.01643203634919
194391,82.21615686023746
194442,99.01643203634919
194493,45.63634428128323
194544,99.01643203634919
194595,99.01643203634919
194646,99.01643203634919
194697,99.01643203634919
194748,99.01643203634919
194799,38.05980582361923
194850,17.525123458136456
194901,35.500976487018754
194952,99.01643203634919
195003,38.48031210443071
195054,95.41394832607875
195105,99.01643203634919
195156,63.81766879631848
195207,35.53645829290521
195258,99.01643203634919
195309,99.01643203634919
195360,99.01643203634919
195411,76.65372596705203
195462,99.01643203634919
195513,99.01643203634919
195564,99.01643203634919
195615,92.65719727993614
195666,99.01643203634919
195717,99.01643203634919
195768,69.54565443134749
195819,35.67443201484493
195870,87.57792809935364
195921,99.01643203634919
195972,25.097290838902282
196023,42.738954270085976
196074,99.01643203634919
196125,75.00874696730335
196176,63.42096219279879
196227,99.01643203634919
196278,60.9272790382768
196329,99.01643203634919
196380,70.7605622034732
196431,32.85680266135223
196482,90.02626340729367
196533,99.01643203634919
196584,81.70632681946523
196635,70.04954772909521
196686,46.93131791974312
196737,99.01643203634919
196788,99.01643203634919
196839,57.711539344705706
196890,85.33957402404351
196941,99.01643203634919
196992,74.27761669914968
197043,99.01643203634919
197094,99.01643203634919
197145,67.55192891304966
197196,65.85408241534215
197247,66.75019516644308
197298,76.66493914031413
197349,99.01643203634919
197400,78.77338576176135
197451,57.59934050581496
197502,76.72771005269888
197553,67.67672749364485
197604,99.01643203634919
197655,73.32848596921578
197706,68.981141158709
197757,99.01643203634919
197808,99.01643203634919
197859,99.01643203634919
197910,99.01643203634919
197961,99.01643203634919
198012,24.988914996490575
198063,92.24010241864663
198114,73.29749733279701
198165,99.01643203634919
198216,99.01643203634919
198267,75.18000691163996
198318,57.773867578041276
198369,99.01643203634919
198420,67.45877008201647
198471,79.98074192742081
198522,80.0937267305187
198573,33.45461383383843
198624,81.71238609245763
198675,64.5608887551313
198726,99.01643203634919
198777,76.16428124880044
198828,91.27841590959912
198879,88.10732079829211
198930,78.45607357232116
198981,53.42481774556918
199032,99.01643203634919
199083,71.40339474852698
199134,57.53198573528991
199185,99.01643203634919
199236,78.19039320025381
199287,56.90191750871974
199338,99.01643203634919
199389,86.79763695289307
199440,42.02725632795457
199491,76.80660187949536
199542,99.01643203634919
199593,99.01643203634919
199644,73.42122757110842
199695,99.01643203634919
199746,99.01643203634919
199797,99.01643203634919
199848,99.01643203634919
199899,76.65821118587229
199950,87.29182714426197
200001,99.01643203634919
200052,51.46217374092755
200103,40.96974352285131
200154,99.01643203634919
200205,44.40071411888084
200256,99.01643203634919
200307,22.593052645665285
200358,47.69758084005202
200409,82.93292021686173
200460,99.01643203634919
200511,99.01643203634919
200562,85.59176920341017
200613,46.09739691461
200664,99.01643203634919
200715,54.00996566386443
200766,99.01643203634919
200817,63.26784803688643
200868,67.69680739353915
200919,99.01643203634919
200970,40.2090181168867
201021,99.01643203634919
201072,68.0027680052838
201123,99.01643203634919
201174,68.30676751172754
201225,52.05288578197727
201276,99.01643203634919
201327,64.73541891364746
201378,42.712205271106924
201429,49.71108345571563
201480,60.14478544087487
201531,99.01643203634919
201582,71.14393609405275
201633,82.70755544024091
201684,99.01643203634919
201735,86.74406416921954
201786,73.51044491572418
201837,99.01643203634919
201888,78.42970594189144
201939,69.20176593545742
201990,45.775676058446
202041,99.01643203634919
202092,72.08892511326205
202143,99.01643203634919
202194,91.70157663745567
202245,76.00883359377382
202296,74.06379731994781
202347,86.52786866505629
202398,99.01643203634919
202449,71.80978046467115
202500,8.752851518519805
202551,81.13105775528382
202602,30.048976312839223
202653,35.423141400028086
202704,99.01643203634919
202755,99.01643203634919
202806,99.01643203634919
202857,71.96532372705936
202908,69.84829744260693
202959,99.01643203634919
203010,56.841348244913625
203061,99.01643203634919
203112,51.052704365516306
203163,99.01643203634919
203214,34.0010079618728
203265,50.4652783197998
203316,93.73109504756329
203367,40.78913037152469
203418,27.205738969438315
203469,99.01643203634919
203520,99.01643203634919
203571,99.01643203634919
203622,89.5368735769418
203673,99.01643203634919
203724,84.25213069840032
203775,99.01643203634919
203826,92.2398020301217
203877,31.712107243872108
203928,68.455516725717
203979,99.01643203634919
204030,99.01643203634919
204081,99.01643203634919
204132,94.63960490593603
204183,79.06687845203624
204234,73.96917259109455
204285,99.01643203634919
204336,99.01643203634919
204387,56.23890739394132
204438,17.722136082052685
204489,32.82221596273762
204540,99.01643203634919
204591,30.130349898647676
204642,86.39940021132635
204693,74.9965347505809
204744,76.3320950749339
204795,92.72864222478664
204846,41.02018245689378
204897,51.32736598289941
204948,91.10786269162486
204999,99.01643203634919
205050,86.58589876438259
205101,99.01643203634919
205152,77.37345598510734
205203,99.01643203634919
205254,99.01643203634919
205305,87.74725167290953
205356,63.60177215665212
205407,99.01643203634919
205458,99.01643203634919
205509,40.93867888554846
205560,99.01643203634919
205611,64.9419009358572
205662,31.825698685325236
205713,76.46167087046797
205764,66.95183786641508
205815,75.27881266328639
205866,66.13703619427608
205917,19.589810550960117
205968,78.85880732690778
206019,48.17252737557879
206070,32.867278785044185
206121,48.68306387364231
206172,99.01643203634919
206223,34.393376259796675
206274,99.01643203634919
206325,29.597269125810026
206376,34.8580900242778
206427,99.01643203634919
206478,21.602262234510356
206529,39.951273395099825
206580,37.07213614444124
206631,66.07785630115123
206682,55.24250680058684
206733,99.01643203634919
206784,99.01643203634919
206835,87.53192525563821
206886,45.167547974542984
206937,99.01643203634919
206988,49.079064586265204
207039,85.3899156806646
207090,57.58096021447669
207141,65.13239990630174
207192,94.73568604303483
207243,99.01643203634919
207294,90.48540557611247
207345,99.01643203634919
207396,71.38507489436087
207447,80.22172748988055
207498,99.01643203634919
207549,83.44611749708545
207600,93.5109158558615
207651,90.49871773685838
207702,87.99625475773661
207753,73.85767001728316
207804,76.21124834458719
207855,42.71634555826839
207906,93.50551069137163
207957,64.06781369262936
208008,39.3941753953054
208059,35.167875540619384
208110,99.01643203634919
208161,21.26081426902345
208212,89.05877941487714
208263,74.79204441380368
208314,63.291958542341995
208365,61.438124114400864
208416,33.01243435795716
208467,91.30838721829835
208518,31.14496787823791
208569,99.01643203634919
208620,49.021653724614495
208671,50.80731477296849
208722,48.14410801400887
208773,95.04405438355204
208824,37.288656632327445
208875,99.01643203634919
208926,72.16482184553679
208977,99.01643203634919
209028,85.1820716772926
209079,99.01643203634919
209130,71.20002118906416
209181,77.2634224872509
209232,99.01643203634919
209283,99.01643203634919
209334,60.255188038138876
209385,76.8506510476689
209436,69.92550886236552
209487,80.779970121752
209538,85.79004331048944
209589,39.536932717924266
209640,71.80079312459408
209691,99.01643203634919
209742,72.81056002558026
209793,62.33550281499313
209844,99.01643203634919
209895,83.81485948182583
209946,87.08114504773458
209997,67.44373747878548
210048,39.979141361199154
210099,99.01643203634919
210150,99.01643203634919
210201,36.61599266770702
210252,99.01643203634919
210303,99.01643203634919
210354,88.70518270956296
210405,91.70246435529945
210456,29.858517462797124
210507,99.01643203634919
210558,85.89384350827163
210609,99.01643203634919
210660,41.82686920238991
210711,99.01643203634919
210762,98.0079891618831
210813,92.72578861436033
210864,72.78063231051128
210915,99.01643203634919
210966,99.01643203634919
211017,65.24544678146339
211068,81.43935247392665
211119,99.01643203634919
211170,45.59301343075855
211221,99.01643203634919
211272,99.01643203634919
211323,99.01643203634919
211374,99.01643203634919
211425,99.01643203634919
211476,90.30942207618398
211527,99.01643203634919
211578,87.62081022320497
211629,18.08719745733412
211680,93.2161985890762
211731,69.87737806397175
211782,99.01643203634919
211833,99.01643203634919
211884,99.01643203634919
211935,83.27151665885883
211986,99.01643203634919
212037,67.35511899220263
212088,66.01508426200192
212139,99.01643203634919
212190,99.01643203634919
212241,42.368411353828755
212292,99.01643203634919
212343,85.39394457594025
212394,64.40140751166804
212445,99.01643203634919
212496,99.01643203634919
212547,99.01643203634919
212598,78.08635276554585
212649,11.774447327400566
212700,99.01643203634919
212751,84.15249646031764
212802,99.01643203634919
212853,95.32642054693126
212904,99.01643203634919
212955,37.253752707905065
213006,99.01643203634919
213057,74.43608842198347
213108,58.41066326716796
213159,56.28819918275984
213210,84.64180505051338
213261,99.01643203634919
213312,77.87773643520647
213363,99.01643203634919
213414,99.01643203634919
213465,77.79244230944207
213516,34.12484983131071
213567,76.84679522539525
213618,99.01643203634919
213669,75.55738362967806
213720,99.01643203634919
213771,99.01643203634919
213822,99.01643203634919
213873,89.4228562971414
213924,99.01643203634919
213975,99.01643203634919
214026,69.3803054501365
214077,99.01643203634919
214128,99.01643203634919
214179,99.01643203634919
214230,80.92759324940762
214281,99.01643203634919
214332,36.43242316079174
214383,45.847455834906846
214434,99.01643203634919
214485,83.12199036764379
214536,80.52748447827477
214587,99.01643203634919
214638,87.09628364744589
214689,37.388786423451585
214740,99.01643203634919
214791,99.01643203634919
214842,75.98146103089876
214893,99.01643203634919
214944,89.70528768260567
214995,99.01643203634919
215046,73.00198524401178
215097,72.05174711591033
215148,60.476083526287475
215199,74.42716735985724
215250,76.492251911977
215301,46.187548485425296
215352,56.34737310096075
215403,99.01643203634919
215454,99.01643203634919
215505,99.01643203634919
215556,77.01421601822153
215607,99.01643203634919
215658,35.21903203868505
215709,71.4726567401785
215760,99.01643203634919
215811,99.01643203634919
215862,75.23369910852995
215913,55.508232140392366
215964,99.01643203634919
216015,58.00907544709513
216066,91.44471495002958
216117,77.43905789168666
216168,70.52981931630455
216219,76.4082891539047
216270,99.01643203634919
216321,58.25091822426951
216372,66.10252295660806
216423,99.01643203634919
216474,99.01643203634919
216525,77.95489935271144
216576,99.01643203634919
216627,99.01643203634919
216678,99.01643203634919
216729,99.01643203634919
216780,75.85020105905932
216831,62.262655505998694
216882,99.01643203634919
216933,29.347081924164414
216984,71.82197479976361
217035,82.96780723574479
217086,99.01643203634919
217137,99.01643203634919
217188,43.05069941031648
217239,54.778905547156754
217290,34.93840606407248
217341,66.62920919596644
217392,58.86505367578107
217443,43.80247624078761
217494,85.18269967495903
217545,80.48245278721433
217596,83.01288961071963
217647,48.10739894790858
217698,99.01643203634919
217749,89.74938393922582
217800,94.20362435444237
217851,31.240746947044002
217902,99.01643203634919
217953,99.01643203634919
218004,99.01643203634919
218055,62.64953630112632
218106,69.57632098864202
218157,24.72779851071357
218208,82.83354930325231
218259,66.86178011155945
218310,81.46412633374786
218361,74.0973324181827
218412,39.0980918501377
218463,99.01643203634919
218514,92.77381920893245
218565,68.3694825806333
218616,19.247826480459132
218667,91.32907880760814
218718,69.55840876876323
218769,36.29776027432815
218820,19.814365192018993
218871,89.1164362473709
218922,35.58701363964942
218973,81.1313588210433
219024,82.51700291812006
219075,99.01643203634919
219126,47.03316036221457
219177,31.133047528478
219228,99.01643203634919
219279,65.7124188966645
219330,82.15946560075142
219381,89.94700641168271
219432,99.01643203634919
219483,99.01643203634919
219534,87.454954976931
219585,99.01643203634919
219636,82.87340490677785
219687,48.39771714553836
219738,99.01643203634919
219789,99.01643203634919
219840,58.39771438396144
219891,99.01643203634919
219942,99.01643203634919
219993,99.01643203634919
220044,99.01643203634919
220095,62.56358211073056
220146,60.827332994836574
220197,78.66968956357353
220248,66.3473085814934
220299,29.660380763504
220350,99.01643203634919
220401,99.01643203634919
220452,99.01643203634919
220503,99.01643203634919
220554,72.25949055788927
220605,48.88055553427692
220656,49.92712832163432
220707,55.7915621942974
220758,83.05919033014538
220809,99.01643203634919
220860,87.9331477206797
220911,99.01643203634919
220962,67.81728667661213
221013,99.01643203634919
221064,64.02944045643288
221115,99.01643203634919
221166,84.6330916690172
221217,80.04638077295542
221268,87.92236886397954
221319,99.01643203634919
221370,75.63343203504851
221421,57.8107252903659
221472,72.85630191008728
221523,99.01643203634919
221574,49.60966824652808
221625,99.01643203634919
221676,88.10810937658863
221727,70.37550538467912
221778,44.758496627736044
221829,99.01643203634919
221880,42.7823905866025
221931,92.52250494014206
221982,63.628304710315476
222033,90.19145794334526
222084,75.54354686344159
222135,51.288401136095594
222186,99.01643203634919
222237,99.01643203634919
222288,91.24222049127962
222339,99.01643203634919
222390,52.89601650600011
222441,28.644126104530855
222492,82.48256667746436
222543,85.39879901228362
222594,99.01643203634919
222645,55.656215606957836
222696,75.46828352364341
222747,73.58773280823382
222798,99.01643203634919
222849,99.01643203634919
222900,29.562037496638535
222951,99.01643203634919
223002,99.01643203634919
223053,88.2901192039479
223104,99.01643203634919
223155,72.20241563308305
223206,59.88480545088182
223257,99.01643203634919
223308,62.86903373467399
223359,89.72591337110094
223410,64.56170698706471
223461,99.01643203634919
223512,99.01643203634919
223563,99.01643203634919
223614,99.01643203634919
223665,72.7013257837787
223716,99.01643203634919
223767,31.357736754731498
223818,94.31680437402034
223869,99.01643203634919
223920,22.1092573480498
223971,72.19005084881734
224022,67.47635131226862
224073,99.01643203634919
224124,82.88700447138457
224175,97.50611321618159
224226,99.01643203634919
224277,99.01643203634919
224328,99.01643203634919
224379,87.45378989830017
224430,99.01643203634919
224481,13.207833051554184
224532,99.01643203634919
224583,80.61112965939188
224634,74.58633075666837
224685,89.59185955390777
224736,62.591709176163555
224787,15.419587666645677
224838,75.56335357443717
224889,28.31698873411698
224940,77.38924112606281
224991,40.99903175190331
225042,9.244514524612024
225093,51.225175249608725
225144,29.181162865692418
225195,66.18951820642668
225246,99.01643203634919
225297,99.01643203634919
225348,74.18734328252935
225399,92.19625535321413
225450,99.01643203634919
225501,99.01643203634919
225552,99.01643203634919
225603,53.33952819864374
225654,37.19803372161686
225705,78.93397824778785
225756,77.53369320853548
225807,25.494401821257064
225858,61.332575525706226
225909,99.01643203634919
225960,57.67100282280996
226011,13.371476417169903
226062,31.885978338089444
226113,29.496306625560557
226164,99.01643203634919
226215,61.731486048572
226266,76.11717927231624
226317,36.79758667975823
226368,99.01643203634919
226419,41.19495000465511
226470,69.49934725533824
226521,82.68883296619383
226572,86.11992656384483
226623,38.007968325562175
226674,87.88433130522937
226725,64.98808829426184
226776,99.01643203634919
226827,89.22031995300728
226878,72.628294147721
226929,35.11274174003868
226980,42.071617513834774
227031,99.01643203634919
227082,77.50113904701493
227133,99.01643203634919
227184,99.01643203634919
227235,66.37697180888922
227286,34.92620429803223
227337,61.66666959534702
227388,99.01643203634919
227439,62.62362569747221
227490,84.83323364990609
227541,99.01643203634919
227592,99.01643203634919
227643,99.01643203634919
227694,99.01643203634919
227745,55.29401722210749
227796,99.01643203634919
227847,30.724284651516545
227898,99.01643203634919
227949,99.01643203634919
228000,44.174371174598186
228051,99.01643203634919
228102,79.98751267288358
228153,38.38400028798955
228204,99.01643203634919
228255,73.54200153567879
228306,66.86396212990574
228357,90.58108885503638
228408,99.01643203634919
228459,90.25037659092351
228510,99.01643203634919
228561,94.14874614270256
228612,32.34149484891079
228663,78.817328853169
228714,99.01643203634919
228765,65.68024017167764
228816,99.01643203634919
228867,27.58525126355012
228918,67.05085989492132
228969,99.01643203634919
229020,6.767501886781533
229071,43.7605460376618
229122,67.61309943134628
229173,37.585797274584294
229224,21.516989724262714
229275,99.01643203634919
229326,59.059565973782895
229377,34.778060404379694
229428,99.01643203634919
229479,87.13884404048375
229530,99.01643203634919
229581,44.212446403239454
229632,99.01643203634919
229683,99.01643203634919
229734,38.56660582453221
229785,23.00989772657218
229836,99.01643203634919
229887,91.65892776402197
229938,79.53812693466504
229989,99.01643203634919
230040,54.8286931379054
230091,14.145015892802896
230142,73.05481070161092
230193,99.01643203634919
230244,51.27456098645086
230295,99.01643203634919
230346,53.52718798607017
230397,90.07031197214846
230448,99.01643203634919
230499,77.29199201128847
230550,66.18626306571525
230601,83.5977083989925
230652,99.01643203634919
230703,99.01643203634919
230754,99.01643203634919
230805,77.79759171978571
230856,82.78451936716927
230907,99.01643203634919
230958,62.6675094768623
231009,66.39141284512812
231060,99.01643203634919
231111,83.30217389577324
231162,88.99163570334095
231213,57.92436008197589
231264,99.01643203634919
231315,70.06585319828753
231366,79.4925051839012
231417,45.57767856988151
231468,99.01643203634919
231519,64.83192618936559
231570,78.15383900140507
231621,75.30799392592041
231672,99.01643203634919
231723,99.01643203634919
231774,82.17301645553177
231825,99.01643203634919
231876,99.01643203634919
231927,85.39383145603075
231978,99.01643203634919
232029,94.42415450195523
232080,99.01643203634919
232131,55.97000265519936
232182,99.01643203634919
232233,99.01643203634919
232284,92.7700890588365
232335,71.90850915316797
232386,99.01643203634919
232437,99.01643203634919
232488,23.85692965758012
232539,99.01643203634919
232590,99.01643203634919
232641,95.27383598192316
232692,69.8047709213426
232743,99.01643203634919
232794,90.96618196458694
232845,99.01643203634919
232896,45.6096115300998
232947,32.02449045823607
232998,99.01643203634919
233049,99.01643203634919
233100,99.01643203634919
233151,69.60427959803805
233202,99.01643203634919
233253,25.315485711493604
233304,99.01643203634919
233355,58.97990644582203
233406,99.01643203634919
233457,99.01643203634919
233508,53.14761563979207
233559,61.57381838801979
233610,99.01643203634919
233661,99.01643203634919
233712,91.09755007193856
233763,90.27021717769527
233814,38.64352876081975
233865,72.25351621339681
233916,13.64198894072812
233967,56.96573002337438
234018,99.01643203634919
234069,70.20887784796705
234120,99.01643203634919
234171,96.49082742476728
234222,73.75232344583462
234273,99.01643203634919
234324,76.3088060460622
234375,82.71661920902564
234426,99.01643203634919
234477,28.022529288497967
234528,91.23583378088112
234579,99.01643203634919
234630,99.01643203634919
234681,60.02114151101785
234732,65.73456879856904
234783,91.45473252496757
234834,41.13007085371702
234885,99.01643203634919
234936,89.13061759121291
234987,99.01643203634919
235038,96.99252500726033
235089,47.52396822506183
235140,93.07972718888156
235191,99.01643203634919
235242,99.01643203634919
235293,90.95870718991327
235344,99.01643203634919
235395,91.05700057795559
235446,99.01643203634919
235497,99.01643203634919
235548,86.28147215066323
235599,19.087193926465254
235650,99.01643203634919
235701,75.77280328680452
235752,99.01643203634919
235803,87.39465617585661
235854,86.71210167054738
235905,76.56032330861522
235956,82.44199043715345
236007,90.89594768409897
236058,99.01643203634919
236109,96.01743007448187
236160,70.01895411669496
236211,99.01643203634919
236262,90.52617037799033
236313,99.01643203634919
236364,65.02045540350014
236415,75.90436167815349
236466,99.01643203634919
236517,45.513507396715084
236568,87.88592268521884
236619,71.3565780661267
236670,99.01643203634919
236721,99.01643203634919
236772,27.85248402312066
236823,76.88418401385545
236874,9.805232872215958
236925,89.90440827437533
236976,99.01643203634919
237027,50.38307772906936
237078,73.68139651110063
237129,84.5692337956568
237180,99.01643203634919
237231,99.01643203634919
237282,75.20304497833577
237333,99.01643203634919
237384,99.01643203634919
237435,49.400045890335235
237486,64.27035942408557
237537,72.39138073902552
237588,33.607437125739935
237639,54.464343311866564
237690,74.79020349134944
237741,87.752210161875
237792,47.18224143865215
237843,39.427653565648164
237894,99.01643203634919
237945,99.01643203634919
237996,99.01643203634919
238047,99.01643203634919
238098,99.01643203634919
238149,14.050597959335986
238200,20.00787450555628
238251,99.01643203634919
238302,86.44463717918025
238353,87.60382488592887
238404,66.14967621318704
238455,82.13735359352752
238506,76.3874366747478
238557,99.01643203634919
238608,58.72692435073906
238659,99.01643203634919
238710,99.01643203634919
238761,99.01643203634919
238812,80.23532474625183
238863,99.01643203634919
238914,99.01643203634919
238965,64.48442267346407
239016,91.17778876649714
239067,91.28359732316858
239118,35.952630525295454
239169,35.67512207893387
239220,99.01643203634919
239271,83.49512710254388
239322,99.01643203634919
239373,86.48784037765061
239424,20.90635326429529
239475,99.01643203634919
239526,84.75558012903109
239577,82.76581148903009
239628,39.554674213461425
239679,67.99781593558093
239730,76.56079504800209
239781,67.66307313631164
239832,34.22715777087742
239883,59.223742661358344
239934,99.01643203634919
239985,99.01643203634919
240036,83.86312781477685
240087,74.11329995786451
240138,29.439278597520953
240189,76.58395785595978
240240,99.01643203634919
240291,99.01643203634919
240342,48.108404189135754
240393,44.70840577057891
240444,99.01643203634919
240495,59.629909859168684
240546,99.01643203634919
240597,48.77211511676836
240648,61.812693133794546
240699,28.299018248870663
240750,99.01643203634919
240801,99.01643203634919
240852,37.82798276841356
240903,42.30621234484507
240954,51.650938467316976
241005,45.86517438843594
241056,99.01643203634919
241107,79.52974305720024
241158,99.01643203634919
241209,99.01643203634919
241260,71.16750694272241
241311,99.01643203634919
241362,99.01643203634919
241413,84.80327451124522
241464,45.48925144369813
241515,69.60718329736928
241566,31.342242991203342
241617,28.351949909070978
241668,99.01643203634919
241719,90.40645219297801
241770,46.501897196722474
241821,72.64112476772989
241872,99.01643203634919
241923,99.01643203634919
241974,99.01643203634919
242025,79.60065511449864
242076,82.10432229718279
242127,99.01643203634919
242178,99.01643203634919
242229,99.01643203634919
242280,99.01643203634919
242331,99.01643203634919
242382,70.02172148905413
242433,99.01643203634919
242484,83.36529588639274
242535,82.32062030164025
242586,99.01643203634919
242637,75.7585567922443
242688,99.01643203634919
242739,93.78156159924568
242790,31.929383172182504
242841,19.57370012336048
242892,99.01643203634919
242943,99.01643203634919
242994,59.080023898455124
243045,88.32693121594092
243096,80.52765193660926
243147,95.96566089412194
243198,99.01643203634919
243249,99.01643203634919
243300,76.71270854800164
243351,99.01643203634919
243402,37.68313923517921
243453,61.315035108847425
243504,99.01643203634919
243555,99.01643203634919
243606,99.01643203634919
243657,88.9453481785998
243708,99.01643203634919
243759,35.14171337159595
243810,99.01643203634919
243861,39.28430486705062
243912,62.00066911718257
243963,73.44830331943744
244014,68.86036401598085
244065,64.08265391093009
244116,99.01643203634919
244167,99.01643203634919
244218,99.01643203634919
244269,68.12644924323605
244320,99.01643203634919
244371,99.01643203634919
244422,86.3217573587846
244473,69.75048483648928
244524,99.01643203634919
244575,53.16278340888287
244626,99.01643203634919
244677,58.88537783364814
244728,99.01643203634919
244779,49.47685596427508
244830,48.461809558647076
244881,82.29763501475428
244932,99.01643203634919
244983,88.33374412899599
245034,99.01643203634919
245085,68.104823846626
245136,99.01643203634919
245187,74.38865737011437
245238,37.49504057109378
245289,23.639192478695428
245340,83.36416106623003
245391,38.834092029766026
245442,92.13103729657631
245493,99.01643203634919
245544,84.14459258299468
245595,95.64634306374697
245646,99.01643203634919
245697,99.01643203634919
245748,99.01643203634919
245799,67.51932105791305
245850,58.2154427360631
245901,72.15935774072196
245952,90.98874615103888
246003,99.01643203634919
246054,99.01643203634919
246105,99.01643203634919
246156,69.22331340130786
246207,81.1650278434161
246258,56.06475018968608
246309,19.813118944527503
246360,88.25814352884619
246411,84.66479196701243
246462,99.01643203634919
246513,67.83359244938217
246564,35.04885432698746
246615,99.01643203634919
246666,99.01643203634919
246717,99.01643203634919
246768,81.81224679077133
246819,77.71237858603364
246870,88.47053948220994
246921,99.01643203634919
246972,75.01625765421386
247023,99.01643203634919
247074,99.01643203634919
247125,43.889292248741995
247176,29.48551530096995
247227,99.01643203634919
247278,99.01643203634919
247329,63.261680385639806
247380,58.79735240123668
247431,51.88894982996303
247482,88.73431636333083
247533,43.03041384025288
247584,83.69277369979594
247635,99.01643203634919
247686,74.56475081016738
247737,39.80000201702785
247788,50.13119667732188
247839,27.68362065395339
247890,85.31608940267049
247941,96.09026758825941
247992,28.707384406263962
248043,99.01643203634919
248094,99.01643203634919
248145,51.5981764293151
248196,99.01643203634919
248247,76.79147975556742
248298,49.43647236632936
248349,82.79371869548606
248400,39.05403810648139
248451,48.95259518884636
248502,29.35662934052451
248553,54.76791420067899
248604,89.72218757020588
248655,83.57286509975167
248706,99.01643203634919
248757,99.01643203634919
248808,99.01643203634919
248859,99.01643203634919
248910,76.55461892387844
248961,54.24516438205001
249012,44.96878044159397
249063,73.2006035950637
249114,48.93512849166651
249165,89.44832492808055
249216,46.892031143760256
249267,99.01643203634919
249318,86.31812278624534
249369,91.18684019875492
249420,56.98600853559852
249471,94.07846235771447
249522,55.76138243801731
249573,99.01643203634919
249624,20.398929463220608
249675,77.72995755091058
249726,61.873064304913704
249777,99.01643203634919
249828,99.01643203634919
249879,99.01643203634919
249930,74.69528632211403
249981,26.88692704230513
250032,99.01643203634919
250083,99.01643203634919
250134,64.60999278505481
250185,99.01643203634919
250236,46.86566285397376
250287,57.13374613128311
250338,99.01643203634919
250389,99.01643203634919
250440,20.00835958317095
250491,48.254416865429995
250542,72.15919358882996
250593,99.01643203634919
250644,81.68129242083502
250695,52.34867634155589
250746,99.01643203634919
250797,99.01643203634919
250848,99.01643203634919
250899,60.97402928149307
250950,79.38421733817658
251001,23.755329771318006
251052,58.481677886131294
251103,44.18624599049119
251154,69.37448768213838
251205,94.17991197617842
251256,99.01643203634919
251307,45.617080194940826
251358,99.01643203634919
251409,99.01643203634919
251460,99.01643203634919
251511,87.86011951700723
251562,71.5248970514731
251613,99.01643203634919
251664,39.18412503503344
251715,85.25502244789267
251766,94.0884283079909
251817,99.01643203634919
251868,73.18003092745784
251919,76.96366844778343
251970,62.38512919148955
252021,22.928231339914575
252072,99.01643203634919
252123,99.01643203634919
252174,99.01643203634919
252225,85.66555644222164
252276,99.01643203634919
252327,36.62572792377454
252378,21.163313758599866
252429,99.01643203634919
252480,64.95328349759286
252531,99.01643203634919
252582,99.01643203634919
252633,99.01643203634919
252684,80.29940566067528
252735,99.01643203634919
252786,99.01643203634919
252837,60.43143330479739
252888,99.01643203634919
252939,33.125895939033484
252990,42.435724961598034
253041,64.8756828705566
253092,99.01643203634919
253143,99.01643203634919
253194,31.53071872484281
253245,99.01643203634919
253296,14.031655948978944
253347,59.751335473646336
253398,19.78118392627177
253449,99.01643203634919
253500,83.58379971168571
253551,67.40218913904853
253602,80.92903836819784
253653,99.01643203634919
253704,99.01643203634919
253755,28.505792069063688
253806,99.01643203634919
253857,33.64128096394019
253908,99.01643203634919
253959,77.75450162624853
254010,99.01643203634919
254061,61.726223752550624
254112,99.01643203634919
254163,90.2165793200858
254214,99.01643203634919
254265,29.842931970607086
254316,99.01643203634919
254367,99.01643203634919
254418,83.04359179097845
254469,99.01643203634919
254520,49.78753482693953
254571,99.01643203634919
254622,42.5300934734492
254673,70.60847075807392
254724,59.19426596225958
254775,81.71344039424858
254826,99.01643203634919
254877,38.466356911759746
254928,71.8595622436528
254979,34.355202490278366
255030,79.3234726005696
255081,99.01643203634919
255132,99.01643203634919
255183,32.32894982507799
255234,43.04768745515695
255285,88.01691606319552
255336,64.70195258941823
255387,99.01643203634919
255438,50.03706812547748
255489,64.24521486456914
255540,65.91845852984814
255591,42.22693273618108
255642,93.18534546775534
255693,99.01643203634919
255744,76.60874161621574
255795,14.217437533267102
255846,81.55758800290272
255897,69.54521691594798
255948,99.01643203634919
255999,99.01643203634919
256050,99.01643203634919
256101,99.01643203634919
256152,99.01643203634919
256203,83.39219499109925
256254,86.83064456337071
256305,57.12160455176667
256356,29.246006850713567
256407,99.01643203634919
256458,99.01643203634919
256509,75.35553043102355
256560,99.01643203634919
256611,68.02426735121578
256662,87.93826649013701
256713,99.01643203634919
256764,34.61572698056491
256815,88.39678855729302
256866,20.089601988228004
256917,92.41869427736198
256968,42.309522115630216
257019,71.90337812320969
257070,99.01643203634919
257121,79.96666347547958
257172,99.01643203634919
257223,71.8549562838901
257274,99.01643203634919
257325,91.80006420540184
257376,70.62252965905589
257427,75.6788975372539
257478,85.12042937244809
257529,78.39522658638478
257580,81.3537253017543
257631,99.01643203634919
257682,47.27287376865281
257733,70.56955738511635
257784,37.29587897454097
257835,91.55262575559057
257886,83.7068504575058
257937,99.01643203634919
257988,72.33075266546632
258039,99.01643203634919
258090,31.219605508162815
258141,99.01643203634919
258192,99.01643203634919
258243,99.01643203634919
258294,99.01643203634919
258345,99.01643203634919
258396,78.62193886855049
258447,39.97509521463723
258498,99.01643203634919
258549,99.01643203634919
258600,99.01643203634919
258651,55.83967594200828
258702,99.01643203634919
258753,99.01643203634919
258804,64.73884456361468
258855,70.20264738137197
258906,74.30574003578684
258957,55.38569280897833
259008,56.526051547356936
259059,99.01643203634919
259110,30.96091197863236
259161,69.39472508046109
259212,88.54077340997172
259263,50.20836756542273
259314,54.315247899338594
259365,25.93646239449885
259416,99.01643203634919
259467,53.71910979243452
259518,63.151961258287095
259569,99.01643203634919
259620,89.64728702379541
259671,79.25053927290807
259722,99.01643203634919
259773,52.901733174228156
259824,88.27918690113057
259875,99.01643203634919
259926,20.757387715213152
259977,99.01643203634919
260028,99.01643203634919
260079,81.73169054385494
260130,99.01643203634919
260181,99.01643203634919
260232,62.50104444407082
260283,91.41997915430574
260334,40.99258493874696
260385,63.011498945051954
260436,49.49731009002552
260487,85.74584237625737
260538,83.04075509328979
260589,99.01643203634919
260640,89.32069724423707
260691,99.01643203634919
260742,71.65377791128935
260793,73.78071024473843
260844,99.01643203634919
260895,81.74160780892794
260946,39.60506190354824
260997,88.92839762150946
261048,99.01643203634919
261099,99.01643203634919
261150,46.85415886510952
261201,93.16168870666768
261252,99.01643203634919
261303,66.39273234879816
261354,99.01643203634919
261405,99.01643203634919
261456,99.01643203634919
261507,95.20497547373289
261558,89.45387750614012
261609,25.03499828325655
261660,77.38043038907215
261711,91.02476957759464
261762,99.01643203634919
261813,83.31908061442556
261864,79.5592842668506
261915,30.753192771828235
261966,86.46808051046672
262017,75.14937598987612
262068,92.56913290899502
262119,99.01643203634919
262170,99.01643203634919
262221,69.18343815182295
262272,39.92397026606873
262323,99.01643203634919
262374,70.13903448915461
262425,71.21552988505209
262476,75.12367747616983
262527,44.46955412442491
262578,37.61215306038685
262629,40.593612497080414
262680,24.47919140841668
262731,90.26840343958791
262782,45.252238247709734
262833,49.09245093289363
262884,31.43767120284906
262935,99.01643203634919
262986,99.01643203634919
263037,51.56355337915211
263088,89.64315454562619
263139,41.96639810109512
263190,99.01643203634919
263241,99.01643203634919
263292,65.63966884501474
263343,44.80971155570597
263394,99.01643203634919
263445,70.88808267846437
263496,12.648051270851163
263547,99.01643203634919
263598,50.484614004978546
263649,22.56615878966506
263700,99.01643203634919
263751,85.48962216922294
263802,78.9160598636488
263853,51.68499159577008
263904,87.07453757995914
263955,83.18325653491996
264006,99.01643203634919
264057,99.01643203634919
264108,30.491178872602816
264159,99.01643203634919
264210,78.70283311429074
264261,77.49545792480615
264312,99.01643203634919
264363,60.25410844914662
264414,63.03695319039215
264465,72.11849091810211
264516,56.27671631847437
264567,47.33236785845785
264618,99.01643203634919
264669,59.23189182254822
264720,90.96841005952959
264771,41.34013905887979
264822,99.01643203634919
264873,75.67928787103001
264924,67.1577319035713
264975,99.01643203634919
265026,99.01643203634919
265077,42.71977224365837
265128,83.55439257081741
265179,93.10737485509551
265230,55.0005142744484
265281,88.57017540601
265332,69.65369870075102
265383,42.637306423318314
265434,99.01643203634919
265485,99.01643203634919
265536,78.64015451727211
265587,72.57232869477359
265638,72.73902904271137
265689,99.01643203634919
265740,91.76207668937154
265791,88.19254902507475
265842,99.01643203634919
265893,99.01643203634919
265944,85.89735318599045
265995,99.01643203634919
266046,51.54539351712167
266097,99.01643203634919
266148,99.01643203634919
266199,99.01643203634919
266250,80.16921717234081
266301,99.01643203634919
266352,27.263113222863716
266403,99.01643203634919
266454,54.47018447937501
266505,77.0065054692731
266556,89.3415076095257
266607,88.8846643382334
266658,99.01643203634919
266709,89.0930928417513
266760,99.01643203634919
266811,57.989058819366846
266862,79.90678940081682
266913,72.4198214873546
266964,59.92627679694458
267015,54.9887913390484
267066,99.01643203634919
267117,90.80235972360998
267168,72.64038198870887
267219,38.717802375465276
267270,93.10887915669338
267321,79.06598487435872
267372,99.01643203634919
267423,30.44704905076568
267474,99.01643203634919
267525,99.01643203634919
267576,99.01643203634919
267627,69.85133901970768
267678,99.01643203634919
267729,99.01643203634919
267780,99.01643203634919
267831,91.29599287293895
267882,74.26449770854286
267933,61.563731948619356
267984,37.67322951119844
268035,68.0715675857109
268086,33.443975260377876
268137,99.01643203634919
268188,36.52101523140545
268239,99.01643203634919
268290,99.01643203634919
268341,69.69173806599751
268392,31.323748448326032
268443,24.85653149838948
268494,63.237627228357084
268545,99.01643203634919
268596,99.01643203634919
268647,88.7932281106924
268698,80.34708970298081
268749,99.01643203634919
268800,76.5469457042661
268851,99.01643203634919
268902,99.01643203634919
268953,81.47310426653634
269004,99.01643203634919
269055,99.01643203634919
269106,99.01643203634919
269157,99.01643203634919
269208,99.01643203634919
269259,89.04061750216815
269310,63.12291424173893
269361,79.93701166589892
269412,65.57146653749248
269463,92.25274423303372
269514,99.01643203634919
269565,99.01643203634919
269616,99.01643203634919
269667,99.01643203634919
269718,99.01643203634919
269769,99.01643203634919
269820,72.87725046764534
269871,41.90775746986388
269922,60.71028035275158
269973,99.01643203634919
270024,99.01643203634919
270075,50.895326423919705
270126,88.41247568942939
270177,99.01643203634919
270228,99.01643203634919
270279,99.01643203634919
270330,99.01643203634919
270381,25.12437867192761
270432,99.01643203634919
270483,99.01643203634919
270534,99.01643203634919
270585,70.00022955341062
270636,40.699365116525286
270687,99.01643203634919
270738,38.49306586605559
270789,81.08488232975895
270840,79.02632850875237
270891,99.01643203634919
270942,99.01643203634919
270993,47.078524944861925
271044,24.58748640774024
271095,44.184302615231424
271146,99.01643203634919
271197,99.01643203634919
271248,99.01643203634919
271299,85.77989093401591
271350,50.83147610725667
271401,99.01643203634919
271452,75.71916923402229
271503,59.65885712729901
271554,23.81578399395922
271605,99.01643203634919
271656,99.01643203634919
271707,58.22928513599866
271758,79.51477617649111
271809,86.10130159183812
271860,68.48897410219121
271911,15.581099491967617
271962,50.46170019166333
272013,86.80668543922313
272064,99.01643203634919
272115,99.01643203634919
272166,99.01643203634919
272217,99.01643203634919
272268,23.42642665905636
272319,88.13014365421861
272370,49.286774362769506
272421,99.01643203634919
272472,13.463301046404824
272523,88.791971474825
272574,49.72678220804907
272625,99.01643203634919
272676,72.0397432038444
272727,71.86767548490424
272778,99.01643203634919
272829,88.96908879672635
272880,86.92630980093483
272931,82.00903685421514
272982,86.28657738790972
273033,99.01643203634919
273084,39.71469396462459
273135,88.95266794260345
273186,88.15095272166336
273237,99.01643203634919
273288,57.55864455414821
273339,92.79711122401201
273390,99.01643203634919
273441,99.01643203634919
273492,44.47352313363091
273543,96.88688010155671
273594,47.582357694795704
273645,99.01643203634919
273696,50.60404340186714
273747,83.6776882734839
273798,87.75966258162738
273849,37.00260682382594
273900,99.01643203634919
273951,71.46395180980605
274002,48.57409134944171
274053,54.73608126413835
274104,90.23213788701293
274155,54.430487052632586
274206,89.91047131537248
274257,99.01643203634919
274308,33.89285508594416
274359,83.81811868331566
274410,66.6885505597452
274461,59.38009043125796
274512,85.042782724161
274563,99.01643203634919
274614,43.70446387043648
274665,99.01643203634919
274716,91.17470524001206
274767,99.01643203634919
274818,27.22197455269835
274869,79.66076074298078
274920,89.18434802238612
274971,99.01643203634919
275022,99.01643203634919
275073,80.59633892983129
275124,55.552982367787486
275175,99.01643203634919
275226,84.21824029546222
275277,99.01643203634919
275328,66.98931104344047
275379,83.24896418382197
275430,99.01643203634919
275481,99.01643203634919
275532,99.01643203634919
275583,99.01643203634919
275634,59.412027278385835
275685,29.14409930300397
275736,64.32844993304572
275787,69.54940331843183
275838,99.01643203634919
275889,42.63251731421223
275940,90.6079240292027
275991,74.95361994843195
276042,24.99086105447043
276093,67.23898716115622
276144,43.473221555737275
276195,99.01643203634919
276246,99.01643203634919
276297,45.491235084628975
276348,84.0287057440074
276399,39.6696320055067
276450,55.66171610292977
276501,99.01643203634919
276552,87.53009005107337
276603,46.45939775291186
276654,51.276683470698536
276705,94.24132530940746
276756,99.01643203634919
276807,99.01643203634919
276858,99.01643203634919
276909,99.01643203634919
276960,64.21133503810364
277011,99.01643203634919
277062,82.39191565385681
277113,99.01643203634919
277164,6.273628281808515
277215,66.674950434991
277266,83.31469868240369
277317,7.547430905509571
277368,88.56273351521182
277419,32.052698563834966
277470,30.301770777979044
277521,99.01643203634919
277572,90.46588165672557
277623,86.83776171904802
277674,99.01643203634919
277725,99.01643203634919
277776,99.01643203634919
277827,99.01643203634919
277878,73.15807403776876
277929,63.48016141693447
277980,49.373621840622086
278031,45.68325313488456
278082,83.34576574865027
278133,87.46996430318842
278184,99.01643203634919
278235,34.11112887324193
278286,31.390942589298437
278337,99.01643203634919
278388,99.01643203634919
278439,99.01643203634919
278490,68.3779630801609
278541,20.276289531699376
278592,70.2477079033809
278643,74.64529687947021
278694,99.01643203634919
278745,35.15300228819042
278796,99.01643203634919
278847,90.9763425142327
278898,91.04309060487518
278949,99.01643203634919
279000,78.31976240216338
279051,99.01643203634919
279102,99.01643203634919
279153,92.27758698029969
279204,99.01643203634919
279255,44.59876837247105
279306,99.01643203634919
279357,99.01643203634919
279408,35.5015449064881
279459,41.0170429778584
279510,25.974574443833824
279561,99.01643203634919
279612,71.57346214074725
279663,91.87668620398622
279714,82.18932079971356
279765,78.1105538704463
279816,99.01643203634919
279867,27.769367785961485
279918,77.97607127830959
279969,78.58967167552738
280020,68.8947029475349
280071,89.83684445689278
280122,99.01643203634919
280173,99.01643203634919
280224,45.61380093517488
280275,86.27157919446955
280326,99.01643203634919
280377,60.728065250156426
280428,99.01643203634919
280479,72.61983643961045
280530,99.01643203634919
280581,99.01643203634919
280632,25.941089223670307
280683,46.35158285900827
280734,86.80534824656233
280785,64.72514254027183
280836,99.01643203634919
280887,99.01643203634919
280938,31.40163157220781
280989,69.71719470553482
281040,82.37799559570531
281091,99.01643203634919
281142,99.01643203634919
281193,75.90655930444326
281244,39.71209670171822
281295,99.01643203634919
281346,56.98136687761033
281397,95.63871020186345
281448,74.59933430239315
281499,99.01643203634919
281550,99.01643203634919
281601,99.01643203634919
281652,74.88984409528014
281703,43.941340209749235
281754,99.01643203634919
281805,57.86748886655433
281856,84.85264531360431
281907,53.85983936682594
281958,68.62858878418903
282009,73.36728172001943
282060,76.4908477254814
282111,99.01643203634919
282162,74.17096604868298
282213,99.01643203634919
282264,39.62474541810317
282315,47.04408077704261
282366,99.01643203634919
282417,94.32622102170664
282468,50.12408808173639
282519,80.05811264832315
282570,99.01643203634919
282621,99.01643203634919
282672,99.01643203634919
282723,63.41731097500257
282774,61.964442088732646
282825,12.049253281497975
282876,88.13032083753973
282927,99.01643203634919
282978,41.03896685454095
283029,66.65409279865841
283080,73.8232622142728
283131,73.81073496699143
283182,91.18247918669421
283233,99.01643203634919
283284,88.21707081175454
283335,56.21088731376149
283386,69.16245706730699
283437,99.01643203634919
283488,91.43072957078932
283539,60.56347753897003
283590,99.01643203634919
283641,69.92511740974027
283692,99.01643203634919
283743,89.37023561955665
283794,30.33075944479577
283845,99.01643203634919
283896,99.01643203634919
283947,75.21474885011834
283998,99.01643203634919
284049,31.408957707917455
284100,25.34210713207884
284151,87.57820858281536
284202,86.40283454912158
284253,54.352994786043325
284304,99.01643203634919
284355,58.894427066525054
284406,99.01643203634919
284457,71.42394418343383
284508,35.41626425010236
284559,53.15311000037967
284610,76.55864658444153
284661,99.01643203634919
284712,99.01643203634919
284763,99.01643203634919
284814,46.46899925243284
284865,12.782883740500228
284916,99.01643203634919
284967,99.01643203634919
285018,49.205531881847
285069,99.01643203634919
285120,36.10375348670542
285171,85.78150446893677
285222,86.14223162571737
285273,79.1433343769763
285324,87.0053721761024
285375,72.2270849532129
285426,99.01643203634919
285477,85.04596427807161
285528,99.01643203634919
285579,99.01643203634919
285630,26.238440939156266
285681,79.74583495184122
285732,46.63245707260441
285783,99.01643203634919
285834,84.94626696038567
285885,99.01643203634919
285936,26.63028199018936
285987,99.01643203634919
286038,99.01643203634919
286089,87.82116106685191
286140,82.1888716583089
286191,99.01643203634919
286242,77.98706102829223
286293,99.01643203634919
286344,99.01643203634919
286395,71.47391042562636
286446,99.01643203634919
286497,99.01643203634919
286548,99.01643203634919
286599,99.01643203634919
286650,69.93145646280371
286701,70.0842169119172
286752,99.01643203634919
286803,99.01643203634919
286854,78.29814515626123
286905,99.01643203634919
286956,42.77680241093745
287007,89.80474465411731
287058,61.268768761787925
287109,99.01643203634919
287160,52.11768010115034
287211,76.47125895989821
287262,74.01747659112998
287313,99.01643203634919
287364,99.01643203634919
287415,56.00554802624041
287466,99.01643203634919
287517,99.01643203634919
287568,99.01643203634919
287619,69.00412977959576
287670,40.27117516511453
287721,99.01643203634919
287772,39.77909897892226
287823,94.73481282624282
287874,96.14522750442633
287925,89.97488539474364
287976,90.69552553620277
288027,64.88943801670278
288078,69.86779352500098
288129,99.01643203634919
288180,75.19102341291568
288231,76.57393857627495
288282,92.01533394408604
288333,82.15649463073719
288384,37.094722714911164
288435,99.01643203634919
288486,16.793171654523064
288537,41.56438927814202
288588,99.01643203634919
288639,99.01643203634919
288690,99.01643203634919
288741,89.94774692002815
288792,88.73226381217344
288843,99.01643203634919
288894,56.903538085293576
288945,71.27304437564581
288996,99.01643203634919
289047,86.75580394593878
289098,73.01847235957345
289149,99.01643203634919
289200,99.01643203634919
289251,99.01643203634919
289302,99.01643203634919
289353,99.01643203634919
289404,39.90279302729082
289455,70.56387692503337
289506,99.01643203634919
289557,40.40326984242382
289608,71.97302753689733
289659,99.01643203634919
289710,99.01643203634919
289761,84.14871492266498
289812,56.06480161528833
289863,42.00376796971422
289914,19.207288820844035
289965,99.01643203634919
290016,78.38897416697988
290067,76.58996453112448
290118,50.11558679043623
290169,99.01643203634919
290220,99.01643203634919
290271,19.85276074332659
290322,99.01643203634919
290373,12.753530448059845
290424,75.03893296585983
290475,99.01643203634919
290526,83.98703246427691
290577,99.01643203634919
290628,77.38548765946061
290679,76.38267942823376
290730,43.89934064141336
290781,63.409366718914946
290832,20.366210754322843
290883,99.01643203634919
290934,87.63602350523543
290985,91.28725294210156
291036,55.967222209430076
291087,91.66989614431381
291138,99.01643203634919
291189,20.8748660813979
291240,29.075572874294654
291291,72.55377620301697
291342,33.91229198117956
291393,82.82670505168312
291444,99.01643203634919
291495,73.9811198897145
291546,55.44944703575169
291597,23.808066306915432
291648,99.01643203634919
291699,63.562566217400835
291750,99.01643203634919
291801,99.01643203634919
291852,75.67015663943695
291903,99.01643203634919
291954,67.75132825722218
292005,99.01643203634919
292056,99.01643203634919
292107,76.68829857824204
292158,34.67666801655462
292209,96.37859104016489
292260,99.01643203634919
292311,99.01643203634919
292362,73.68434839485573
292413,33.555525478588436
292464,47.80375948912416
292515,49.45138781536536
292566,87.59294108467333
292617,99.01643203634919
292668,84.75584408968842
292719,41.433205647283366
292770,40.451879203544024
292821,78.32958474649865
292872,99.01643203634919
292923,82.6047803656488
292974,14.71410187396076
293025,30.660943015202264
293076,63.16776423682727
293127,74.26907494858708
293178,99.01643203634919
293229,99.01643203634919
293280,99.01643203634919
293331,55.346474221579385
293382,99.01643203634919
293433,99.01643203634919
293484,82.27324401851276
293535,99.01643203634919
293586,83.84672879528797
293637,76.29645095068115
293688,8.804435098349552
293739,49.081246009200285
293790,96.55568214129102
293841,99.01643203634919
293892,99.01643203634919
293943,99.01643203634919
293994,46.350031497038
294045,34.02615772733683
294096,99.01643203634919
294147,99.01643203634919
294198,99.01643203634919
294249,99.01643203634919
294300,77.02233262701502
294351,46.93073071165512
294402,99.01643203634919
294453,67.69302786638389
294504,57.51214548815548
294555,53.236208874975475
294606,87.68429078507472
294657,30.437864130328435
294708,99.01643203634919
294759,87.17565682242859
294810,85.90445256327556
294861,80.36430159673098
294912,70.57468256784496
294963,81.00371337352796
295014,64.8171554352416
295065,88.85509030134196
295116,99.01643203634919
295167,92.63196059461941
295218,92.77704985331339
295269,99.01643203634919
295320,91.47322398753097
295371,14.099785679591673
295422,31.622481452529293
295473,38.710664420423676
295524,72.6871233842834
295575,99.01643203634919
295626,99.01643203634919
295677,89.4190748451395
295728,10.945310788079347
295779,69.66103702940306
295830,65.08281673241066
295881,78.80714897413885
295932,13.640111673643448
295983,42.376659765893145
296034,99.01643203634919
296085,99.01643203634919
296136,49.88540425802642
296187,99.01643203634919
296238,88.4790438380561
296289,99.01643203634919
296340,78.03101689309601
296391,70.29038656591517
296442,99.01643203634919
296493,36.52647638249001
296544,92.13532805551043
296595,84.43136793858447
296646,99.01643203634919
296697,99.01643203634919
296748,99.01643203634919
296799,99.01643203634919
296850,68.27711394137454
296901,99.01643203634919
296952,52.67878830610448
297003,45.1954480721851
297054,92.40148966546201
297105,99.01643203634919
297156,99.01643203634919
297207,99.01643203634919
297258,66.79820239566179
297309,67.53476881200098
297360,64.68960869453959
297411,68.68388234246025
297462,79.81327531513134
297513,94.43658691293618
297564,67.41706325972063
297615,99.01643203634919
297666,99.01643203634919
297717,99.01643203634919
297768,41.450478719311
297819,79.6970985050741
297870,42.11479833355166
297921,99.01643203634919
297972,85.10505444498217
298023,70.2623389538777
298074,22.67966092575174
298125,85.87170808083916
298176,93.22863284617335
298227,98.37180121918212
298278,54.894786613324854
298329,99.01643203634919
298380,99.01643203634919
298431,86.2917752630053
298482,99.01643203634919
298533,94.93495399908657
298584,99.01643203634919
298635,77.33258872594428
298686,82.7299117154255
298737,29.66106969087606
298788,24.94518470501024
298839,85.59954630964518
298890,76.70864794256417
298941,70.20129509972612
298992,99.01643203634919
299043,99.01643203634919
299094,89.3764157724138
299145,99.01643203634919
299196,25.931328910768023
299247,76.53133279036493
299298,88.01563962078795
299349,66.3195666200343
299400,74.01269997860878
299451,99.01643203634919
299502,90.22712353143082
299553,72.23955226840158
299604,82.88460992683115
299655,72.29589503680177
299706,67.79171525757663
299757,89.13464806465976
299808,99.01643203634919
299859,87.2509529669263
299910,99.01643203634919
299961,99.01643203634919
300012,39.38223341482664
300063,87.88264298988638
300114,51.88017907436317
300165,48.518178345564394
300216,99.01643203634919
300267,89.02469523172599
300318,29.066226465380268
300369,77.44307541759082
300420,77.57395742446208
300471,90.98276492006886
300522,58.39137304174918
300573,75.41454509939973
300624,99.01643203634919
300675,74.32192983493526
300726,96.34225918587936
300777,81.9145522199073
300828,74.89332038695177
300879,99.01643203634919
300930,93.7072660513116
300981,85.25334547685186
301032,88.88960064999641
301083,39.76755565131346
301134,99.01643203634919
301185,26.782213595393006
301236,78.20079355873484
301287,39.41122313168747
301338,42.2346124466351
301389,99.01643203634919
301440,99.01643203634919
301491,64.0107040550266
301542,99.01643203634919
301593,87.74322977791975
301644,99.01643203634919
301695,75.81518545019681
301746,99.01643203634919
301797,99.01643203634919
301848,99.01643203634919
301899,99.01643203634919
301950,99.01643203634919
302001,99.01643203634919
302052,99.01643203634919
302103,80.13956357571053
302154,92.6083477054579
302205,86.34056759583429
302256,42.63778298869567
302307,59.76358245236346
302358,32.82177808856767
302409,83.68291743233567
302460,90.0839638772919
302511,73.8992711562382
302562,71.60823000299331
302613,70.26608536660162
302664,49.01854529956231
302715,36.6725776230643
302766,28.760147179617455
302817,99.01643203634919
302868,59.701012741515015
302919,31.93558368125432
302970,38.14422065073894
303021,64.34008896054857
303072,76.5065933291368
303123,89.9376133421319
303174,99.01643203634919
303225,67.90231815143645
303276,50.91823906305388
303327,99.01643203634919
303378,99.01643203634919
303429,51.73245506996338
303480,99.01643203634919
303531,61.45031293614856
303582,43.983982977104326
303633,64.01634432777479
303684,99.01643203634919
303735,99.01643203634919
303786,19.833059349141724
303837,78.30456505507735
303888,99.01643203634919
303939,99.01643203634919
303990,83.39153885666416
304041,31.424198971449293
304092,99.01643203634919
304143,61.33630911419999
304194,99.01643203634919
304245,99.01643203634919
304296,86.51085391448441
304347,53.6153405445771
304398,57.06210912692604
304449,77.0038364014579
304500,99.01643203634919
304551,99.01643203634919
304602,99.01643203634919
304653,99.01643203634919
304704,68.06078340964987
304755,34.31106286637016
304806,48.282786613878855
304857,79.30563278106406
304908,79.59098855154099
304959,73.30568881730075
305010,62.116439598528395
305061,31.646339310239554
305112,44.71281701779543
305163,99.01643203634919
305214,99.01643203634919
305265,99.01643203634919
305316,26.172199811104925
305367,78.13157121879428
305418,99.01643203634919
305469,87.75319231652038
305520,24.160960221553406
305571,92.21085478425879
305622,99.01643203634919
305673,99.01643203634919
305724,28.349385575755477
305775,29.687880467544634
305826,99.01643203634919
305877,79.5844145876775
305928,56.25009402449822
305979,65.24995803393222
306030,99.01643203634919
306081,99.01643203634919
306132,99.01643203634919
306183,99.01643203634919
306234,80.63929893802951
306285,99.01643203634919
306336,76.8064596296008
306387,99.01643203634919
306438,49.23532409405179
306489,69.15602022914155
306540,63.54968412814878
306591,77.23246038583953
306642,71.51311634987364
306693,74.67066835945221
306744,99.01643203634919
306795,99.01643203634919
306846,99.01643203634919
306897,51.05925244171854
306948,65.88183650743568
306999,99.01643203634919
307050,71.01664609080714
307101,99.01643203634919
307152,99.01643203634919
307203,72.37121122325686
307254,35.02587750991301
307305,90.24442816117724
307356,58.594416087858384
307407,99.01643203634919
307458,73.89006847496819
307509,99.01643203634919
307560,20.783267310103287
307611,99.01643203634919
307662,41.62756701292831
307713,24.176201646169748
307764,81.97065716813532
307815,85.42271110217621
307866,89.22712484171474
307917,99.01643203634919
307968,89.44593839113834
308019,89.0955757792701
308070,44.82848789536338
308121,99.01643203634919
308172,99.01643203634919
308223,99.01643203634919
308274,68.89973802879578
308325,87.85329782315895
308376,46.61712914411657
308427,99.01643203634919
308478,99.01643203634919
308529,30.006431011156067
308580,82.39250943499287
308631,78.16368895984427
308682,36.511420899735775
308733,78.76230508347898
308784,99.01643203634919
308835,51.63448466230008
308886,93.92653037432156
308937,38.20530562200027
308988,99.01643203634919
309039,99.01643203634919
309090,81.2810424676713
309141,71.26798976751182
309192,36.66374351500467
309243,99.01643203634919
309294,65.18198205747044
309345,61.68233924473291
309396,35.212245489649476
309447,72.28387502197678
309498,70.20190552412397
309549,64.05176549266719
309600,88.08140537185547
309651,99.01643203634919
309702,60.67891854729908
309753,99.01643203634919
309804,82.81039056892556
309855,67.34246825221143
309906,99.01643203634919
309957,99.01643203634919
310008,92.09612454081862
310059,76.82510073634661
310110,89.52799005302741
310161,80.79531814365237
310212,82.24256924382432
310263,18.395132118475395
310314,68.08930341733918
310365,37.81801802522168
310416,40.062026055257135
310467,99.01643203634919
310518,75.14241810518651
310569,48.901643028725736
310620,75.29879075098299
310671,74.18340343309528
310722,91.54599230162115
310773,26.64055436203948
310824,99.01643203634919
310875,99.01643203634919
310926,99.01643203634919
310977,99.01643203634919
311028,99.01643203634919
311079,80.60653496390115
311130,83.49913869588437
311181,80.69373607132117
311232,99.01643203634919
311283,89.27564837229086
311334,91.90391964688435
311385,64.14679924165218
311436,36.366812362972944
311487,37.79474633628065
311538,46.80188654224311
311589,80.09408237326718
311640,54.4639718404239
311691,84.69186026133787
311742,79.95064890163266
311793,92.21867281728161
311844,84.01968585162032
311895,99.01643203634919
311946,48.98383945924057
311997,99.01643203634919
312048,79.23800147681091
312099,49.20719277243045
312150,93.86674481077085
312201,77.26520671852707
312252,99.01643203634919
312303,43.850071682702136
312354,81.8235318973695
312405,77.51938991531509
312456,45.070421653018606
312507,99.01643203634919
312558,99.01643203634919
312609,99.01643203634919
312660,87.52128743305362
312711,80.88015371900889
312762,92.5493093068793
312813,99.01643203634919
312864,99.01643203634919
312915,56.7188497720755
312966,75.21255361610257
313017,99.01643203634919
313068,88.7339246501078
313119,39.1698072481439
313170,83.27837653728737
313221,99.01643203634919
313272,12.418183176883876
313323,82.81872250574426
313374,63.490889110290304
313425,99.01643203634919
313476,29.793776203897824
313527,69.37475176506936
313578,99.01643203634919
313629,37.54474560551042
313680,68.94437384700343
313731,92.99634947745557
313782,90.3529721452741
313833,57.261123028685724
313884,92.9849611444844
313935,99.01643203634919
313986,83.45755767284653
314037,87.20152285819867
314088,99.01643203634919
314139,99.01643203634919
314190,99.01643203634919
314241,57.72542922232863
314292,53.96207005664674
314343,99.01643203634919
314394,17.043762612418362
314445,80.67148257782172
314496,54.184868755890534
314547,99.01643203634919
314598,14.57776197821618
314649,99.01643203634919
314700,99.01643203634919
314751,99.01643203634919
314802,88.01289455148599
314853,99.01643203634919
314904,38.74260035895402
314955,82.35305224614596
315006,77.7753927756218
315057,67.53920093835785
315108,99.01643203634919
315159,99.01643203634919
315210,72.23540606010843
315261,99.01643203634919
315312,81.74343126247278
315363,99.01643203634919
315414,80.83438909938924
315465,99.01643203634919
315516,64.02223446582434
315567,99.01643203634919
315618,99.01643203634919
315669,85.98623042520902
315720,24.953738185869486
315771,17.752892068484822
315822,79.73503480065051
315873,89.78595882567218
315924,78.10624649547455
315975,50.3405551888261
316026,72.36997483843659
316077,99.01643203634919
316128,99.01643203634919
316179,99.01643203634919
316230,99.01643203634919
316281,93.16301760538038
316332,26.787289982560626
316383,69.07680373470893
316434,88.05114062268689
316485,99.01643203634919
316536,57.608925925674114
316587,69.50763561838043
316638,99.01643203634919
316689,99.01643203634919
316740,95.12283267788443
316791,99.01643203634919
316842,99.01643203634919
316893,99.01643203634919
316944,99.01643203634919
316995,89.31004641352584
317046,99.01643203634919
317097,99.01643203634919
317148,51.21542435626201
317199,99.01643203634919
317250,90.0074506430925
317301,99.01643203634919
317352,99.01643203634919
317403,69.19397371409408
317454,99.01643203634919
317505,99.01643203634919
317556,68.77409523210699
317607,99.01643203634919
317658,23.78863389827583
317709,34.11565721836303
317760,99.01643203634919
317811,99.01643203634919
317862,68.60398063472164
317913,88.89513473327678
317964,17.679534574546455
318015,58.292618384313386
318066,83.72700026117903
318117,86.75893295629835
318168,83.42759011602176
318219,99.01643203634919
318270,96.91561537554641
318321,33.552644707761424
318372,99.01643203634919
318423,99.01643203634919
318474,31.58806478645042
318525,99.01643203634919
318576,99.01643203634919
318627,99.01643203634919
318678,86.59366668260911
318729,99.01643203634919
318780,99.01643203634919
318831,41.447500602807565
318882,53.04202505076143
318933,99.01643203634919
318984,70.90863149806387
319035,10.072832862233971
319086,36.85877183631602
319137,99.01643203634919
319188,41.09046898667189
319239,70.36722691853029
319290,99.01643203634919
319341,89.57888370093383
319392,99.01643203634919
319443,62.41881691790622
319494,30.247916677939962
319545,99.01643203634919
319596,86.75591579277253
319647,55.57218071560481
319698,84.81395617784129
319749,67.32911355535245
319800,99.01643203634919
319851,56.67108879188562
319902,88.8094893659832
319953,99.01643203634919
320004,61.67866824317262
320055,87.72542348935089
320106,99.01643203634919
320157,99.01643203634919
320208,88.15339755472499
320259,89.67430637961199
320310,99.01643203634919
320361,37.50779624852391
320412,76.40744165443849
320463,99.01643203634919
320514,68.47524180771491
320565,99.01643203634919
320616,41.940388882821075
320667,58.99195259426368
320718,61.42854970925701
320769,99.01643203634919
320820,58.48031529112894
320871,99.01643203634919
320922,99.01643203634919
320973,28.629930926874557
321024,99.01643203634919
321075,99.01643203634919
321126,69.79096642890943
321177,99.01643203634919
321228,75.71489907115505
321279,51.96444865735752
321330,56.939716617177
321381,15.162051714022773
321432,99.01643203634919
321483,35.83477274323156
321534,88.22534907458272
321585,99.01643203634919
321636,79.78119623050692
321687,99.01643203634919
321738,99.01643203634919
321789,99.01643203634919
321840,99.01643203634919
321891,87.83324841434782
321942,37.48389456575741
321993,87.8343647713723
322044,84.46946061915062
322095,99.01643203634919
322146,86.76454469687229
322197,30.670341346641393
322248,63.36234123690991
322299,30.862483388945456
322350,86.91971546878811
322401,72.36339528834976
322452,99.01643203634919
322503,91.79335018368087
322554,68.72126849415992
322605,99.01643203634919
322656,99.01643203634919
322707,38.70361924741917
322758,99.01643203634919
322809,39.239239140093424
322860,99.01643203634919
322911,39.08171211919935
322962,73.79642106619963
323013,32.45983722190933
323064,90.725921799078
323115,31.44347612947146
323166,99.01643203634919
323217,63.3908735634067
323268,99.01643203634919
323319,67.48897080983052
323370,99.01643203634919
323421,73.60270207766798
323472,76.52957915075149
323523,79.82839031771188
323574,75.91521539438357
323625,99.01643203634919
323676,72.80606979906752
323727,88.85635974670716
323778,84.90044665323664
323829,49.75346470576098
323880,72.61433267721384
323931,82.11414266304952
323982,90.30000350367861
324033,99.01643203634919
324084,99.01643203634919
324135,86.9558280597363
324186,99.01643203634919
324237,61.71356836742343
324288,77.26035826701776
324339,36.63206261503354
324390,42.60341327510143
324441,84.94760562199973
324492,99.01643203634919
324543,51.21697630219686
324594,99.01643203634919
324645,78.94762066681362
324696,99.01643203634919
324747,59.03113315176909
324798,99.01643203634919
324849,99.01643203634919
324900,80.51739735682072
324951,47.0025991366526
325002,36.079922381296335
325053,22.382963898067842
325104,70.4893097672756
325155,89.48942377598402
325206,81.81289755253886
325257,49.06382695205722
325308,99.01643203634919
325359,88.26117018297997
325410,35.18828624135833
325461,32.806663821037134
325512,45.781380579551346
325563,99.01643203634919
325614,99.01643203634919
325665,99.01643203634919
325716,69.20673937398264
325767,48.568352366755164
325818,36.79477111943991
325869,99.01643203634919
325920,99.01643203634919
325971,84.34935301157101
326022,34.533070035942956
326073,90.06530562186859
326124,39.749171588229565
326175,71.81669244251248
326226,94.51768798780382
326277,99.01643203634919
326328,99.01643203634919
326379,99.01643203634919
326430,68.7704328177753
326481,41.278986309242946
326532,71.58545866051388
326583,45.71380370267746
326634,49.55030112106044
326685,99.01643203634919
326736,71.61125752781912
326787,63.62045974927188
326838,74.46461609029046
326889,86.42544666660336
326940,99.01643203634919
326991,80.29909565390041
327042,88.6451956298681
327093,88.04451517705418
327144,73.63706952520198
327195,79.8744512092071
327246,99.01643203634919
327297,99.01643203634919
327348,28.42885919434593
327399,67.40275250752705
327450,86.56287822321742
327501,65.86604731250209
327552,99.01643203634919
327603,74.36081885896557
327654,82.4595640801836
327705,99.01643203634919
327756,99.01643203634919
327807,41.81092151777573
327858,37.18855996619306
327909,41.78468106153372
327960,74.35908397070808
328011,94.75706974461704
328062,82.85839075560796
328113,17.847156015464044
328164,77.89583663724108
328215,71.4284985039783
328266,70.98782500051433
328317,65.97382155266924
328368,75.0634270475386
328419,90.65158109778159
328470,6.030682305543785
328521,99.01643203634919
328572,30.49486642876407
328623,91.01156485665612
328674,20.83106109841985
328725,57.7885690063404
328776,99.01643203634919
328827,74.35501822308493
328878,86.78915533555698
328929,90.41125804930765
328980,99.01643203634919
329031,99.01643203634919
329082,97.48158204219772
329133,99.01643203634919
329184,99.01643203634919
329235,76.29395162921485
329286,99.01643203634919
329337,82.46146492058956
329388,99.01643203634919
329439,43.338407553593655
329490,68.12032922746101
329541,91.50744816818418
329592,67.34394616489325
329643,99.01643203634919
329694,41.87152476680709
329745,86.80230234534322
329796,99.01643203634919
329847,49.85842199719368
329898,85.9604037168357
329949,99.01643203634919
330000,73.41856802783393
330051,99.01643203634919
330102,99.01643203634919
330153,41.53793094666883
330204,99.01643203634919
330255,61.099305241903714
330306,16.5032586731349
330357,33.01024047119126
330408,69.35629760066988
330459,99.01643203634919
330510,99.01643203634919
330561,99.01643203634919
330612,99.01643203634919
330663,50.527346065845656
330714,68.00082276691589
330765,83.0712127033748
330816,99.01643203634919
330867,86.65596381362556
330918,52.578914702394385
330969,74.82769703785966
331020,51.740966449650905
331071,64.40933074518368
331122,99.01643203634919
331173,88.78274510321893
331224,99.01643203634919
331275,99.01643203634919
331326,99.01643203634919
331377,93.72059620344278
331428,28.855379193098916
331479,99.01643203634919
331530,99.01643203634919
331581,39.310273061018535
331632,99.01643203634919
331683,38.7636033820658
331734,84.7883414856281
331785,83.5113485975098
331836,81.88204341499878
331887,76.45723309101052
331938,83.22093318942123
331989,71.8930324528753
332040,92.4460625559502
332091,11.11890908882347
332142,67.49962399515671
332193,50.36990003497761
332244,62.54606664670583
332295,99.01643203634919
332346,86.80084452737081
332397,87.26621411036388
332448,99.01643203634919
332499,89.28298354475625
332550,27.969350736463326
332601,79.91263164370265
332652,37.174333132496784
332703,99.01643203634919
332754,99.01643203634919
332805,88.98898135773712
332856,24.99824053734393
332907,78.73306642315106
332958,67.3501052766353
333009,99.01643203634919
333060,99.01643203634919
333111,86.53952245223182
333162,68.05732305862492
333213,99.01643203634919
333264,50.51813689643314
333315,99.01643203634919
333366,49.667416679287925
333417,99.01643203634919
333468,30.06656507216065
333519,99.01643203634919
333570,76.21658217765665
333621,42.829839422842014
333672,82.6621837761029
333723,75.76180150253509
333774,77.23359670777013
333825,99.01643203634919
333876,99.01643203634919
333927,40.00204270102147
333978,39.336540597392
334029,17.138309574348018
334080,93.54883830465668
334131,73.01044289017912
334182,94.42121387329938
334233,86.38921211460665
334284,99.01643203634919
334335,89.48859624763747
334386,99.01643203634919
334437,99.01643203634919
334488,57.945265619478704
334539,90.52245827023093
334590,75.83520874104906
334641,34.659866502838454
334692,99.01643203634919
334743,82.68917952641736
334794,99.01643203634919
334845,38.92949191960919
334896,99.01643203634919
334947,79.36703588984271
334998,99.01643203634919
335049,45.63341116580767
335100,99.01643203634919
335151,40.718230302022995
335202,99.01643203634919
335253,99.01643203634919
335304,13.989927597989206
335355,99.01643203634919
335406,99.01643203634919
335457,99.01643203634919
335508,84.57715498173083
335559,77.40872769834255
335610,99.01643203634919
335661,99.01643203634919
335712,81.07085433904072
335763,63.92777926878618
335814,27.679758321853647
335865,70.50822788462449
335916,57.37590256214177
335967,99.01643203634919
336018,85.42849093581899
336069,28.476934060172926
336120,83.40020137788304
336171,99.01643203634919
336222,62.897361013503364
336273,35.80237994675213
336324,99.01643203634919
336375,99.01643203634919
336426,66.93808778139012
336477,99.01643203634919
336528,82.99094833264623
336579,99.01643203634919
336630,99.01643203634919
336681,81.0263977312831
336732,99.01643203634919
336783,99.01643203634919
336834,50.14771757416938
336885,88.34733228125128
336936,99.01643203634919
336987,10.783418399015257
337038,46.225251825487696
337089,99.01643203634919
337140,65.62352494219896
337191,47.96812657215929
337242,83.15666965511792
337293,68.15254273683372
337344,99.01643203634919
337395,99.01643203634919
337446,99.01643203634919
337497,57.389936955427586
337548,99.01643203634919
337599,86.05182662870315
337650,90.36762990198791
337701,71.57404517382605
337752,51.56556298932882
337803,44.75157034004281
337854,77.35292621904634
337905,99.01643203634919
337956,37.29213437051335
338007,47.462364167068685
338058,99.01643203634919
338109,65.01065152042027
338160,42.50383149755351
338211,26.67199756456796
338262,99.01643203634919
338313,54.2081191068563
338364,66.24618312060926
338415,78.63178289014019
338466,99.01643203634919
338517,99.01643203634919
338568,99.01643203634919
338619,99.01643203634919
338670,46.79380337709035
338721,86.76434448089518
338772,99.01643203634919
338823,83.55519770875321
338874,95.80809215803397
338925,99.01643203634919
338976,99.01643203634919
339027,87.4587500482052
339078,99.01643203634919
339129,99.01643203634919
339180,24.63181195434572
339231,99.01643203634919
339282,99.01643203634919
339333,49.08873771244615
339384,34.1316476915112
339435,73.55003733865578
339486,94.26370799284291
339537,99.01643203634919
339588,41.531658240863585
339639,81.10630384998413
339690,75.00362411373526
339741,89.90464124726671
339792,79.8751284312742
339843,58.54276241141671
339894,99.01643203634919
339945,99.01643203634919
339996,99.01643203634919
340047,59.18647814178545
340098,99.01643203634919
340149,99.01643203634919
340200,45.704324722320635
340251,92.75175986206123
340302,45.13926148202518
340353,81.93310679828552
340404,35.86653127537767
340455,79.3936043580433
340506,55.73717427864546
340557,99.01643203634919
340608,65.51693661837872
340659,99.01643203634919
340710,15.886616973475915
340761,99.01643203634919
340812,7.214207095680132
340863,58.812871480958904
340914,59.33593759453206
340965,99.01643203634919
341016,44.877412381901664
341067,88.98499100410116
341118,99.01643203634919
341169,62.97212136117015
341220,79.72359817857046
341271,85.37151736739062
341322,73.63089168357186
341373,26.898295970740474
341424,99.01643203634919
341475,99.01643203634919
341526,76.0378784113623
341577,99.01643203634919
341628,77.028120956226
341679,54.47104438268762
341730,89.98095188850021
341781,33.56165670569765
341832,89.67546780192296
341883,99.01643203634919
341934,99.01643203634919
341985,91.59007229560862
342036,81.63520507025858
342087,63.48984627521433
342138,99.01643203634919
342189,99.01643203634919
342240,82.04488458838314
342291,99.01643203634919
342342,54.99740848863734
342393,83.80948965716378
342444,54.76796639194004
342495,81.3164905765157
342546,75.55657168688329
342597,67.75695144871149
342648,99.01643203634919
342699,99.01643203634919
342750,99.01643203634919
342801,76.09213174709173
342852,91.27756410910179
342903,43.83452462911911
342954,83.52419973196835
343005,41.23310701949356
343056,71.53019656362932
343107,99.01643203634919
343158,99.01643203634919
343209,84.91324685755556
343260,82.98955023272198
343311,79.45898101427672
343362,99.01643203634919
343413,58.86029941723206
343464,99.01643203634919
343515,85.14871116715771
343566,60.28938668794684
343617,94.26300217152034
343668,60.091283693156946
343719,87.59068584980801
343770,71.12778219295926
343821,88.06121143899145
343872,99.01643203634919
343923,99.01643203634919
343974,99.01643203634919
344025,99.01643203634919
344076,99.01643203634919
344127,99.01643203634919
344178,99.01643203634919
344229,43.698324626833255
344280,53.031723520990916
344331,86.07416639537189
344382,22.26729380716094
344433,73.8452905838082
344484,47.769389608984625
344535,69.27384975125287
344586,79.31428819566985
344637,99.01643203634919
344688,82.01205913047927
344739,45.38413890288385
344790,67.48008592898822
344841,99.01643203634919
344892,73.57504008613166
344943,68.48777590958841
344994,99.01643203634919
345045,77.05082521776473
345096,77.55036870438944
345147,99.01643203634919
345198,54.000840267153045
345249,84.91439435191852
345300,43.212193534155425
345351,99.01643203634919
345402,65.28496615963336
345453,89.30527278492677
345504,99.01643203634919
345555,85.97343354573341
345606,99.01643203634919
345657,99.01643203634919
345708,54.718493559905184
345759,99.01643203634919
345810,74.55639815406883
345861,35.04026098974844
345912,99.01643203634919
345963,99.01643203634919
346014,79.13748182466297
346065,99.01643203634919
346116,23.07844828741515
346167,99.01643203634919
346218,99.01643203634919
346269,40.518104535198624
346320,50.0176402202315
346371,99.01643203634919
346422,41.9179926234395
346473,99.01643203634919
346524,75.97627039393556
346575,99.01643203634919
346626,99.01643203634919
346677,90.78412002794079
346728,30.67148849022582
346779,63.15089500155877
346830,75.87043135648236
346881,72.09793382713555
346932,82.1118053054019
346983,99.01643203634919
347034,83.69292638961849
347085,67.56738095302126
347136,99.01643203634919
347187,99.01643203634919
347238,99.01643203634919
347289,99.01643203634919
347340,99.01643203634919
347391,99.01643203634919
347442,99.01643203634919
347493,99.01643203634919
347544,99.01643203634919
347595,27.423979184792525
347646,99.01643203634919
347697,66.54411812500226
347748,44.61081074664226
347799,77.7090528977025
347850,99.01643203634919
347901,53.66760095995341
347952,15.139744947490538
348003,87.65150491374695
348054,71.28851121127967
348105,99.01643203634919
348156,71.15228769430108
348207,79.05636215808826
348258,24.589088347749687
348309,99.01643203634919
348360,35.259424005531535
348411,72.43059779951636
348462,60.23115168658135
348513,67.98555145908458
348564,86.92601725120936
348615,94.59454390179968
348666,66.38722037968763
348717,75.82947061082001
348768,99.01643203634919
348819,52.570524580727024
348870,41.44143736804612
348921,50.89658794866956
348972,99.01643203634919
349023,94.34800646084548
349074,87.70460529362055
349125,35.365433349122426
349176,99.01643203634919
349227,46.98714000614385
349278,87.96051804547679
349329,81.01853891249192
349380,81.36707303463062
349431,91.46630251371401
349482,99.01643203634919
349533,14.87486167312409
349584,34.92343212252478
349635,99.01643203634919
349686,99.01643203634919
349737,33.91650948603299
349788,35.31210167125253
349839,48.97377583046725
349890,68.38771081895516
349941,99.01643203634919
349992,36.08453564973586
350043,99.01643203634919
350094,32.3984786633056
350145,99.01643203634919
350196,38.73465478796255
350247,71.16360407142116
350298,69.6836484979658
350349,99.01643203634919
350400,99.01643203634919
350451,99.01643203634919
350502,73.73202917994422
350553,99.01643203634919
350604,65.77985870022724
350655,99.01643203634919
350706,44.8749380280643
350757,45.079694091273616
350808,47.03271207614189
350859,99.01643203634919
350910,91.77727219354917
350961,99.01643203634919
351012,99.01643203634919
351063,99.01643203634919
351114,74.39470270341356
351165,80.69376193018219
351216,71.5397861319017
351267,36.69083316274599
351318,67.87565409572349
351369,73.01996271771984
351420,99.01643203634919
351471,99.01643203634919
351522,87.8283030474536
351573,99.01643203634919
351624,43.131682401911235
351675,99.01643203634919
351726,47.785342488032015
351777,68.78456265813294
351828,77.9960947218818
351879,67.01209838241893
351930,73.50909940725226
351981,53.78989577541265
352032,94.741992011478
352083,63.84013073568192
352134,99.01643203634919
352185,99.01643203634919
352236,99.01643203634919
352287,65.94108039863494
352338,74.53219506765775
352389,99.01643203634919
352440,81.89466983009851
352491,99.01643203634919
352542,62.852258367062525
352593,71.90717036914184
352644,99.01643203634919
352695,86.34388433530424
352746,53.52227167008541
352797,99.01643203634919
352848,99.01643203634919
352899,41.38124412559053
352950,99.01643203634919
353001,78.75815241939486
353052,49.79672437216216
353103,76.5086281261138
353154,88.84493263217168
353205,99.01643203634919
353256,83.21383585870954
353307,59.234559896769085
353358,59.102053045540856
353409,99.01643203634919
353460,83.0881164508668
353511,16.93211105261224
353562,99.01643203634919
353613,79.42876269555322
353664,99.01643203634919
353715,53.916032944234885
353766,75.20926049869374
353817,99.01643203634919
353868,75.9282030090434
353919,76.45473592589572
353970,15.91516455263344
354021,71.12813687520217
354072,42.11789626311527
354123,99.01643203634919
354174,99.01643203634919
354225,99.01643203634919
354276,99.01643203634919
354327,44.64054923304701
354378,99.01643203634919
354429,59.04986963818801
354480,99.01643203634919
354531,63.15036387219526
354582,75.55501887384395
354633,34.93608711608511
354684,99.01643203634919
354735,89.39752561084622
354786,64.70199352119528
354837,46.20754117798038
354888,23.735145339402447
354939,99.01643203634919
354990,42.66524684639129
355041,99.01643203634919
355092,69.14795105728751
355143,81.0808244076263
355194,99.01643203634919
355245,28.51497562427814
355296,81.15240091909531
355347,99.01643203634919
355398,70.04070843846631
355449,99.01643203634919
355500,75.8118722063859
355551,53.49882731868275
355602,83.47431431869208
355653,99.01643203634919
355704,99.01643203634919
355755,66.90877221132868
355806,26.967643572955662
355857,99.01643203634919
355908,99.01643203634919
355959,66.48794793468495
356010,99.01643203634919
356061,99.01643203634919
356112,99.01643203634919
356163,84.14643471939034
356214,61.19601631305949
356265,51.3547095543242
356316,86.99125102020396
356367,85.05786581700715
356418,90.97625494531017
356469,99.01643203634919
356520,99.01643203634919
356571,85.26398675566168
356622,99.01643203634919
356673,82.34735474489504
356724,99.01643203634919
356775,80.64204000260783
356826,70.68723647463426
356877,49.59093392739767
356928,81.41756463304779
356979,56.412065790224155
357030,79.00268384755897
357081,99.01643203634919
357132,80.15654218082713
357183,99.01643203634919
357234,93.82087024949188
357285,87.10093328342913
357336,91.96210300659727
357387,78.63914606994436
357438,99.01643203634919
357489,99.01643203634919
357540,99.01643203634919
357591,99.01643203634919
357642,99.01643203634919
357693,99.01643203634919
357744,99.01643203634919
357795,99.01643203634919
357846,99.01643203634919
357897,59.736902687742145
357948,99.01643203634919
357999,67.18412012282461
358050,99.01643203634919
358101,76.92883792126452
358152,91.72635886196069
358203,99.01643203634919
358254,99.01643203634919
358305,82.86626540535539
358356,99.01643203634919
358407,73.88793361136511
358458,99.01643203634919
358509,54.09174469619016
358560,99.01643203634919
358611,99.01643203634919
358662,99.01643203634919
358713,66.44545224537143
358764,80.2099937984299
358815,99.01643203634919
358866,70.66323831182682
358917,74.244855848783
358968,36.6836608169866
359019,24.077642579888824
359070,99.01643203634919
359121,82.89626771404248
359172,27.691318793310057
359223,99.01643203634919
359274,99.01643203634919
359325,70.7817753286414
359376,46.69253805256063
359427,64.26735698337113
359478,99.01643203634919
359529,99.01643203634919
359580,67.79402800596395
359631,76.49972840469917
359682,87.97795392890555
359733,50.819740485260745
359784,99.01643203634919
359835,99.01643203634919
359886,99.01643203634919
359937,52.26803245727424
359988,99.01643203634919
360039,99.01643203634919
360090,48.612895492660186
360141,33.860569160752725
360192,84.10312253709077
360243,81.92549763553141
360294,55.131394122947185
360345,99.01643203634919
360396,83.82008612222975
360447,38.3912211996816
360498,73.09505087532129
360549,88.01480816830995
360600,83.54018118555713
360651,99.01643203634919
360702,79.73556285077518
360753,99.01643203634919
360804,81.26249235673312
360855,99.01643203634919
360906,44.70390711916227
360957,49.41455103602
361008,14.576953005199822
361059,74.38756221314893
361110,99.01643203634919
361161,69.43279049466945
361212,77.54159800602912
361263,99.01643203634919
361314,85.32969575855043
361365,99.01643203634919
361416,99.01643203634919
361467,85.81657483311037
361518,92.05123331973738
361569,99.01643203634919
361620,65.81224124601574
361671,54.93313981196747
361722,76.71558395262635
361773,99.01643203634919
361824,92.86812045818569
361875,99.01643203634919
361926,86.96151070811868
361977,56.046690119560964
362028,99.01643203634919
362079,81.75069680799139
362130,79.04388523590033
362181,99.01643203634919
362232,13.349512377974582
362283,50.098990506446455
362334,99.01643203634919
362385,82.27882642727523
362436,73.95337945882223
362487,42.1593336033027
362538,99.01643203634919
362589,96.35147980289939
362640,86.95816464532285
362691,49.37718327598243
362742,86.16590654884416
362793,99.01643203634919
362844,84.07642673849817
362895,88.304704386491
362946,99.01643203634919
362997,99.01643203634919
363048,42.555049552992664
363099,80.79408329891092
363150,99.01643203634919
363201,99.01643203634919
363252,53.35849107606786
363303,61.681121142813
363354,99.01643203634919
363405,99.01643203634919
363456,84.60525519295749
363507,99.01643203634919
363558,99.01643203634919
363609,86.22587400604618
363660,63.94670317262738
363711,70.95343280897701
363762,42.84165868144075
363813,43.91350768738591
363864,57.78665745750905
363915,99.01643203634919
363966,76.97103957623567
364017,51.695776350263394
364068,25.015933541073043
364119,99.01643203634919
364170,74.75844129247595
364221,99.01643203634919
364272,99.01643203634919
364323,86.50902619607419
364374,32.60494447988058
364425,99.01643203634919
364476,99.01643203634919
364527,35.191155126211825
364578,80.11171534751699
364629,30.72300018823687
364680,69.17552317616399
364731,99.01643203634919
364782,56.812469289425664
364833,54.94555162494905
364884,42.119599362212625
364935,99.01643203634919
364986,90.32376030281193
365037,99.01643203634919
365088,42.37278819034665
365139,91.07081888580609
365190,87.65395636597101
365241,62.83674420546078
365292,99.01643203634919
365343,99.01643203634919
365394,99.01643203634919
365445,80.47384996235449
365496,75.21039482631743
365547,83.8510422879705
365598,99.01643203634919
365649,99.01643203634919
365700,94.46787383237645
365751,71.09211467865205
365802,99.01643203634919
365853,83.23489383504756
365904,80.86890648944956
365955,66.54335061269535
366006,99.01643203634919
366057,99.01643203634919
366108,99.01643203634919
366159,3.348007031703931
366210,99.01643203634919
366261,78.00924186677163
366312,99.01643203634919
366363,99.01643203634919
366414,70.9201863848984
366465,99.01643203634919
366516,99.01643203634919
366567,60.946216803583575
366618,99.01643203634919
366669,99.01643203634919
366720,99.01643203634919
366771,75.75254589371426
366822,78.71506032867163
366873,75.55184426081226
366924,28.18072407188617
366975,99.01643203634919
367026,99.01643203634919
367077,47.9122251080834
367128,99.01643203634919
367179,44.02212328142211
367230,65.71240279685581
367281,72.35632447666957
367332,63.90919066578558
367383,53.16931409287511
367434,67.52173153377389
367485,37.17256289564485
367536,81.1432740206707
367587,87.48181349144872
367638,87.28047350381209
367689,58.21005498782584
367740,99.01643203634919
367791,99.01643203634919
367842,69.87780196515071
367893,45.07377755653032
367944,93.71631889287147
367995,99.01643203634919
368046,76.2524511577246
368097,39.046567092152664
368148,99.01643203634919
368199,99.01643203634919
368250,62.191294697920625
368301,99.01643203634919
368352,65.62718542072793
368403,99.01643203634919
368454,99.01643203634919
368505,99.01643203634919
368556,55.99928860974267
368607,99.01643203634919
368658,86.96866058087738
368709,29.365453604886298
368760,99.01643203634919
368811,52.96989005238613
368862,52.170249994282315
368913,99.01643203634919
368964,70.07179109443818
369015,99.01643203634919
369066,77.42121041851101
369117,86.29169670661688
369168,35.76925111402377
369219,99.01643203634919
369270,99.01643203634919
369321,99.01643203634919
369372,99.01643203634919
369423,82.90095746498065
369474,46.74648351929871
369525,99.01643203634919
369576,80.3690091126785
369627,68.15817837613933
369678,82.15666642821289
369729,96.43075647153447
369780,99.01643203634919
369831,39.70189160812563
369882,99.01643203634919
369933,94.28141609277597
369984,95.97945798405608
370035,69.33155314534768
370086,68.24977889659723
370137,99.01643203634919
370188,99.01643203634919
370239,74.29512678519646
370290,77.44888804780751
370341,69.86754867967699
370392,93.28118238911168
370443,30.59465637855125
370494,99.01643203634919
370545,42.76225657516548
370596,99.01643203634919
370647,99.01643203634919
370698,99.01643203634919
370749,99.01643203634919
370800,41.91938266171164
370851,75.27006403222605
370902,94.11883461325047
370953,62.12893383826232
371004,99.01643203634919
371055,30.821362606132265
371106,99.01643203634919
371157,82.48163987285027
371208,99.01643203634919
371259,99.01643203634919
371310,62.1230472485924
371361,99.01643203634919
371412,85.3632478561085
371463,77.9545811843427
371514,13.048553119819465
371565,89.6896608201934
371616,99.01643203634919
371667,99.01643203634919
371718,15.766605865345758
371769,71.95386210192694
371820,70.09312523400216
371871,74.18119539971035
371922,80.5798928935222
371973,99.01643203634919
372024,99.01643203634919
372075,99.01643203634919
372126,66.77228779353237
372177,99.01643203634919
372228,71.89695769301906
372279,99.01643203634919
372330,99.01643203634919
372381,77.04997792565851
372432,99.01643203634919
372483,99.01643203634919
372534,99.01643203634919
372585,99.01643203634919
372636,87.27042864961815
372687,96.63621559111812
372738,88.98515603241717
372789,32.29050520928415
372840,84.53166009679676
372891,68.16183819897181
372942,99.01643203634919
372993,38.65959458709325
373044,99.01643203634919
373095,32.219355347700066
373146,68.42261857762622
373197,41.80699942501205
373248,75.65167060928385
373299,87.23131970852364
373350,49.697748968669494
373401,99.01643203634919
373452,99.01643203634919
373503,70.46853413675937
373554,99.01643203634919
373605,38.36751164274715
373656,47.60121186265698
373707,27.048730059504404
373758,70.4194232657015
373809,99.01643203634919
373860,87.60155945629673
373911,32.03671966295
373962,60.198940795752144
374013,96.38250130867895
374064,76.16734315239383
374115,67.65954636723684
374166,99.01643203634919
374217,78.54154607985765
374268,88.39346250412048
374319,36.23557101790634
374370,80.09859445132538
374421,26.186665834001005
374472,63.40187030908564
374523,87.24182990096998
374574,27.980113350032052
374625,45.36119477324072
374676,99.01643203634919
374727,99.01643203634919
374778,43.31757703122083
374829,76.69816407112867
374880,77.65273372351884
374931,52.71772378413911
374982,56.46886646162806
375033,99.01643203634919
375084,48.11093180956673
375135,67.55244037051301
375186,84.05173635587809
375237,90.7596936331436
375288,48.5913063438396
375339,74.35581893276897
375390,99.01643203634919
375441,41.11398332102279
375492,99.01643203634919
375543,99.01643203634919
375594,91.8661709148246
375645,92.74700866378741
375696,99.01643203634919
375747,54.90958890317756
375798,87.5823101660585
375849,99.01643203634919
375900,99.01643203634919
375951,40.04853765248404
376002,88.07271679402336
376053,99.01643203634919
376104,84.85317305126867
376155,73.17287765080954
376206,99.01643203634919
376257,83.70218723229411
376308,49.40110186760927
376359,53.419525720560195
376410,99.01643203634919
376461,75.38762435948662
376512,99.01643203634919
376563,41.598333819462326
376614,81.19387872596928
376665,84.17014434544778
376716,99.01643203634919
376767,61.983976940789404
376818,73.4648457066975
376869,99.01643203634919
376920,82.5693817181994
376971,99.01643203634919
377022,60.30742140604774
377073,99.01643203634919
377124,81.99786754863739
377175,77.15943685004797
377226,69.64977210029411
377277,90.40704157433856
377328,99.01643203634919
377379,89.57116195034041
377430,70.15865359939646
377481,99.01643203634919
377532,99.01643203634919
377583,95.1916167278983
377634,46.40508219150346
377685,85.85079722431776
377736,99.01643203634919
377787,28.973826072383794
377838,80.62464845579305
377889,92.494930779597
377940,90.25769146987176
377991,51.48704617118787
378042,70.85789846946972
378093,41.562458975850404
378144,99.01643203634919
378195,99.01643203634919
378246,99.01643203634919
378297,99.01643203634919
378348,92.37682899768396
378399,89.54974581963847
378450,99.01643203634919
378501,99.01643203634919
378552,99.01643203634919
378603,99.01643203634919
378654,54.877298462499446
378705,70.67816767454134
378756,55.95012437790977
378807,70.06566727297428
378858,15.51385983948356
378909,41.08269254577896
378960,84.23019179174378
379011,99.01643203634919
379062,99.01643203634919
379113,84.92768835386791
379164,99.01643203634919
379215,99.01643203634919
379266,99.01643203634919
379317,48.53329829725447
379368,99.01643203634919
379419,86.8002934929552
379470,80.6811456031548
379521,99.01643203634919
379572,99.01643203634919
379623,99.01643203634919
379674,82.47736290347106
379725,41.56741837006311
379776,99.01643203634919
379827,22.664763365636652
379878,99.01643203634919
379929,99.01643203634919
379980,89.11156430858867
380031,42.28689246215026
380082,58.73319874194001
380133,73.9745158769937
380184,99.01643203634919
380235,99.01643203634919
380286,99.01643203634919
380337,99.01643203634919
380388,99.01643203634919
380439,99.01643203634919
380490,99.01643203634919
380541,57.083298142383846
380592,42.43085414837169
380643,80.10084208291163
380694,65.59856180922915
380745,71.18757404668972
380796,57.75009068229334
380847,99.01643203634919
380898,73.50249266675414
380949,28.21590929589413
381000,47.7661446464553
381051,11.84246642917861
381102,99.01643203634919
381153,99.01643203634919
381204,75.97056561973541
381255,50.83050067130876
381306,61.968239326074986
381357,99.01643203634919
381408,43.80163882917555
381459,73.61144300096939
381510,48.11506031354026
381561,99.01643203634919
381612,62.209042269445796
381663,99.01643203634919
381714,84.49221820613906
381765,99.01643203634919
381816,47.20129767618821
381867,99.01643203634919
381918,86.71925063741685
381969,99.01643203634919
382020,52.69424119355181
382071,99.01643203634919
382122,99.01643203634919
382173,25.346134949354113
382224,82.18343538604735
382275,87.30832336071653
382326,99.01643203634919
382377,48.50232570097605
382428,99.01643203634919
382479,40.641983518419174
382530,54.26267927514893
382581,68.6114003730505
382632,99.01643203634919
382683,99.01643203634919
382734,99.01643203634919
382785,99.01643203634919
382836,63.678370164703594
382887,50.58070269956855
382938,99.01643203634919
382989,99.01643203634919
383040,31.60382295805196
383091,88.74140913322826
383142,50.659623935501266
383193,99.01643203634919
383244,17.34717261736929
383295,89.17858277437708
383346,65.54575723422907
383397,99.01643203634919
383448,99.01643203634919
383499,99.01643203634919
383550,83.90690470627032
383601,99.01643203634919
383652,99.01643203634919
383703,99.01643203634919
383754,59.15490337033206
383805,77.43148346793656
383856,99.01643203634919
383907,64.23181530732298
383958,68.78009714299513
384009,99.01643203634919
384060,49.19878171943551
384111,39.43404919138534
384162,99.01643203634919
384213,99.01643203634919
384264,99.01643203634919
384315,99.01643203634919
384366,35.59683755753687
384417,99.01643203634919
384468,69.25143725003743
384519,29.09478798800024
384570,78.88669409577383
384621,52.56378065188452
384672,1.2351293977449305
384723,15.244079372275959
384774,72.0148880542775
384825,32.45194514118223
384876,47.69563156241177
384927,74.50548622523075
384978,75.98426643690732
385029,70.6350464830791
385080,99.01643203634919
385131,43.72128516573662
385182,99.01643203634919
385233,88.03064291121076
385284,72.71455813038695
385335,47.50990387341248
385386,68.8226939186793
385437,31.039742285354194
385488,84.77866508178239
385539,77.32044521909269
385590,99.01643203634919
385641,99.01643203634919
385692,99.01643203634919
385743,99.01643203634919
385794,99.01643203634919
385845,99.01643203634919
385896,99.01643203634919
385947,99.01643203634919
385998,66.88110751494798
386049,67.59695838350899
386100,88.57262547458112
386151,89.94127183399081
386202,99.01643203634919
386253,47.73037098547588
386304,99.01643203634919
386355,99.01643203634919
386406,28.409703285408963
386457,99.01643203634919
386508,32.998509781206096
386559,99.01643203634919
386610,99.01643203634919
386661,27.4085710355122
386712,39.73935153732148
386763,99.01643203634919
386814,77.72394222382903
386865,99.01643203634919
386916,78.83884906197726
386967,13.631889231698851
387018,31.627032506169744
387069,20.371100974115386
387120,99.01643203634919
387171,99.01643203634919
387222,94.48243722680787
387273,54.86542010190494
387324,80.06923975625372
387375,12.844700890160805
387426,99.01643203634919
387477,99.01643203634919
387528,53.993077908245354
387579,88.99639873842519
387630,86.18429586827013
387681,99.01643203634919
387732,24.586865192337342
387783,81.6282889490511
387834,44.50461927353055
387885,92.04026022729238
387936,73.08576870114864
387987,86.12251726658205
388038,81.43411403485464
388089,26.756575548692073
388140,99.01643203634919
388191,99.01643203634919
388242,62.916102295787944
388293,70.45216436486062
388344,99.01643203634919
388395,81.05405485020623
388446,43.458589267859686
388497,65.84775827039854
388548,99.01643203634919
388599,35.157231845467855
388650,64.83133493534943
388701,99.01643203634919
388752,84.2718441285742
388803,58.95936160630925
388854,79.71498434886225
388905,99.01643203634919
388956,99.01643203634919
389007,26.55372253970947
389058,99.01643203634919
389109,86.59031854449839
389160,99.01643203634919
389211,99.01643203634919
389262,86.80655203144487
389313,82.40057767400886
389364,99.01643203634919
389415,81.32903818192328
389466,99.01643203634919
389517,58.351408944256924
389568,99.01643203634919
389619,23.43868101974932
389670,37.826094369080224
389721,49.76180697203912
389772,87.0109408420372
389823,99.01643203634919
389874,82.88201982426511
389925,19.78229881540597
389976,85.59952993247576
390027,99.01643203634919
390078,58.533550138365925
390129,59.52560294448023
390180,94.34645505429002
390231,74.24352873616473
390282,65.65032697505407
390333,99.01643203634919
390384,99.01643203634919
390435,38.80086478013207
390486,68.62826795159546
390537,48.93987351346786
390588,77.31098183526294
390639,86.54119760159426
390690,80.64710497978699
390741,55.781665953113546
390792,90.28240932269654
390843,48.12754901333332
390894,16.914449950925036
390945,74.31202467235939
390996,44.427280110956545
391047,87.82635244328777
391098,99.01643203634919
391149,93.14666061879565
391200,86.78740965426177
391251,50.11409406416009
391302,29.77655524838453
391353,99.01643203634919
391404,66.70395117389864
391455,42.16958712971
391506,79.05680533093827
391557,80.30016065652634
391608,86.41743262575206
391659,36.05142324325366
391710,46.20288165979359
391761,57.89658861557321
391812,90.97343812533666
391863,89.79840985790365
391914,25.40248810517142
391965,99.01643203634919
392016,79.24302502175426
392067,87.76691129904647
392118,38.77163313803159
392169,99.01643203634919
392220,63.5191575285917
392271,74.47272725311566
392322,82.46373406027607
392373,11.921687061142872
392424,54.086629927544486
392475,99.01643203634919
392526,69.72200562143995
392577,99.01643203634919
392628,91.5430907009523
392679,99.01643203634919
392730,19.80118047707676
392781,99.01643203634919
392832,99.01643203634919
392883,40.39351479180866
392934,86.94668399218499
392985,47.42631768972442
393036,99.01643203634919
393087,83.05748848087767
393138,43.46364060079982
393189,87.52610423807319
393240,99.01643203634919
393291,99.01643203634919
393342,99.01643203634919
393393,89.58335562678822
393444,99.01643203634919
393495,99.01643203634919
393546,99.01643203634919
393597,99.01643203634919
393648,99.01643203634919
393699,99.01643203634919
393750,33.95221147408032
393801,99.01643203634919
393852,99.01643203634919
393903,79.43338957295671
393954,99.01643203634919
394005,77.896192115829
394056,96.22067829127676
394107,99.01643203634919
394158,99.01643203634919
394209,99.01643203634919
394260,78.98864951541098
394311,67.24514386613262
394362,99.01643203634919
394413,91.94376327130256
394464,99.01643203634919
394515,99.01643203634919
394566,54.45757842426065
394617,94.75346299763362
394668,31.60468908138664
394719,85.0042919472162
394770,73.05947682511895
394821,78.41590265530074
394872,71.27034742505424
394923,64.97489731612909
394974,82.28423530217749
395025,57.254356018847716
395076,99.01643203634919
395127,67.77277270668922
395178,99.01643203634919
395229,99.01643203634919
395280,79.07099158323571
395331,99.01643203634919
395382,55.3566023575967
395433,67.11616084072175
395484,36.45017918492115
395535,92.33582674587745
395586,91.10405614591463
395637,99.01643203634919
395688,99.01643203634919
395739,86.31652638845581
395790,28.25567873285412
395841,99.01643203634919
395892,87.16237701987802
395943,38.6570006863652
395994,99.01643203634919
396045,70.50980151176168
396096,43.328379801907914
396147,99.01643203634919
396198,57.71442129228484
396249,94.22130553212432
396300,99.01643203634919
396351,87.33968709581106
396402,99.01643203634919
396453,99.01643203634919
396504,89.13051099732603
396555,46.382754008427106
396606,99.01643203634919
396657,45.970230682735945
396708,99.01643203634919
396759,87.63800528146525
396810,99.01643203634919
396861,51.154654642622084
396912,99.01643203634919
396963,66.16313093017389
397014,82.97270944166596
397065,20.573097960127736
397116,99.01643203634919
397167,99.01643203634919
397218,99.01643203634919
397269,99.01643203634919
397320,81.29131841931135
397371,76.81523108202427
397422,35.73650846031107
397473,99.01643203634919
397524,99.01643203634919
397575,92.48664837960027
397626,75.73945650457671
397677,93.06610986046682
397728,99.01643203634919
397779,47.550485315174974
397830,51.66937265667411
397881,72.18762117275874
397932,82.72423073479675
397983,99.01643203634919
398034,99.01643203634919
398085,32.09628403088227
398136,85.6044565265329
398187,44.04731373121385
398238,91.76089931092713
398289,78.86169337392366
398340,68.20808641743233
398391,66.23500907616025
398442,99.01643203634919
398493,99.01643203634919
398544,99.01643203634919
398595,99.01643203634919
398646,81.18147574390898
398697,75.78158607519738
398748,82.28603787153362
398799,99.01643203634919
398850,88.13153364406612
398901,99.01643203634919
398952,96.13261680019704
399003,81.68373094217512
399054,31.870559642255714
399105,39.37588304605837
399156,99.01643203634919
399207,59.071893028464935
399258,70.79416923937887
399309,25.219011446710095
399360,92.27767181136485
399411,99.01643203634919
399462,45.89522532271421
399513,92.0136080737404
399564,99.01643203634919
399615,99.01643203634919
399666,32.072862819944675
399717,99.01643203634919
399768,76.86380073903646
399819,51.13074751872053
399870,70.31064387726961
399921,50.90185922352004
399972,18.517147302660277
400023,31.177255894785656
400074,80.28276546212844
400125,99.01643203634919
400176,99.01643203634919
400227,77.25484449235516
400278,99.01643203634919
400329,62.96854799399081
400380,87.29589471181588
400431,76.99666910471791
400482,36.06568336847998
400533,82.14239238808443
400584,33.7326212931034
400635,90.10869887785725
400686,74.9257354604397
400737,77.17995568533249
400788,99.01643203634919
400839,99.01643203634919
400890,84.6851873063755
400941,34.65978488943553
400992,44.67601915945985
401043,66.67315828647494
401094,39.31995335565223
401145,88.25430510623588
401196,99.01643203634919
401247,35.844737619234465
401298,22.900848683323474
401349,46.52411028068965
401400,69.8430034334482
401451,62.00478817936097
401502,84.61956867199598
401553,47.19104803903658
401604,76.97034263776234
401655,89.43425568493075
401706,43.5463961447819
401757,99.01643203634919
401808,87.21914747278079
401859,99.01643203634919
401910,99.01643203634919
401961,84.68003458586034
402012,99.01643203634919
402063,82.23725254076372
402114,90.41444707964
402165,27.86485439841433
402216,70.69766984820619
402267,99.01643203634919
402318,99.01643203634919
402369,67.16527472234449
402420,99.01643203634919
402471,77.24552720410804
402522,99.01643203634919
402573,39.415306228208046
402624,66.99989689821658
402675,71.71910818585147
402726,22.798017555369764
402777,89.73674858936151
402828,71.06280365039775
402879,99.01643203634919
402930,99.01643203634919
402981,99.01643203634919
403032,99.01643203634919
403083,99.01643203634919
403134,99.01643203634919
403185,36.88810420495739
403236,89.48482672824808
403287,99.01643203634919
403338,99.01643203634919
403389,99.01643203634919
403440,74.73256739409504
403491,81.54960469947841
403542,38.20049266611733
403593,99.01643203634919
403644,99.01643203634919
403695,62.249170678710165
403746,99.01643203634919
403797,99.01643203634919
403848,42.71072807822161
403899,87.46319892050202
403950,30.051021894664064
404001,99.01643203634919
404052,76.60823468847198
404103,99.01643203634919
404154,78.35162434493326
404205,80.47363977684871
404256,88.64408348977109
404307,37.72257635520529
404358,99.01643203634919
404409,99.01643203634919
404460,30.78508489240302
404511,35.85859223625081
404562,71.28283615918676
404613,99.01643203634919
404664,92.40469262955583
404715,44.75275317848284
404766,99.01643203634919
404817,89.99007420819774
404868,99.01643203634919
404919,72.61289596008037
404970,87.51124429693388
405021,80.45850183604495
405072,99.01643203634919
405123,99.01643203634919
405174,99.01643203634919
405225,36.139462980588405
405276,90.75090322217923
405327,99.01643203634919
405378,99.01643203634919
405429,76.87452099115303
405480,83.42025943070486
405531,99.01643203634919
405582,99.01643203634919
405633,65.52574309391197
405684,36.06448775214033
405735,99.01643203634919
405786,51.64747834194487
405837,99.01643203634919
405888,34.28040426996529
405939,89.39403496072761
405990,90.9784344351974
406041,99.01643203634919
406092,32.24971414713512
406143,75.43904333413022
406194,99.01643203634919
406245,73.16788357460031
406296,85.60592655462592
406347,92.38391334808932
406398,33.141263199003106
406449,99.01643203634919
406500,46.32242876517413
406551,91.60807425132936
406602,99.01643203634919
406653,99.01643203634919
406704,99.01643203634919
406755,99.01643203634919
406806,99.01643203634919
406857,99.01643203634919
406908,86.37038426353985
406959,99.01643203634919
407010,83.54424406336811
407061,99.01643203634919
407112,83.52607741871071
407163,77.21959222079892
407214,43.84760274452207
407265,99.01643203634919
407316,99.01643203634919
407367,64.7416912931351
407418,55.095679640684594
407469,86.83957747570113
407520,59.571155675311175
407571,35.84840578565854
407622,99.01643203634919
407673,37.43101725386311
407724,33.49013849222189
407775,81.67462395004412
407826,43.44234293755222
407877,99.01643203634919
407928,99.01643203634919
407979,77.15689399489142
408030,79.80889418182757
408081,92.90268528684479
408132,99.01643203634919
408183,47.57050328555397
408234,84.58161735898402
408285,86.24936711792819
408336,99.01643203634919
408387,72.76204649327228
408438,99.01643203634919
408489,41.47274716725148
408540,94.33873619573592
408591,33.76213959368665
408642,78.03584884225587
408693,15.777116948798644
408744,85.05605802481102
408795,45.99793626747581
408846,39.35058677570744
408897,36.26561243272724
408948,99.01643203634919
408999,89.20039893630818
409050,99.01643203634919
409101,84.37209646038464
409152,99.01643203634919
409203,99.01643203634919
409254,53.297993929192884
409305,62.93304824013012
409356,88.77158163322889
409407,80.76851864420237
409458,32.16230926872918
409509,52.76263475233733
409560,99.01643203634919
409611,99.01643203634919
409662,81.10271505120525
409713,99.01643203634919
409764,86.18774127537057
409815,83.88517306823884
409866,99.01643203634919
409917,99.01643203634919
409968,88.01946670059091
410019,99.01643203634919
410070,53.10572865775765
410121,78.7573236099223
410172,70.17637126066225
410223,88.45476858159005
410274,34.68369663368527
410325,99.01643203634919
410376,61.996133417161914
410427,99.01643203634919
410478,99.01643203634919
410529,99.01643203634919
410580,66.60221417866268
410631,20.65380016412695
410682,78.45016919802252
410733,58.88316854914351
410784,56.278847800313365
410835,56.30501898869327
410886,69.34792852333517
410937,99.01643203634919
410988,42.11805007298211
411039,69.33726848489245
411090,99.01643203634919
411141,46.40931128517069
411192,99.01643203634919
411243,99.01643203634919
411294,99.01643203634919
411345,34.760633286166566
411396,50.72960704432186
411447,30.98395328099144
411498,99.01643203634919
411549,32.82849300050754
411600,99.01643203634919
411651,79.17782745933695
411702,54.79049022779442
411753,7.862837029133313
411804,53.66946887007891
411855,19.50019231658385
411906,99.01643203634919
411957,99.01643203634919
412008,86.57272987897169
412059,70.46138543903416
412110,92.96043616732271
412161,87.82418484910774
412212,99.01643203634919
412263,85.10874388419188
412314,87.13518876873871
412365,48.74335418302826
412416,99.01643203634919
412467,73.52476323173741
412518,72.42416413851434
412569,69.09152472120536
412620,99.01643203634919
412671,99.01643203634919
412722,99.01643203634919
412773,88.30656191049
412824,99.01643203634919
412875,99.01643203634919
412926,88.81766369865657
412977,50.4664606774635
413028,99.01643203634919
413079,69.11853660199525
413130,16.065639305410023
413181,55.21988460163859
413232,44.908481995608156
413283,99.01643203634919
413334,37.37478292725987
413385,71.17905194764778
413436,99.01643203634919
413487,40.85971262504125
413538,34.31509982606008
413589,75.5193902903456
413640,99.01643203634919
413691,99.01643203634919
413742,90.43658962508655
413793,99.01643203634919
413844,73.81866295774032
413895,31.168294198026885
413946,99.01643203634919
413997,99.01643203634919
414048,77.21382065625541
414099,74.68441263356793
414150,29.916610656506553
414201,78.48779437440074
414252,99.01643203634919
414303,92.22711045583783
414354,87.54393264430828
414405,79.87833386155138
414456,99.01643203634919
414507,99.01643203634919
414558,90.70127604049439
414609,99.01643203634919
414660,35.57340854873238
414711,99.01643203634919
414762,99.01643203634919
414813,99.01643203634919
414864,99.01643203634919
414915,89.41623721751878
414966,79.28028624647325
415017,72.98317790256989
415068,74.39424741815425
415119,90.4112747294168
415170,77.4673409763445
415221,99.01643203634919
415272,87.94324121849534
415323,44.596005437301365
415374,48.055567246706644
415425,71.63937366345417
415476,80.62353297246948
415527,88.34601266319794
415578,93.5004836575224
415629,39.85161792576634
415680,81.02352464249735
415731,94.12994574062793
415782,42.968107713717664
415833,99.01643203634919
415884,51.98070179607689
415935,99.01643203634919
415986,62.35408906780104
416037,68.07098092174812
416088,99.01643203634919
416139,42.84573435616081
416190,30.370669514791857
416241,99.01643203634919
416292,63.77623986291561
416343,99.01643203634919
416394,25.90301423253676
416445,57.48865607725298
416496,99.01643203634919
416547,55.69220454632938
416598,86.99915911392178
416649,86.12494213317672
416700,49.467402016481785
416751,83.37947380161648
416802,86.21683682267262
416853,64.08494647911044
416904,73.0424017930433
416955,31.557891675193112
417006,80.31422372929792
417057,23.427730019590417
417108,78.85562137721448
417159,24.607648811411266
417210,99.01643203634919
417261,66.56490379525304
417312,99.01643203634919
417363,48.68199187859456
417414,99.01643203634919
417465,99.01643203634919
417516,99.01643203634919
417567,80.47587022986478
417618,77.16773995305786
417669,95.31431043419903
417720,31.20702033324858
417771,35.748011021342585
417822,99.01643203634919
417873,90.49228691790773
417924,51.85536927074709
417975,64.26927777007792
418026,99.01643203634919
418077,26.55319589020516
418128,23.11241328242957
418179,99.01643203634919
418230,99.01643203634919
418281,82.49957469721934
418332,99.01643203634919
418383,63.0118531842117
418434,50.176935700323554
418485,99.01643203634919
418536,99.01643203634919
418587,32.88103442950323
418638,69.87926990480858
418689,99.01643203634919
418740,27.74303636025482
418791,24.449601858989773
418842,99.01643203634919
418893,75.94547748661796
418944,99.01643203634919
418995,27.913575328046914
419046,99.01643203634919
419097,72.46590726676318
419148,99.01643203634919
419199,99.01643203634919
419250,99.01643203634919
419301,99.01643203634919
419352,54.61139508039968
419403,59.65954382800211
419454,83.67138261008941
419505,85.09424547805659
419556,66.27796504943142
419607,28.94521873793798
419658,36.17717031019588
419709,30.858948975078636
419760,29.596320645075803
419811,55.266900983885655
419862,99.01643203634919
419913,99.01643203634919
419964,99.01643203634919
420015,71.57031810191846
420066,86.34353635357851
420117,99.01643203634919
420168,68.37002838372112
420219,99.01643203634919
420270,51.16786780212963
420321,99.01643203634919
420372,83.24859923088995
420423,78.97125174945208
420474,88.6580206973795
420525,86.56157708539072
420576,97.66598018270608
420627,30.438810069852426
420678,99.01643203634919
420729,99.01643203634919
420780,71.0072410983183
420831,73.84398273304558
420882,92.45034627974633
420933,95.14575365811721
420984,99.01643203634919
421035,99.01643203634919
421086,99.01643203634919
421137,38.88647641929368
421188,99.01643203634919
421239,40.926967112479964
421290,66.67617559729948
421341,86.74027944066127
421392,71.70840849282213
421443,66.3836270612494
421494,32.96460062248336
421545,99.01643203634919
421596,86.55456027337215
421647,86.2459934742047
421698,92.03612283749274
421749,85.44980746793134
421800,67.32418989004917
421851,37.020690779519065
421902,24.14127689807366
421953,70.43987496626617
422004,82.7348485805644
422055,99.01643203634919
422106,40.723806608480395
422157,40.535509800886416
422208,40.214187195495136
422259,90.32017961837158
422310,99.01643203634919
422361,99.01643203634919
422412,99.01643203634919
422463,99.01643203634919
422514,78.83721021716441
422565,50.82183854492667
422616,81.58752372389942
422667,99.01643203634919
422718,86.7338311449364
422769,56.467103337302596
422820,99.01643203634919
422871,99.01643203634919
422922,99.01643203634919
422973,53.32270333632181
423024,76.04496159441744
423075,51.59051012445705
423126,67.89330615248153
423177,41.63624177869906
423228,93.0937413341428
423279,74.78378727168997
423330,91.58939856652262
423381,69.02257235579134
423432,99.01643203634919
423483,76.60529324302738
423534,89.09731693863327
423585,88.24553779628513
423636,90.860860661649
423687,99.01643203634919
423738,48.975136585192914
423789,91.21330741297756
423840,87.79824844253724
423891,99.01643203634919
423942,54.391928911038384
423993,99.01643203634919
424044,99.01643203634919
424095,99.01643203634919
424146,71.5403453922693
424197,99.01643203634919
424248,89.47175762940861
424299,26.54550418814195
424350,69.40128437929565
424401,80.52746846101404
424452,23.803881660579542
424503,85.9739843186595
424554,69.75346146557453
424605,83.88804114746195
424656,99.01643203634919
424707,90.88503755353382
424758,54.12798637111119
424809,61.41794759024824
424860,49.524319227173834
424911,99.01643203634919
424962,51.22877200268681
425013,99.01643203634919
425064,66.97697913004478
425115,99.01643203634919
425166,80.89348764204752
425217,47.654453140533455
425268,42.34297221188645
425319,99.01643203634919
425370,23.758059682172714
425421,75.9346797256393
425472,41.353464711857136
425523,82.41375159380404
425574,99.01643203634919
425625,99.01643203634919
425676,83.20786629567323
425727,99.01643203634919
425778,99.01643203634919
425829,20.987676873019474
425880,15.240803557990477
425931,99.01643203634919
425982,78.11025490718866
426033,71.02435833732169
426084,83.14208445561412
426135,53.72139168350823
426186,99.01643203634919
426237,99.01643203634919
426288,99.01643203634919
426339,99.01643203634919
426390,99.01643203634919
426441,97.9907920007388
426492,46.601172975664724
426543,86.56239087303268
426594,99.01643203634919
426645,89.2359229636605
426696,79.70629596558763
426747,22.446429068882594
426798,87.72921922523113
426849,99.01643203634919
426900,99.01643203634919
426951,65.2284938319005
427002,76.1454050612431
427053,71.09022850549198
427104,85.26993444975344
427155,91.68460241835821
427206,99.01643203634919
427257,87.17868480321147
427308,99.01643203634919
427359,99.01643203634919
427410,74.24521423930196
427461,76.83611825408538
427512,99.01643203634919
427563,42.92373305955878
427614,99.01643203634919
427665,99.01643203634919
427716,38.84447153283165
427767,34.83697361810153
427818,38.59438399427142
427869,94.51502138158982
427920,23.284491891435763
427971,54.11222591621199
428022,39.607604485962625
428073,99.01643203634919
428124,99.01643203634919
428175,99.01643203634919
428226,81.317703591139
428277,43.446558258459454
428328,99.01643203634919
428379,24.558915361525177
428430,58.64968731313312
428481,78.96297101846734
428532,76.46556100564014
428583,50.69535301442528
428634,25.247139450543827
428685,99.01643203634919
428736,76.09171241735692
428787,64.93167564484226
428838,30.547250587141832
428889,89.63773658133749
428940,99.01643203634919
428991,99.01643203634919
429042,99.01643203634919
429093,86.3353936959853
429144,99.01643203634919
429195,99.01643203634919
429246,46.15473961825726
429297,50.37200460388719
429348,99.01643203634919
429399,74.1953653522462
429450,87.17113507320553
429501,48.14111851556448
429552,99.01643203634919
429603,99.01643203634919
429654,99.01643203634919
429705,27.182169780340065
429756,30.290476045155952
429807,64.55186535468553
429858,99.01643203634919
429909,90.76940561488432
429960,65.58679092308593
430011,99.01643203634919
430062,66.92473996352618
430113,30.65084726017892
430164,61.43954997831157
430215,99.01643203634919
430266,99.01643203634919
430317,74.44350611049455
430368,89.39993647352158
430419,90.47365589330971
430470,10.317845821707289
430521,74.65995940781504
430572,99.01643203634919
430623,99.01643203634919
430674,75.34861746514713
430725,99.01643203634919
430776,74.15695141077329
430827,81.50607878353466
430878,64.37804777046902
430929,43.424060352173235
430980,79.15141905051624
431031,91.74819748002844
431082,99.01643203634919
431133,66.35737318175995
431184,75.068081931463
431235,52.26535481676102
431286,86.01731211124489
431337,99.01643203634919
431388,99.01643203634919
431439,83.70933009810719
431490,74.99182827843522
431541,70.95021836272927
431592,80.7682690315291
431643,48.836447269804545
431694,99.01643203634919
431745,92.34155382859575
431796,56.89283205233193
431847,55.89257192227038
431898,99.01643203634919
431949,87.75832186496419
432000,99.01643203634919
432051,99.01643203634919
432102,99.01643203634919
432153,30.541510863946876
432204,99.01643203634919
432255,99.01643203634919
432306,80.35559575892854
432357,63.3128628026468
432408,70.92223115265949
432459,72.1414165881747
432510,99.01643203634919
432561,99.01643203634919
432612,72.42484889639344
432663,99.01643203634919
432714,64.27967702325125
432765,84.84383180617922
432816,33.770880710220474
432867,99.01643203634919
432918,61.330057365918165
432969,99.01643203634919
433020,65.40617256477013
433071,79.81865147642576
433122,63.7181263399611
433173,63.528883079525016
433224,99.01643203634919
433275,87.51922981347298
433326,39.697854718592026
433377,99.01643203634919
433428,99.01643203634919
433479,99.01643203634919
433530,32.232240338168054
433581,69.24600485176123
433632,94.7002143859043
433683,84.66249455275002
433734,75.62836141267239
433785,99.01643203634919
433836,68.34197338886908
433887,99.01643203634919
433938,11.236879841331616
433989,90.79552860598207
434040,41.943085225694965
434091,17.394061076378847
434142,87.98019772714402
434193,44.31077970132647
434244,88.05604846400628
434295,99.01643203634919
434346,26.839078739652823
434397,99.01643203634919
434448,99.01643203634919
434499,99.01643203634919
434550,58.18297779158626
434601,91.8733508425779
434652,46.75359077951839
434703,82.03578042957012
434754,99.01643203634919
434805,55.11622680089683
434856,58.350657322216726
434907,99.01643203634919
434958,43.15980274538584
435009,75.65895182093128
435060,99.01643203634919
435111,76.0989899260241
435162,60.15369119950293
435213,86.26745981244154
435264,62.57815535751673
435315,81.8220974160181
435366,99.01643203634919
435417,54.1514999146235
435468,3.905343102437057
435519,80.61472406369982
435570,99.01643203634919
435621,78.75963246827153
435672,88.31633653486558
435723,79.23233880797535
435774,76.55194151604402
435825,92.64078877972302
435876,99.01643203634919
435927,39.86149811324786
435978,77.68365944293886
436029,99.01643203634919
436080,99.01643203634919
436131,90.34204927214152
436182,56.258088475905694
436233,90.41838493303955
436284,25.134669509255783
436335,59.35130826421337
436386,38.364853271893146
436437,31.849244571394067
436488,58.56724640590564
436539,28.146751695358017
436590,90.57443347240785
436641,62.79698474728869
436692,78.50988123854133
436743,99.01643203634919
436794,32.093631993808
436845,99.01643203634919
436896,82.63313809282593
436947,45.78309663531886
436998,63.53671926309713
437049,65.05833132512423
437100,99.01643203634919
437151,99.01643203634919
437202,30.597967045361482
437253,72.59450417411274
437304,84.2171324784412
437355,99.01643203634919
437406,99.01643203634919
437457,83.6187109997148
437508,80.49982680110142
437559,77.42055827300636
437610,89.43391170813955
437661,99.01643203634919
437712,99.01643203634919
437763,38.25324857068094
437814,99.01643203634919
437865,31.651690782064204
437916,99.01643203634919
437967,99.01643203634919
438018,27.809329552361756
438069,99.01643203634919
438120,99.01643203634919
438171,73.40348046393186
438222,67.28088972121004
438273,22.60840084295872
438324,99.01643203634919
438375,99.01643203634919
438426,84.85898885843312
438477,99.01643203634919
438528,99.01643203634919
438579,75.48749691077339
438630,79.46190582736743
438681,80.82046737178663
438732,32.826283627420686
438783,43.73360828896212
438834,71.92313101281756
438885,58.95026019428649
438936,74.94452409548254
438987,42.03311046689144
439038,38.75295037611722
439089,99.01643203634919
439140,99.01643203634919
439191,81.76445604374099
439242,74.78520395166929
439293,48.85782921584862
439344,99.01643203634919
439395,71.97152967206848
439446,99.01643203634919
439497,86.73827685283881
439548,92.00798628992837
439599,99.01643203634919
439650,99.01643203634919
439701,14.549892855860337
439752,93.41524920256472
439803,20.49773531557147
439854,52.26390575416564
439905,32.03741519898593
439956,99.01643203634919
440007,14.306602352184251
440058,67.26543460468497
440109,96.4256107779913
440160,99.01643203634919
440211,99.01643203634919
440262,99.01643203634919
440313,81.63369057179929
440364,90.71282827719992
440415,99.01643203634919
440466,99.01643203634919
440517,70.53285720838899
440568,99.01643203634919
440619,99.01643203634919
440670,86.47089177136053
440721,64.5702077821698
440772,35.90309266220855
440823,75.98871742390241
440874,70.04075410683843
440925,99.01643203634919
440976,99.01643203634919
441027,91.61360034621386
441078,94.95888815566767
441129,99.01643203634919
441180,63.525834684829206
441231,31.01136856553316
441282,81.58541781958488
441333,73.84200796599102
441384,12.43168922063326
441435,67.93257474925468
441486,99.01643203634919
441537,99.01643203634919
441588,87.32884159847795
441639,43.015553342973554
441690,51.7311095498237
441741,67.79720613282656
441792,99.01643203634919
441843,23.19794947772335
441894,99.01643203634919
441945,92.82317782801579
441996,40.849648636866654
442047,71.79020459391796
442098,55.43338281042347
442149,99.01643203634919
442200,79.15849504108733
442251,99.01643203634919
442302,89.43367085515366
442353,39.42619279549583
442404,67.2350470019915
442455,99.01643203634919
442506,99.01643203634919
442557,99.01643203634919
442608,73.24835163328663
442659,80.09384274566258
442710,99.01643203634919
442761,29.43264720929574
442812,64.8218559743793
442863,80.28761091375681
442914,68.79823756296851
442965,71.16094261734243
443016,99.01643203634919
443067,99.01643203634919
443118,39.24871924385237
443169,99.01643203634919
443220,85.40025136435975
443271,76.16371678068478
443322,50.487508507448574
443373,31.266231832898374
443424,99.01643203634919
443475,84.27913728609387
443526,59.33433848912989
443577,73.44776184784939
443628,22.440876781680302
443679,53.260344686528846
443730,99.01643203634919
443781,90.31130565308668
443832,81.3241693400467
443883,76.03272188116213
443934,78.49353929069244
443985,99.01643203634919
444036,73.04220559105823
444087,99.01643203634919
444138,85.3804963317122
444189,73.31588840222584
444240,31.815569805381692
444291,88.10650777784222
444342,81.58519005810676
444393,73.30653130701357
444444,99.01643203634919
444495,99.01643203634919
444546,97.00684411430298
444597,99.01643203634919
444648,88.38775861994533
444699,99.01643203634919
444750,99.01643203634919
444801,64.70320201833557
444852,86.34738908266435
444903,66.54414634727596
444954,51.74379463463743
445005,58.725318795231054
445056,47.83075754261771
445107,27.44623125692154
445158,99.01643203634919
445209,99.01643203634919
445260,83.52921516666075
445311,41.1690087954985
445362,79.26449576204814
445413,99.01643203634919
445464,88.18711271573797
445515,99.01643203634919
445566,64.55940423293747
445617,37.92756818740259
445668,66.53501414649762
445719,99.01643203634919
445770,80.76710699568771
445821,99.01643203634919
445872,99.01643203634919
445923,99.01643203634919
445974,99.01643203634919
446025,74.16233454614188
446076,79.4605617870821
446127,90.30055875468773
446178,77.21713085969888
446229,99.01643203634919
446280,74.35052603508177
446331,99.01643203634919
446382,88.77211815659169
446433,99.01643203634919
446484,49.959752092245836
446535,99.01643203634919
446586,87.87796142333575
446637,99.01643203634919
446688,23.159385621139815
446739,34.679696754490585
446790,99.01643203634919
446841,71.94192515040902
446892,94.84715799607285
446943,99.01643203634919
446994,36.62513065668314
447045,22.697887111478266
447096,54.82571888532363
447147,99.01643203634919
447198,49.15104451105135
447249,99.01643203634919
447300,93.49108831694718
447351,48.730057343927136
447402,66.70788209042543
447453,62.31979693264367
447504,38.66677401587685
447555,58.61201296289079
447606,58.418764685312915
447657,62.747215357388846
447708,99.01643203634919
447759,99.01643203634919
447810,51.64750484928781
447861,99.01643203634919
447912,99.01643203634919
447963,89.41952238906208
448014,29.75736836493449
448065,99.01643203634919
448116,99.01643203634919
448167,99.01643203634919
448218,99.01643203634919
448269,71.57325941796519
448320,41.590897568421845
448371,82.0263940734493
448422,99.01643203634919
448473,99.01643203634919
448524,99.01643203634919
448575,99.01643203634919
448626,99.01643203634919
448677,79.5976410071708
448728,99.01643203634919
448779,69.58118266731164
448830,99.01643203634919
448881,99.01643203634919
448932,83.1633692776053
448983,77.66656236795185
449034,16.189918692444557
449085,61.632382937964564
449136,84.62441454956459
449187,99.01643203634919
449238,99.01643203634919
449289,57.88951499185581
449340,89.33934668959058
449391,75.63494317683168
449442,83.40952453733337
449493,16.888185661930542
449544,99.01643203634919
449595,99.01643203634919
449646,99.01643203634919
449697,62.61415862801663
449748,92.1134276147013
449799,99.01643203634919
449850,99.01643203634919
449901,73.49554719687636
449952,81.71430196358334
450003,99.01643203634919
450054,99.01643203634919
450105,38.423581191614666
450156,99.01643203634919
450207,99.01643203634919
450258,94.14593845165285
450309,22.55241749414219
450360,44.42686464302015
450411,75.05101555983711
450462,92.99426173113959
450513,99.01643203634919
450564,56.73681650748053
450615,10.34575120609513
450666,99.01643203634919
450717,29.120012164429408
450768,79.82789190227325
450819,99.01643203634919
450870,85.11105698440102
450921,75.17395653913994
450972,13.799327668750205
451023,99.01643203634919
451074,95.1158723063585
451125,99.01643203634919
451176,83.76059442518232
451227,74.17322435809639
451278,79.48801988348241
451329,87.03113374392086
451380,65.51900324794669
451431,72.59595691590029
451482,99.01643203634919
451533,81.4240332559797
451584,99.01643203634919
451635,95.45607922962704
451686,72.4395692068532
451737,82.62822429526582
451788,68.28533003812466
451839,99.01643203634919
451890,89.76215466724803
451941,99.01643203634919
451992,82.99250191054729
452043,40.86934621696434
452094,99.01643203634919
452145,99.01643203634919
452196,90.96941350677166
452247,99.01643203634919
452298,77.19275746516428
452349,90.78794683449686
452400,78.02544508776272
452451,99.01643203634919
452502,85.63666331944901
452553,83.27075974551838
452604,75.26780072558832
452655,99.01643203634919
452706,99.01643203634919
452757,51.76962913898509
452808,99.01643203634919
452859,80.79638768833301
452910,99.01643203634919
452961,77.02176103440648
453012,73.77110714364187
453063,99.01643203634919
453114,81.74644994665975
453165,62.50531034303276
453216,99.01643203634919
453267,99.01643203634919
453318,45.13882861097133
453369,84.21940147435657
453420,64.42641686633156
453471,91.67090781823576
453522,83.7010740902531
453573,99.01643203634919
453624,73.97339385571233
453675,99.01643203634919
453726,99.01643203634919
453777,99.01643203634919
453828,47.60969623707098
453879,73.9035953788624
453930,99.01643203634919
453981,99.01643203634919
454032,99.01643203634919
454083,64.11600732893027
454134,64.8324735782419
454185,39.02952928339122
454236,43.73902772585713
454287,99.01643203634919
454338,99.01643203634919
454389,71.04115445539199
454440,99.01643203634919
454491,99.01643203634919
454542,84.11716162060142
454593,87.9361628831305
454644,77.04232457522913
454695,90.26531599808182
454746,77.91817114037335
454797,27.38738466247379
454848,73.71227442737116
454899,38.055558631311094
454950,7.7470252135053785
455001,37.821756858735235
455052,61.682666742776156
455103,70.89920348103217
455154,84.76663136122109
455205,99.01643203634919
455256,43.74552177074959
455307,87.77455405634254
455358,74.80549260648573
455409,61.36361572058611
455460,84.55770887387423
455511,72.26388395924161
455562,79.7489019557773
455613,99.01643203634919
455664,91.74779634027973
455715,75.67259504972776
455766,72.29629798125433
455817,43.01014678979034
455868,99.01643203634919
455919,68.78590900309581
455970,26.041237818378345
456021,70.39131043314309
456072,53.845774217249364
456123,52.33634975224868
456174,69.22624623027875
456225,25.72752908152135
456276,34.43313801393414
456327,34.40418119923946
456378,99.01643203634919
456429,76.45254946231343
456480,99.01643203634919
456531,70.93311475606305
456582,84.45778675137346
456633,99.01643203634919
456684,81.27079827296086
456735,89.85374855821343
456786,99.01643203634919
456837,93.22825065412464
456888,51.01277240279906
456939,88.06282013929226
456990,46.013810988894974
457041,99.01643203634919
457092,99.01643203634919
457143,55.971964322911916
457194,25.952011675010716
457245,30.6135280231677
457296,38.23583498807543
457347,87.28077726136894
457398,72.89777912191799
457449,77.10334665931416
457500,76.04281957179833
457551,27.53341154537796
457602,92.34064217716283
457653,17.89010644570001
457704,92.00369658047504
457755,99.01643203634919
457806,79.7153102358402
457857,99.01643203634919
457908,87.87453086494963
457959,91.40009492814738
458010,99.01643203634919
458061,15.681513960278219
458112,99.01643203634919
458163,27.11642525968404
458214,92.04684442193927
458265,72.5648116603516
458316,70.82857863068723
458367,54.80164808695602
458418,91.57376457643069
458469,99.01643203634919
458520,99.01643203634919
458571,76.13118677309427
458622,55.2380969935511
458673,99.01643203634919
458724,88.04801001025858
458775,99.01643203634919
458826,99.01643203634919
458877,99.01643203634919
458928,82.27982388615827
458979,79.09324017146247
459030,99.01643203634919
459081,99.01643203634919
459132,51.40982540153523
459183,63.49494848574598
459234,42.55864290259701
459285,20.36501162335399
459336,80.4248296698093
459387,99.01643203634919
459438,69.13187632441308
459489,72.8211056692208
459540,77.04761427350692
459591,99.01643203634919
459642,99.01643203634919
459693,99.01643203634919
459744,99.01643203634919
459795,99.01643203634919
459846,99.01643203634919
459897,20.380452586552764
459948,83.95537923169618
459999,99.01643203634919
460050,66.05954859609089
460101,99.01643203634919
460152,99.01643203634919
460203,84.15740076055047
460254,99.01643203634919
460305,99.01643203634919
460356,84.27948261566117
460407,91.7738722694035
460458,72.59550638490369
460509,99.01643203634919
460560,83.06434173630632
460611,78.16825973527409
460662,99.01643203634919
460713,99.01643203634919
460764,80.50227311169283
460815,99.01643203634919
460866,69.81840178994018
460917,99.01643203634919
460968,87.0399778851458
461019,99.01643203634919
461070,99.01643203634919
461121,99.01643203634919
461172,20.008903398830295
461223,99.01643203634919
461274,99.01643203634919
461325,34.40500934750666
461376,90.09917874191822
461427,24.814929638602685
461478,99.01643203634919
461529,86.68804085770743
461580,86.56771085933008
461631,99.01643203634919
461682,99.01643203634919
461733,83.5412292647991
461784,99.01643203634919
461835,69.68620378522552
461886,99.01643203634919
461937,68.01839250561598
461988,99.01643203634919
462039,99.01643203634919
462090,88.42983400691618
462141,43.52560176834053
462192,77.70211136914531
462243,99.01643203634919
462294,99.01643203634919
462345,99.01643203634919
462396,77.01223642605353
462447,29.844555478166846
462498,31.877229260728495
462549,35.4949857705636
462600,74.01103010069913
462651,83.87083377843565
462702,65.16888620537293
462753,99.01643203634919
462804,81.2031642538132
462855,72.15770773958656
462906,90.38091223567986
462957,86.65089727517638
463008,99.01643203634919
463059,83.22831880022692
463110,99.01643203634919
463161,76.455422768309
463212,99.01643203634919
463263,96.03623377119636
463314,47.643110027115256
463365,99.01643203634919
463416,19.71682435263085
463467,99.01643203634919
463518,99.01643203634919
463569,84.8149807442954
463620,71.28296826045039
463671,99.01643203634919
463722,94.67253278238253
463773,99.01643203634919
463824,79.18420156075679
463875,99.01643203634919
463926,84.05141432799162
463977,84.35605764140801
464028,61.79146309613555
464079,99.01643203634919
464130,88.69698424384232
464181,88.83486657919802
464232,99.01643203634919
464283,86.05875668716686
464334,99.01643203634919
464385,99.01643203634919
464436,99.01643203634919
464487,99.01643203634919
464538,80.45057117440955
464589,29.591899278761908
464640,99.01643203634919
464691,48.2686429307696
464742,69.29649975397915
464793,84.27770713591553
464844,83.3611887503776
464895,99.01643203634919
464946,84.75689665159152
464997,99.01643203634919
465048,99.01643203634919
465099,95.45900493824686
465150,99.01643203634919
465201,74.84977253870127
465252,78.16597497878331
465303,99.01643203634919
465354,34.68814862869062
465405,39.392508168837566
465456,47.542597407094185
465507,25.797894663154825
465558,88.72461434211529
465609,31.53946525007693
465660,99.01643203634919
465711,99.01643203634919
465762,70.8303005134959
465813,99.01643203634919
465864,74.21346116949316
465915,81.5033363602277
465966,92.7141401009922
466017,99.01643203634919
466068,68.73143287328983
466119,99.01643203634919
466170,99.01643203634919
466221,83.12420039408352
466272,46.041924622430884
466323,65.24689914089629
466374,99.01643203634919
466425,99.01643203634919
466476,26.732607596805824
466527,72.92819498826165
466578,99.01643203634919
466629,20.099635999319055
466680,38.725046921485934
466731,99.01643203634919
466782,99.01643203634919
466833,78.13272939932175
466884,99.01643203634919
466935,74.33540376909117
466986,82.64691071612125
467037,99.01643203634919
467088,99.01643203634919
467139,60.882341116704296
467190,99.01643203634919
467241,26.20887602428718
467292,99.01643203634919
467343,87.23825820599414
467394,99.01643203634919
467445,99.01643203634919
467496,78.79421623290894
467547,99.01643203634919
467598,69.24267589485181
467649,78.4667139240469
467700,45.50722768906611
467751,80.29447073324248
467802,99.01643203634919
467853,99.01643203634919
467904,99.01643203634919
467955,82.73724910432416
468006,76.2109153888578
468057,99.01643203634919
468108,99.01643203634919
468159,99.01643203634919
468210,76.92750637530207
468261,66.57842510537515
468312,85.01230513909205
468363,99.01643203634919
468414,77.21456916114894
468465,60.875016928144454
468516,58.356204708982794
468567,90.1455934300976
468618,65.18580998349428
468669,84.4805408864627
468720,99.01643203634919
468771,99.01643203634919
468822,74.68296221230487
468873,49.50677043549308
468924,43.690335058422356
468975,57.782161119112175
469026,70.20281640697388
469077,68.82633892771459
469128,78.52492581033768
469179,86.16402844161642
469230,48.175460121163624
469281,99.01643203634919
469332,99.01643203634919
469383,99.01643203634919
469434,74.04613746265275
469485,66.57960440844
469536,99.01643203634919
469587,99.01643203634919
469638,89.15173644064726
469689,99.01643203634919
469740,60.325846393558784
469791,79.3482420642489
469842,99.01643203634919
469893,58.82053895887862
469944,99.01643203634919
469995,99.01643203634919
470046,80.7737602230869
470097,26.395838746493464
470148,78.08590703267707
470199,79.32033722993441
470250,87.45093827362307
470301,99.01643203634919
470352,39.35415796591
470403,99.01643203634919
470454,78.47411488604199
470505,70.23777801671704
470556,99.01643203634919
470607,74.97393316826577
470658,80.47249999289002
470709,82.03195290537454
470760,74.25997947347348
470811,90.57360333422125
470862,79.599136676883
470913,83.74915501163164
470964,99.01643203634919
471015,99.01643203634919
471066,62.21287850326368
471117,38.20232641236163
471168,27.03330392240208
471219,99.01643203634919
471270,54.25738403693816
471321,41.17324825385561
471372,99.01643203634919
471423,99.01643203634919
471474,99.01643203634919
471525,38.64122116018934
471576,87.09868830785769
471627,99.01643203634919
471678,99.01643203634919
471729,82.06615986521344
471780,99.01643203634919
471831,29.599897557935233
471882,86.6776334235417
471933,80.37323796449567
471984,65.15757972911229
472035,78.05989574096813
472086,63.22712115370146
472137,37.45296870623757
472188,65.31012611139641
472239,99.01643203634919
472290,99.01643203634919
472341,99.01643203634919
472392,53.061305429009245
472443,90.65040352075496
472494,99.01643203634919
472545,24.449649807067992
472596,99.01643203634919
472647,99.01643203634919
472698,93.23164870143358
472749,48.04694587612966
472800,99.01643203634919
472851,99.01643203634919
472902,63.70719592699884
472953,99.01643203634919
473004,85.70890575519734
473055,60.26574755111776
473106,99.01643203634919
473157,89.46894569072877
473208,87.82550435416724
473259,96.83704998957982
473310,37.15458262699286
473361,99.01643203634919
473412,64.04059337381277
473463,62.132606311912944
473514,99.01643203634919
473565,69.86742319013169
473616,75.57128761007601
473667,83.1620489752324
473718,64.24940257450848
473769,99.01643203634919
473820,99.01643203634919
473871,99.01643203634919
473922,94.33786259605871
473973,99.01643203634919
474024,53.91953868782216
474075,41.33125746205421
474126,66.97070611500051
474177,84.19286983941136
474228,73.15252609661516
474279,99.01643203634919
474330,35.008926676349944
474381,92.53527692450538
474432,67.14312103111558
474483,90.59769176551028
474534,91.40578582141735
474585,99.01643203634919
474636,99.01643203634919
474687,99.01643203634919
474738,99.01643203634919
474789,65.19156370941234
474840,40.408571878880096
474891,87.25503883646375
474942,99.01643203634919
474993,39.40779440088966
475044,99.01643203634919
475095,86.1249967219133
475146,32.193339409094094
475197,60.314302095008536
475248,99.01643203634919
475299,23.964339678958826
475350,25.33361301292552
475401,99.01643203634919
475452,99.01643203634919
475503,21.15810209890078
475554,41.62125890774489
475605,99.01643203634919
475656,99.01643203634919
475707,73.6857535914192
475758,99.01643203634919
475809,97.21799588525404
475860,99.01643203634919
475911,99.01643203634919
475962,99.01643203634919
476013,59.70859942419481
476064,15.72180179411705
476115,87.9993964709545
476166,73.68660070225017
476217,89.10401600836559
476268,82.13256316053095
476319,99.01643203634919
476370,73.39006839169072
476421,99.01643203634919
476472,99.01643203634919
476523,73.07611481810042
476574,99.01643203634919
476625,86.78464254675806
476676,99.01643203634919
476727,99.01643203634919
476778,44.837697049180306
476829,55.41249461702546
476880,77.31018855938942
476931,99.01643203634919
476982,26.635778968467445
477033,79.40100128597086
477084,99.01643203634919
477135,84.32313830658576
477186,70.24542538312387
477237,8.422661981334054
477288,99.01643203634919
477339,99.01643203634919
477390,99.01643203634919
477441,84.93711753923878
477492,99.01643203634919
477543,53.21423847459735
477594,99.01643203634919
477645,42.12777999348096
477696,82.63534877963306
477747,99.01643203634919
477798,24.605013175476845
477849,73.81871261733232
477900,94.12906590547948
477951,99.01643203634919
478002,72.2512322216381
478053,99.01643203634919
478104,99.01643203634919
478155,69.60575066587782
478206,99.01643203634919
478257,70.27685905741718
478308,99.01643203634919
478359,51.26664761109829
478410,14.859385360916747
478461,99.01643203634919
478512,91.23640999311493
478563,86.22117588487326
478614,80.9007684771171
478665,75.21004621820457
478716,89.2783364381136
478767,91.39953437311762
478818,82.97133824440323
478869,62.47336408340535
478920,69.34596450014344
478971,70.56139950627104
479022,99.01643203634919
479073,90.7428069579994
479124,83.8926400496246
479175,22.046309002704774
479226,21.590453281476165
479277,99.01643203634919
479328,71.06391902625028
479379,99.01643203634919
479430,66.85399836178244
479481,86.66515052186497
479532,99.01643203634919
479583,54.822690398543756
479634,59.30724685615488
479685,68.05046167020662
479736,88.61138633002444
479787,99.01643203634919
479838,99.01643203634919
479889,99.01643203634919
479940,76.40229428096033
479991,99.01643203634919
480042,86.72892874596062
480093,87.12354041211326
480144,36.353545679231146
480195,67.02346357050142
480246,99.01643203634919
480297,74.2115271164846
480348,44.68664470123293
480399,87.41232431578723
480450,87.37744308885318
480501,82.70063166599827
480552,35.655245721698435
480603,38.337414925473155
480654,28.584431081236392
480705,67.26076670062167
480756,99.01643203634919
480807,67.89177795083543
480858,28.936720576146524
480909,99.01643203634919
480960,91.64326474905234
481011,29.748305727221812
481062,99.01643203634919
481113,99.01643203634919
481164,99.01643203634919
481215,99.01643203634919
481266,99.01643203634919
481317,16.671437174294322
481368,99.01643203634919
481419,84.18317818587224
481470,89.50143735266694
481521,64.83346775866572
481572,99.01643203634919
481623,90.75969872025905
481674,66.65292703502989
481725,45.1465309970381
481776,99.01643203634919
481827,99.01643203634919
481878,85.87759092349671
481929,99.01643203634919
481980,88.73200586698168
482031,99.01643203634919
482082,40.9542190952288
482133,88.5693339832477
482184,99.01643203634919
482235,86.56476870498265
482286,50.818183740075966
482337,99.01643203634919
482388,41.7889155940192
482439,51.01365589017952
482490,71.59977077659858
482541,34.95248536243269
482592,38.78963520367186
482643,67.6300622955112
482694,84.96733603475758
482745,99.01643203634919
482796,38.66343339526671
482847,99.01643203634919
482898,82.44868006435631
482949,99.01643203634919
483000,84.83873641926552
483051,45.15972903091407
483102,66.01385537739999
483153,99.01643203634919
483204,49.975728331725016
483255,99.01643203634919
483306,71.16179687923733
483357,76.05886192064811
483408,24.79555550017787
483459,99.01643203634919
483510,70.90152326722594
483561,38.01893028170377
483612,35.979370349613
483663,64.93745706549225
483714,99.01643203634919
483765,37.11732952104958
483816,99.01643203634919
483867,85.9239655451233
483918,75.25824171246846
483969,99.01643203634919
484020,82.88797755366073
484071,99.01643203634919
484122,99.01643203634919
484173,99.01643203634919
484224,99.01643203634919
484275,97.13945895338178
484326,28.43983596754971
484377,65.33559529626892
484428,34.6679865033445
484479,99.01643203634919
484530,42.79688711292812
484581,83.72058901670202
484632,99.01643203634919
484683,91.09103129047078
484734,72.99601777848581
484785,99.01643203634919
484836,61.93069090525522
484887,91.81116446407128
484938,54.69092122602325
484989,32.98606345113572
485040,99.01643203634919
485091,83.535948545363
485142,99.01643203634919
485193,99.01643203634919
485244,99.01643203634919
485295,61.87430442369276
485346,63.1602180241811
485397,81.34354270663346
485448,69.66653296610971
485499,81.68682930294344
485550,90.59447166013966
485601,99.01643203634919
485652,99.01643203634919
485703,99.01643203634919
485754,52.34620283768498
485805,27.935870686855896
485856,39.66236995066761
485907,99.01643203634919
485958,54.84095621651106
486009,78.87672368131126
486060,83.7469721557967
486111,99.01643203634919
486162,31.136697582069587
486213,99.01643203634919
486264,87.0628564066381
486315,83.2689532570791
486366,99.01643203634919
486417,48.04575376672198
486468,87.41980932150157
486519,99.01643203634919
486570,99.01643203634919
486621,90.92473579047277
486672,94.79502432949013
486723,81.18205677402243
486774,57.78365772088116
486825,99.01643203634919
486876,63.53786630995241
486927,35.285298455295404
486978,77.57824163336355
487029,99.01643203634919
487080,99.01643203634919
487131,99.01643203634919
487182,99.01643203634919
487233,99.01643203634919
487284,99.01643203634919
487335,54.64222421420062
487386,99.01643203634919
487437,87.8824353504544
487488,99.01643203634919
487539,73.75464544695713
487590,99.01643203634919
487641,54.088558403435464
487692,85.02709674570335
487743,99.01643203634919
487794,68.49283495495722
487845,70.4581956738432
487896,99.01643203634919
487947,63.08019683881386
487998,63.82800685239863
488049,44.695693816179215
488100,88.17145344204519
488151,63.99022586337686
488202,43.71851819366483
488253,40.0771908398871
488304,99.01643203634919
488355,52.790573659148464
488406,63.52858148250742
488457,85.3424242982987
488508,38.50861493943974
488559,69.07215719673448
488610,57.29749128974446
488661,53.936363552720834
488712,99.01643203634919
488763,81.72097134664457
488814,20.5601361181069
488865,99.01643203634919
488916,50.32417763474328
488967,99.01643203634919
489018,99.01643203634919
489069,39.17735657401303
489120,99.01643203634919
489171,93.34764151748116
489222,99.01643203634919
489273,78.02866425873242
489324,99.01643203634919
489375,68.58278111467541
489426,99.01643203634919
489477,99.01643203634919
489528,99.01643203634919
489579,70.52837499962592
489630,99.01643203634919
489681,99.01643203634919
489732,87.9970118621554
489783,60.858726362326564
489834,30.244278569872847
489885,99.01643203634919
489936,41.56737206726311
489987,46.44386795701944
490038,44.410856216690384
490089,74.34919665071864
490140,55.69738215185976
490191,99.01643203634919
490242,68.5507712243293
490293,73.25490648459072
490344,99.01643203634919
490395,84.81315034519865
490446,78.27676497626442
490497,37.08149704436428
490548,25.53102953231721
490599,99.01643203634919
490650,68.43440624742206
490701,77.1627702767346
490752,42.090147103118106
490803,30.89911620561738
490854,84.43238282114937
490905,61.761773111838316
490956,67.92598405734627
491007,33.788976347899
491058,37.25154001171461
491109,80.95938981897824
491160,76.18073019285089
491211,88.86945935287423
491262,67.35391410338319
491313,81.51652617450482
491364,99.01643203634919
491415,99.01643203634919
491466,70.52280966583677
491517,73.54758877561983
491568,20.79301664552306
491619,93.50669932255349
491670,75.82621197889416
491721,10.64635610621303
491772,99.01643203634919
491823,89.38688885656455
491874,66.60612644474564
491925,99.01643203634919
491976,19.202040403236285
492027,99.01643203634919
492078,35.55075873609299
492129,85.54793352768321
492180,99.01643203634919
492231,88.03329491113374
492282,99.01643203634919
492333,35.69792470294988
492384,54.268917603498494
492435,57.08382833949374
492486,85.28232579690538
492537,55.367717793961475
492588,99.01643203634919
492639,84.1578737872413
492690,68.135720523527
492741,99.01643203634919
492792,99.01643203634919
492843,70.56254360672632
492894,89.23444570371663
492945,75.22380060150637
492996,99.01643203634919
493047,65.71398401427949
493098,62.72666836826972
493149,99.01643203634919
493200,89.77064557413252
493251,99.01643203634919
493302,99.01643203634919
493353,91.01459816634119
493404,99.01643203634919
493455,99.01643203634919
493506,81.07036140874791
493557,51.2014720959368
493608,78.40080652552429
493659,74.70540137555646
493710,36.80950549304845
493761,99.01643203634919
493812,99.01643203634919
493863,99.01643203634919
493914,91.99243043207117
493965,85.61009951173679
494016,39.962867933476424
494067,94.26524494571945
494118,85.68178156709058
494169,83.5621891088458
494220,99.01643203634919
494271,99.01643203634919
494322,99.01643203634919
494373,59.03900034459997
494424,99.01643203634919
494475,95.66040485516629
494526,89.9776546930572
494577,91.69426455092119
494628,83.07408760258123
494679,99.01643203634919
494730,87.94486980499465
494781,99.01643203634919
494832,84.64757605585908
494883,88.35486845200843
494934,77.35496087394192
494985,61.8485020602827
495036,56.58428333763969
495087,34.25118329334669
495138,76.18148408107587
495189,99.01643203634919
495240,99.01643203634919
495291,48.10213126287207
495342,49.44070835145021
495393,73.63764469743053
495444,40.2062983945652
495495,92.94904496013208
495546,68.61751979898992
495597,99.01643203634919
495648,99.01643203634919
495699,99.01643203634919
495750,83.0581700338254
495801,39.69559110698824
495852,99.01643203634919
495903,65.18179247776384
495954,66.95454870425996
496005,99.01643203634919
496056,50.73987957232922
496107,64.77851342012755
496158,49.34776991926654
496209,49.56315110332337
496260,99.01643203634919
496311,49.06641774041686
496362,86.80825004408254
496413,70.06163842514002
496464,86.85151495296738
496515,88.04067824652293
496566,74.41717441944793
496617,84.34846804600583
496668,99.01643203634919
496719,31.151470708170002
496770,65.9873606832066
496821,66.63456180967613
496872,99.01643203634919
496923,85.4832009966712
496974,34.207623971943555
497025,99.01643203634919
497076,32.43396601596504
497127,93.2745813143641
497178,38.91931552436165
497229,91.93938950757577
497280,34.228010305453715
497331,99.01643203634919
497382,74.39249426358148
497433,99.01643203634919
497484,99.01643203634919
497535,99.01643203634919
497586,99.01643203634919
497637,99.01643203634919
497688,77.42343138177517
497739,79.84252864458996
497790,85.64654432720283
497841,62.80676014133249
497892,48.61006827222524
497943,30.9957438699328
497994,35.226763907563445
498045,99.01643203634919
498096,99.01643203634919
498147,87.38689864237202
498198,99.01643203634919
498249,20.753160065810437
498300,90.00601735054954
498351,81.21409437870084
498402,99.01643203634919
498453,81.25464193939084
498504,63.84091849615935
498555,99.01643203634919
498606,76.5201491207686
498657,99.01643203634919
498708,83.73320122571009
498759,57.09689012740134
498810,88.78284995499737
498861,99.01643203634919
498912,92.63086486548904
498963,99.01643203634919
499014,99.01643203634919
499065,99.01643203634919
499116,46.63765872534441
499167,99.01643203634919
499218,99.01643203634919
499269,99.01643203634919
499320,74.83016543835258
499371,99.01643203634919
499422,86.94748054760339
499473,34.44934827595666
499524,99.01643203634919
499575,99.01643203634919
499626,74.90746699227219
499677,46.45633438972149
499728,99.01643203634919
499779,37.98044283808493
499830,99.01643203634919
499881,41.00939497443753
499932,99.01643203634919
499983,99.01643203634919
500034,99.01643203634919
500085,99.01643203634919
500136,38.61321743212576
500187,84.34656977877695
500238,39.75647726130816
500289,89.9178109483553
500340,99.01643203634919
500391,95.6184117090296
500442,42.737294828633495
500493,54.67836615475375
500544,83.48028344052878
500595,97.67412671975335
500646,53.792008849028086
500697,90.50815363747381
500748,93.23671482092182
500799,47.21733310204214
500850,99.01643203634919
500901,84.6810211253588
500952,99.01643203634919
501003,99.01643203634919
501054,53.46374804496906
501105,99.01643203634919
501156,93.60299372580296
501207,99.01643203634919
501258,48.006061122858746
501309,99.01643203634919
501360,65.3353838870046
501411,86.63683078701217
501462,89.07407748733345
501513,68.54437491228717
501564,71.78272203615697
501615,80.06037454385626
501666,99.01643203634919
501717,87.60825627831422
501768,66.95693079622933
501819,73.86042900334776
501870,99.01643203634919
501921,99.01643203634919
501972,87.27189490895978
502023,99.01643203634919
502074,72.79989580108605
502125,33.1436457061867
502176,99.01643203634919
502227,68.78658737138862
502278,57.25103990121097
502329,99.01643203634919
502380,75.82192589621435
502431,41.12586431368363
502482,43.97800501378466
502533,83.0580614251323
502584,99.01643203634919
502635,99.01643203634919
502686,99.01643203634919
502737,76.24518550144566
502788,99.01643203634919
502839,56.20576291065976
502890,51.52603148935477
502941,99.01643203634919
502992,91.99071965528736
503043,46.26267743462791
503094,65.23743258604479
503145,99.01643203634919
503196,79.37178525695222
503247,61.54036479883276
503298,99.01643203634919
503349,99.01643203634919
503400,99.01643203634919
503451,99.01643203634919
503502,70.49050323966547
503553,42.7973011771905
503604,99.01643203634919
503655,99.01643203634919
503706,26.17441711752713
503757,45.0467685319752
503808,24.3621088598552
503859,64.36070980153886
503910,91.60421988811852
503961,53.17995210079771
504012,90.2241714651735
504063,99.01643203634919
504114,99.01643203634919
504165,99.01643203634919
504216,94.3185115770696
504267,31.39544903511338
504318,99.01643203634919
504369,99.01643203634919
504420,46.35488447472237
504471,53.50178233297462
504522,99.01643203634919
504573,99.01643203634919
504624,90.2006577137413
504675,99.01643203634919
504726,99.01643203634919
504777,99.01643203634919
504828,39.7051445479191
504879,75.93796938914905
504930,88.64781082769485
504981,73.05434773558994
505032,99.01643203634919
505083,99.01643203634919
505134,99.01643203634919
505185,99.01643203634919
505236,64.44261504774704
505287,50.553798219935516
505338,77.6961943298844
505389,84.1328603102808
505440,88.14304274005694
505491,89.2681399432869
505542,99.01643203634919
505593,65.96858450218457
505644,10.362466830272693
505695,40.34857056836097
505746,93.23521744036101
505797,88.4017511958125
505848,88.09156553419693
505899,38.19280654758255
505950,99.01643203634919
506001,89.87532124235706
506052,23.15890044137463
506103,78.69417331458916
506154,68.28192217449839
506205,62.779564715256164
506256,62.971286801948764
506307,38.526617105807574
506358,34.4259575160559
506409,87.49597991462757
506460,69.67102893846257
506511,89.233906113989
506562,50.295501530292064
506613,54.41613611690245
506664,83.12798630321409
506715,99.01643203634919
506766,85.2332915823877
506817,84.37305536847255
506868,65.36647696785997
506919,99.01643203634919
506970,86.28667816529101
507021,27.8066245584882
507072,99.01643203634919
507123,71.92400260058457
507174,57.911445882774196
507225,94.96175275310603
507276,79.20138504214766
507327,99.01643203634919
507378,99.01643203634919
507429,84.8726785182517
507480,72.31807575811945
507531,94.06436616856996
507582,99.01643203634919
507633,99.01643203634919
507684,78.4274743330303
507735,86.99796236717512
507786,63.1162392013928
507837,99.01643203634919
507888,70.9920783794963
507939,99.01643203634919
507990,99.01643203634919
508041,68.36502432197116
508092,48.75783487043088
508143,34.82347482276745
508194,65.74414891367579
508245,80.44141369592651
508296,42.007264425534636
508347,94.79349004526486
508398,99.01643203634919
508449,35.89495165754142
508500,77.3899733583511
508551,44.68883821303024
508602,62.98574341769609
508653,99.01643203634919
508704,88.69006354061945
508755,53.33233891864412
508806,80.7015038533638
508857,99.01643203634919
508908,78.12000616417517
508959,80.1043847730574
509010,51.343133694255684
509061,63.53601356244967
509112,80.27238662072307
509163,99.01643203634919
509214,88.66664077505922
509265,37.803450889707
509316,57.79464371259844
509367,73.32208828428585
509418,99.01643203634919
509469,99.01643203634919
509520,42.11584739724541
509571,91.19629263121443
509622,61.88086017172098
509673,99.01643203634919
509724,99.01643203634919
509775,99.01643203634919
509826,99.01643203634919
509877,99.01643203634919
509928,19.84621480415951
509979,82.08937659679785
